,EV_Profile_pu,HP_Profile_pu
2024-01-01 00:00:00,0.22131752646549618,0.3536099610111958
2024-01-01 01:00:00,0.11490102544790594,0.2328960248017723
2024-01-01 02:00:00,0.0868148702612382,0.30158429211159415
2024-01-01 03:00:00,0.05249986609500648,0.32718147230253347
2024-01-01 04:00:00,0.12301249973283201,0.3216601513442967
2024-01-01 05:00:00,0.0,0.2219597599732095
2024-01-01 06:00:00,0.0017569308716026506,0.6687743254178443
2024-01-01 07:00:00,0.0,0.9322390095695496
2024-01-01 08:00:00,0.0,0.5777879362929718
2024-01-01 09:00:00,0.060114812603992096,0.2650544927219704
2024-01-01 10:00:00,0.0,0.22163371654873815
2024-01-01 11:00:00,0.0158954182739899,0.33805172385533805
2024-01-01 12:00:00,0.0,0.20415983260758486
2024-01-01 13:00:00,0.02966801389386614,0.3007616188866461
2024-01-01 14:00:00,0.04595460582249484,0.3733107571610398
2024-01-01 15:00:00,0.0,0.2055963576093971
2024-01-01 16:00:00,0.0,0.3476456111548418
2024-01-01 17:00:00,0.15017850530572815,0.5839954532383484
2024-01-01 18:00:00,0.48124661231901966,0.7722300109830417
2024-01-01 19:00:00,0.8949006096966229,0.8944507461256506
2024-01-01 20:00:00,1.0,0.7055426365870364
2024-01-01 21:00:00,0.8265768919326378,0.24336164230414326
2024-01-01 22:00:00,0.4736884912839492,0.2648956028822943
2024-01-01 23:00:00,0.0,0.2502508137394941
2024-01-02 00:00:00,0.21110274604198323,0.24383954209719105
2024-01-02 01:00:00,0.12822064758031387,0.378697367986181
2024-01-02 02:00:00,0.020345721393873195,0.277820460081324
2024-01-02 03:00:00,0.08409370927494397,0.22620798943257692
2024-01-02 04:00:00,0.0,0.27457919394689595
2024-01-02 05:00:00,0.010377699437949153,0.2674161522744919
2024-01-02 06:00:00,0.013699209613434774,0.7095535777750968
2024-01-02 07:00:00,0.0,0.9543833647268916
2024-01-02 08:00:00,0.028544189806076425,0.6633166310320179
2024-01-02 09:00:00,0.05352538066723677,0.2429551754868665
2024-01-02 10:00:00,0.08047960352825217,0.33170569317633775
2024-01-02 11:00:00,0.0,0.3837717406943331
2024-01-02 12:00:00,0.07084221033110612,0.2769398015062712
2024-01-02 13:00:00,0.0,0.34640572177342754
2024-01-02 14:00:00,0.0,0.252807458861041
2024-01-02 15:00:00,0.05757507177498688,0.21289064772568783
2024-01-02 16:00:00,0.0,0.2728460918957195
2024-01-02 17:00:00,0.2490670853626501,0.6039159013554193
2024-01-02 18:00:00,0.5920320234175228,0.8368924670165131
2024-01-02 19:00:00,0.9189540976887722,0.891328440755818
2024-01-02 20:00:00,1.0,0.6581186813159213
2024-01-02 21:00:00,0.7285466261764654,0.32551770086703613
2024-01-02 22:00:00,0.33799632820686876,0.28119718678793515
2024-01-02 23:00:00,0.0,0.3209889882040595
2024-01-03 00:00:00,0.1436879501279774,0.2805921804371172
2024-01-03 01:00:00,0.07871716165174544,0.2822992473045524
2024-01-03 02:00:00,0.10371828286428691,0.41141789864948375
2024-01-03 03:00:00,0.12439894909120013,0.2784785911282687
2024-01-03 04:00:00,0.1332551489109817,0.393962665324364
2024-01-03 05:00:00,0.0,0.37091867071395174
2024-01-03 06:00:00,0.05229879690381998,0.6830764206377853
2024-01-03 07:00:00,0.0,0.9427721760163199
2024-01-03 08:00:00,0.0,0.626168502692491
2024-01-03 09:00:00,0.16483290460895456,0.27474497499750866
2024-01-03 10:00:00,0.029944478946822558,0.25915712186778717
2024-01-03 11:00:00,0.06827637555831094,0.30199730102772987
2024-01-03 12:00:00,0.020807679199630634,0.325690100409261
2024-01-03 13:00:00,0.07822842578326998,0.26871863823500264
2024-01-03 14:00:00,0.0,0.23658448662230386
2024-01-03 15:00:00,4.526008186999696e-05,0.2311580480759523
2024-01-03 16:00:00,0.0,0.2929932575967979
2024-01-03 17:00:00,0.15753257863796974,0.5129170346052503
2024-01-03 18:00:00,0.527679093484557,0.7373019674759126
2024-01-03 19:00:00,0.9652334875190798,0.9091004576115307
2024-01-03 20:00:00,0.9999119722374544,0.6840810140103799
2024-01-03 21:00:00,0.8171840270654503,0.323570796384449
2024-01-03 22:00:00,0.35721561054702455,0.24263670213384242
2024-01-03 23:00:00,0.0,0.27027796461974524
2024-01-04 00:00:00,0.1905296163886314,0.277599978385314
2024-01-04 01:00:00,0.05550347866292032,0.34944787338023087
2024-01-04 02:00:00,0.0,0.3120435286533065
2024-01-04 03:00:00,0.05067286584148223,0.26253155029240843
2024-01-04 04:00:00,0.09125005498276573,0.2994559824982064
2024-01-04 05:00:00,0.0,0.22924491144160447
2024-01-04 06:00:00,0.0,0.6876111189797702
2024-01-04 07:00:00,0.04081630673121189,0.9353306829825334
2024-01-04 08:00:00,0.04687274773125181,0.5864789796530723
2024-01-04 09:00:00,0.028886077852731853,0.30126433836894406
2024-01-04 10:00:00,0.0,0.37320924561355595
2024-01-04 11:00:00,0.018417700167249956,0.2567295029071661
2024-01-04 12:00:00,0.0,0.2740755529436334
2024-01-04 13:00:00,0.005092739813437202,0.3042192894322966
2024-01-04 14:00:00,0.0,0.3500952794378858
2024-01-04 15:00:00,0.0,0.2971423703650597
2024-01-04 16:00:00,0.0,0.31437553567154747
2024-01-04 17:00:00,0.2757198929990936,0.615991676178788
2024-01-04 18:00:00,0.5640598778518688,0.813513465011086
2024-01-04 19:00:00,0.8939552717653887,0.8545953521153156
2024-01-04 20:00:00,1.0,0.6968672895823936
2024-01-04 21:00:00,0.7837596711587143,0.2861540541697266
2024-01-04 22:00:00,0.46727874881993914,0.27824420503486413
2024-01-04 23:00:00,0.0,0.24600917464719269
2024-01-05 00:00:00,0.17434057712925743,0.288638668417975
2024-01-05 01:00:00,0.13233495960316355,0.30603467253868855
2024-01-05 02:00:00,0.1830850772525398,0.3056030927618492
2024-01-05 03:00:00,0.05742806269228625,0.294716844430175
2024-01-05 04:00:00,0.022125150957120393,0.2726654079824345
2024-01-05 05:00:00,0.08721778622243437,0.2960189609616914
2024-01-05 06:00:00,0.005861506228039742,0.5901903456911575
2024-01-05 07:00:00,0.07725351246243008,0.8784989597775035
2024-01-05 08:00:00,0.04835448109856391,0.5661618883981857
2024-01-05 09:00:00,0.060607594150086486,0.37683123653034156
2024-01-05 10:00:00,0.0,0.33169550425266814
2024-01-05 11:00:00,0.0,0.3041322938154348
2024-01-05 12:00:00,0.0,0.37926299419877696
2024-01-05 13:00:00,0.0,0.3348681609613949
2024-01-05 14:00:00,0.00034100327120824454,0.3755137667445335
2024-01-05 15:00:00,0.0,0.31909861357772024
2024-01-05 16:00:00,0.0,0.31975875362796413
2024-01-05 17:00:00,0.1670003052625344,0.540513581315781
2024-01-05 18:00:00,0.6021208532883151,0.8136495775944216
2024-01-05 19:00:00,0.8987352537004039,0.9440871561963132
2024-01-05 20:00:00,0.9594570856328546,0.6884441094835099
2024-01-05 21:00:00,0.8142248942155302,0.2602534994966556
2024-01-05 22:00:00,0.3761630597679054,0.337411038786249
2024-01-05 23:00:00,0.0,0.23430157633367593
2024-01-06 00:00:00,0.1630281395110667,0.34340754025289677
2024-01-06 01:00:00,0.15157761861372213,0.2611475463204905
2024-01-06 02:00:00,0.1862996689550864,0.2600095843749134
2024-01-06 03:00:00,0.10173967246745451,0.3229223318169813
2024-01-06 04:00:00,0.017171086233992154,0.3273066829984528
2024-01-06 05:00:00,0.008999553264785395,0.25979044237304594
2024-01-06 06:00:00,0.002896488633949757,0.6595554828103297
2024-01-06 07:00:00,0.024330209738513017,0.8821469868912204
2024-01-06 08:00:00,0.011604295890548502,0.6851419032413925
2024-01-06 09:00:00,0.0696726072784163,0.3143933745770527
2024-01-06 10:00:00,0.0,0.21909689252224102
2024-01-06 11:00:00,0.0,0.3948565710039249
2024-01-06 12:00:00,0.009804266353374412,0.2885416063715969
2024-01-06 13:00:00,0.08650934477681349,0.27979466234878164
2024-01-06 14:00:00,0.12198943104309071,0.3361664204652602
2024-01-06 15:00:00,0.0,0.32937376683600383
2024-01-06 16:00:00,0.0,0.3716272437486764
2024-01-06 17:00:00,0.1234113150741864,0.5356749385565938
2024-01-06 18:00:00,0.6143147819597192,0.8070981034867337
2024-01-06 19:00:00,0.8059519566619896,0.9112756703155338
2024-01-06 20:00:00,0.9597321085336551,0.6716936264394955
2024-01-06 21:00:00,0.7634382554005759,0.2822145574484413
2024-01-06 22:00:00,0.36101706680602974,0.3021911605527477
2024-01-06 23:00:00,0.020966624720213007,0.2666724237329517
2024-01-07 00:00:00,0.28284905537637894,0.3825055133945571
2024-01-07 01:00:00,0.09749337970552499,0.3765170353042234
2024-01-07 02:00:00,0.046205634454755576,0.2825583671495409
2024-01-07 03:00:00,0.0077978257147674965,0.2765186122646676
2024-01-07 04:00:00,0.0512774426000951,0.17233712353102465
2024-01-07 05:00:00,0.09592199654214885,0.24803526880745588
2024-01-07 06:00:00,0.0,0.5961856002215731
2024-01-07 07:00:00,0.021339154078855928,0.8979988253826745
2024-01-07 08:00:00,0.0,0.6058535529196017
2024-01-07 09:00:00,0.0044964606465880096,0.2707964686506851
2024-01-07 10:00:00,0.0,0.30783018291057274
2024-01-07 11:00:00,0.008335796000064856,0.3841323549236523
2024-01-07 12:00:00,0.04539144087625615,0.21978813999619312
2024-01-07 13:00:00,0.020748915725367884,0.32751070510520636
2024-01-07 14:00:00,0.12769025845858378,0.2579124220225375
2024-01-07 15:00:00,0.009971710550225879,0.2735365748509959
2024-01-07 16:00:00,0.017864847777659065,0.32353931122493595
2024-01-07 17:00:00,0.22327831614246435,0.6346079239355805
2024-01-07 18:00:00,0.5612930126921944,0.7291158781227077
2024-01-07 19:00:00,0.9424281226685145,0.9119698886314833
2024-01-07 20:00:00,0.9717107412752021,0.6716062079653015
2024-01-07 21:00:00,0.9045997966130399,0.16557744856751944
2024-01-07 22:00:00,0.3820804510959705,0.34306271606209465
2024-01-07 23:00:00,0.03910713738816298,0.3437309743805343
2024-01-08 00:00:00,0.22088317626589946,0.22108043541818242
2024-01-08 01:00:00,0.03415398988770674,0.29047551163280244
2024-01-08 02:00:00,0.11020175722230031,0.22288078361505648
2024-01-08 03:00:00,0.03715227750824354,0.26754522498737343
2024-01-08 04:00:00,0.0,0.310825127376588
2024-01-08 05:00:00,0.017713622353616322,0.31227489115391827
2024-01-08 06:00:00,0.0,0.7573037813816729
2024-01-08 07:00:00,0.09991779517923648,0.8623711461708345
2024-01-08 08:00:00,0.0,0.5691749879121604
2024-01-08 09:00:00,0.0,0.34808047922408303
2024-01-08 10:00:00,0.0,0.2680874688346401
2024-01-08 11:00:00,0.0,0.32542676064780607
2024-01-08 12:00:00,0.03061597019764874,0.3534828326179382
2024-01-08 13:00:00,0.0,0.27786800248651916
2024-01-08 14:00:00,0.0,0.33405783986170307
2024-01-08 15:00:00,0.0,0.2704042754786242
2024-01-08 16:00:00,0.1256468510233185,0.27331058322782403
2024-01-08 17:00:00,0.30598547180688246,0.5466569448480363
2024-01-08 18:00:00,0.575796941633716,0.7888319099497918
2024-01-08 19:00:00,0.9277322485733565,0.8725578843484305
2024-01-08 20:00:00,0.995868517884375,0.6536177879940362
2024-01-08 21:00:00,0.889675188792625,0.28790931143666315
2024-01-08 22:00:00,0.38650432963735337,0.2272437096803156
2024-01-08 23:00:00,0.0,0.3140204480743579
2024-01-09 00:00:00,0.29660114774498136,0.22420926971505883
2024-01-09 01:00:00,0.099277630676876,0.23264737259107082
2024-01-09 02:00:00,0.09074682164094588,0.2931872882285616
2024-01-09 03:00:00,0.040183259190722374,0.29043201386087864
2024-01-09 04:00:00,0.11627458129707086,0.3682828138640797
2024-01-09 05:00:00,0.0,0.2917216664172577
2024-01-09 06:00:00,0.0,0.655096854711329
2024-01-09 07:00:00,0.0,1.0
2024-01-09 08:00:00,0.0,0.5652364376918166
2024-01-09 09:00:00,0.0,0.2792525392165874
2024-01-09 10:00:00,0.0,0.28177072027424893
2024-01-09 11:00:00,0.008140649506954575,0.33246115676903704
2024-01-09 12:00:00,0.0,0.3452422431849427
2024-01-09 13:00:00,0.0399225348665084,0.26027400614847196
2024-01-09 14:00:00,0.08310328480786744,0.21198810525215203
2024-01-09 15:00:00,0.009533170875792035,0.30483135541557066
2024-01-09 16:00:00,0.017749257012421655,0.31435773957129526
2024-01-09 17:00:00,0.11949057692469515,0.609696238528356
2024-01-09 18:00:00,0.5544705670862321,0.8501082787863217
2024-01-09 19:00:00,0.8489160203629864,0.8475053730850173
2024-01-09 20:00:00,1.0,0.7358776329683151
2024-01-09 21:00:00,0.8036818582883039,0.2441788022726584
2024-01-09 22:00:00,0.4107395452822733,0.32282461331775686
2024-01-09 23:00:00,0.01578205730136576,0.3100200514893616
2024-01-10 00:00:00,0.23318013272842564,0.21856250071497707
2024-01-10 01:00:00,0.078610699187094,0.29125790530203277
2024-01-10 02:00:00,0.1774193185792806,0.29107473133996936
2024-01-10 03:00:00,0.04572949791996065,0.23362946543149787
2024-01-10 04:00:00,0.0,0.3522780332754578
2024-01-10 05:00:00,0.061169957666428514,0.26545252361217286
2024-01-10 06:00:00,0.00939872724273614,0.7374737097266774
2024-01-10 07:00:00,0.0,0.9983152711240106
2024-01-10 08:00:00,0.013073072264113259,0.5820638035530975
2024-01-10 09:00:00,0.0,0.31563028232737045
2024-01-10 10:00:00,0.0,0.26670382653351715
2024-01-10 11:00:00,0.05746051566024951,0.32804346817305335
2024-01-10 12:00:00,0.012675144657836075,0.283339249270699
2024-01-10 13:00:00,0.0,0.21323698982375167
2024-01-10 14:00:00,0.0,0.285296912080089
2024-01-10 15:00:00,0.023169877874704366,0.3148052296194446
2024-01-10 16:00:00,0.03688472361173606,0.28423076449625106
2024-01-10 17:00:00,0.25241413983243516,0.596000235588928
2024-01-10 18:00:00,0.6835670175245773,0.7447499072646057
2024-01-10 19:00:00,0.8808426837321259,0.8919996829617679
2024-01-10 20:00:00,0.9810774381783827,0.610855729913897
2024-01-10 21:00:00,0.7256055349259012,0.27583390089919674
2024-01-10 22:00:00,0.30800291161390886,0.24743052459027332
2024-01-10 23:00:00,0.0012646384278095044,0.37118243086943536
2024-01-11 00:00:00,0.20796408097638752,0.3865662675664374
2024-01-11 01:00:00,0.12200612130759511,0.23862198440581703
2024-01-11 02:00:00,0.08643048902884573,0.29546385109520495
2024-01-11 03:00:00,0.1068905387803434,0.3767918392428256
2024-01-11 04:00:00,0.10121901837035954,0.3381466434716811
2024-01-11 05:00:00,0.0,0.340449597242064
2024-01-11 06:00:00,0.0,0.7066908405395096
2024-01-11 07:00:00,0.01703015922574737,0.8937298410028593
2024-01-11 08:00:00,0.0,0.5881136193322458
2024-01-11 09:00:00,0.0,0.44203201302275397
2024-01-11 10:00:00,0.0,0.2923688525881664
2024-01-11 11:00:00,0.03423804399570503,0.3295242031740848
2024-01-11 12:00:00,0.08967327056529835,0.3552202211752544
2024-01-11 13:00:00,0.07414461572048063,0.24419304379873058
2024-01-11 14:00:00,0.09451172150752693,0.30545997611427445
2024-01-11 15:00:00,0.0,0.3071996342223001
2024-01-11 16:00:00,0.11593474549777633,0.27113994291444565
2024-01-11 17:00:00,0.1847616624093256,0.6459449409695162
2024-01-11 18:00:00,0.6959793728313524,0.8244878483092583
2024-01-11 19:00:00,0.9901573358896238,0.8783832855714896
2024-01-11 20:00:00,1.0,0.7725790442549849
2024-01-11 21:00:00,0.8577201289108687,0.39980311692733106
2024-01-11 22:00:00,0.36109369954602805,0.25210682529098805
2024-01-11 23:00:00,0.028531734429452622,0.2559975119538539
2024-01-12 00:00:00,0.26003509726267554,0.39229536325123343
2024-01-12 01:00:00,0.0832819149212103,0.19843735601301143
2024-01-12 02:00:00,0.06208230198143658,0.3205054349051944
2024-01-12 03:00:00,0.005753050921938771,0.33604219066962343
2024-01-12 04:00:00,0.07396007001414098,0.33023921179924365
2024-01-12 05:00:00,0.07565379947798082,0.3290692609042252
2024-01-12 06:00:00,0.0,0.6748743148323638
2024-01-12 07:00:00,0.0,0.9371112578403432
2024-01-12 08:00:00,0.0,0.6027916292082686
2024-01-12 09:00:00,0.011958799455640733,0.2731487269957991
2024-01-12 10:00:00,0.0,0.39212950873813074
2024-01-12 11:00:00,0.0,0.32352641639579105
2024-01-12 12:00:00,0.008382180491736056,0.2903917670500462
2024-01-12 13:00:00,0.0,0.2562167097378293
2024-01-12 14:00:00,0.06509960396074098,0.3586767794096955
2024-01-12 15:00:00,0.02484430489829855,0.3450072381130992
2024-01-12 16:00:00,0.0,0.32241028298351787
2024-01-12 17:00:00,0.206355054475863,0.6157246497930512
2024-01-12 18:00:00,0.6140315166872271,0.7978466895453915
2024-01-12 19:00:00,0.9322830033365528,0.9416680724076377
2024-01-12 20:00:00,0.9691076279823735,0.7319859836736518
2024-01-12 21:00:00,0.6807696208831173,0.22487335066499456
2024-01-12 22:00:00,0.42333350400981873,0.2973677867474487
2024-01-12 23:00:00,0.0,0.3228311812660202
2024-01-13 00:00:00,0.16441550121098703,0.3027172644555233
2024-01-13 01:00:00,0.12032791584439576,0.331520026040344
2024-01-13 02:00:00,0.10669298218322343,0.3059730040020659
2024-01-13 03:00:00,0.040196592862289,0.3031400786713853
2024-01-13 04:00:00,0.08359432989043564,0.30888517379344754
2024-01-13 05:00:00,0.0,0.3331086675343328
2024-01-13 06:00:00,0.0,0.6181748984659463
2024-01-13 07:00:00,0.0,0.8669408512773528
2024-01-13 08:00:00,0.0,0.6197625825101692
2024-01-13 09:00:00,0.0,0.31858724830321383
2024-01-13 10:00:00,0.05286227670721891,0.26877703175968803
2024-01-13 11:00:00,0.0011320123861443402,0.29953674006975134
2024-01-13 12:00:00,0.0,0.3557896811268781
2024-01-13 13:00:00,0.0,0.2885891170371078
2024-01-13 14:00:00,0.029410412532957144,0.3297872801792145
2024-01-13 15:00:00,0.027529058973639553,0.2652563074698101
2024-01-13 16:00:00,0.0,0.35132535324512976
2024-01-13 17:00:00,0.16092315343521615,0.6163927349834621
2024-01-13 18:00:00,0.5925986657374908,0.8389064503756495
2024-01-13 19:00:00,0.870247094109382,0.8543491795195766
2024-01-13 20:00:00,1.0,0.6943511148829158
2024-01-13 21:00:00,0.7878999486071164,0.2969070128964898
2024-01-13 22:00:00,0.3507114230802681,0.2993488550547009
2024-01-13 23:00:00,0.0,0.30801841554610776
2024-01-14 00:00:00,0.15623623311601595,0.2732499226801298
2024-01-14 01:00:00,0.0,0.2132482362410799
2024-01-14 02:00:00,0.09547011914681083,0.256231081663691
2024-01-14 03:00:00,0.16970421335963887,0.26905323488041943
2024-01-14 04:00:00,0.03769448771088937,0.28180752140159615
2024-01-14 05:00:00,0.06367966484488874,0.3397650866243279
2024-01-14 06:00:00,0.0019562132388919436,0.7695184931858282
2024-01-14 07:00:00,0.008433822482438817,0.9730144992535783
2024-01-14 08:00:00,0.033789472054091406,0.6042390311730118
2024-01-14 09:00:00,0.0,0.3502390464260161
2024-01-14 10:00:00,0.02520842083461733,0.2941642200176725
2024-01-14 11:00:00,0.014816577771798164,0.2931637239317765
2024-01-14 12:00:00,0.05983358454763717,0.29550569372882335
2024-01-14 13:00:00,0.0,0.3291933262994257
2024-01-14 14:00:00,0.0711884025183671,0.3222748949428568
2024-01-14 15:00:00,0.057936670930781115,0.2929166946739906
2024-01-14 16:00:00,0.0,0.2234457306891966
2024-01-14 17:00:00,0.250130316686846,0.58282316248236
2024-01-14 18:00:00,0.6004156902300518,0.7237072597726982
2024-01-14 19:00:00,0.8846901830236874,0.8906731541717827
2024-01-14 20:00:00,1.0,0.7226616746965864
2024-01-14 21:00:00,0.8167215371616725,0.36244978365668556
2024-01-14 22:00:00,0.3849619552306833,0.3514524836542416
2024-01-14 23:00:00,0.06857288091233919,0.3005347561525522
2024-01-15 00:00:00,0.21479253498338363,0.3698801841516142
2024-01-15 01:00:00,0.10737075608295936,0.3031796272522236
2024-01-15 02:00:00,0.07552495080838538,0.3093074381445142
2024-01-15 03:00:00,0.05915032952441039,0.2618751982872568
2024-01-15 04:00:00,0.20742490417419718,0.21662302388801685
2024-01-15 05:00:00,0.07826488960469705,0.33625936884223817
2024-01-15 06:00:00,0.0,0.7359457549629207
2024-01-15 07:00:00,0.11098792274043999,0.9422952194999171
2024-01-15 08:00:00,0.0,0.5222029384180663
2024-01-15 09:00:00,0.007021259426440829,0.30300953049883983
2024-01-15 10:00:00,0.0,0.34015310799415416
2024-01-15 11:00:00,0.054312314050328415,0.33240790579199925
2024-01-15 12:00:00,0.0,0.328165833634547
2024-01-15 13:00:00,0.0,0.1914960752340641
2024-01-15 14:00:00,0.0026389440930125077,0.35010659958014567
2024-01-15 15:00:00,0.0014797595508913607,0.2367035463100151
2024-01-15 16:00:00,0.0,0.2525938411180799
2024-01-15 17:00:00,0.15453782918139797,0.6158123111322416
2024-01-15 18:00:00,0.639061284059027,0.7962212466102344
2024-01-15 19:00:00,0.9879149033491179,0.9343634063088347
2024-01-15 20:00:00,0.9432167150972346,0.7163577699239148
2024-01-15 21:00:00,0.7638513469552289,0.3625541250288731
2024-01-15 22:00:00,0.5122619780034134,0.40391575343827524
2024-01-15 23:00:00,0.0,0.20217919895250913
2024-01-16 00:00:00,0.20237761798692677,0.3384406951325489
2024-01-16 01:00:00,0.04647732446385944,0.21969507567097873
2024-01-16 02:00:00,0.07545618520558256,0.2733644347740079
2024-01-16 03:00:00,0.02998203543606714,0.25711652040188565
2024-01-16 04:00:00,0.06671106169958066,0.31132721691951337
2024-01-16 05:00:00,0.005394137535151763,0.2693850731345901
2024-01-16 06:00:00,0.027836478247282373,0.6434538293891652
2024-01-16 07:00:00,0.0,0.8894142333027099
2024-01-16 08:00:00,0.014211594764669783,0.5760279427934751
2024-01-16 09:00:00,0.0,0.24150301972565738
2024-01-16 10:00:00,0.0,0.2785994486391303
2024-01-16 11:00:00,0.017545447236984698,0.2933441352551455
2024-01-16 12:00:00,0.0,0.3144155750802599
2024-01-16 13:00:00,0.0,0.3246489019724287
2024-01-16 14:00:00,0.0,0.32462349185773137
2024-01-16 15:00:00,0.0,0.33023788984089913
2024-01-16 16:00:00,0.026221669962564993,0.2582371134560444
2024-01-16 17:00:00,0.10578737891007974,0.5522945522988103
2024-01-16 18:00:00,0.6126077395449516,0.7932358776025575
2024-01-16 19:00:00,0.8690980373386958,0.9072435908778141
2024-01-16 20:00:00,0.8476299131497755,0.6925276185854972
2024-01-16 21:00:00,0.7819000340737376,0.29243788671536686
2024-01-16 22:00:00,0.3946549865675267,0.2193888426023094
2024-01-16 23:00:00,0.0,0.29293845232284715
2024-01-17 00:00:00,0.21253231448966914,0.30321339142442166
2024-01-17 01:00:00,0.10057163530173703,0.24868790646727812
2024-01-17 02:00:00,0.09291664161449922,0.26111546560256516
2024-01-17 03:00:00,0.006217737705774065,0.33017720730588995
2024-01-17 04:00:00,0.049271976880192164,0.27128452012854115
2024-01-17 05:00:00,0.016608834552285914,0.2691554693108505
2024-01-17 06:00:00,0.0,0.7027815104564756
2024-01-17 07:00:00,0.0,0.9523182424460798
2024-01-17 08:00:00,0.0,0.5917682191184341
2024-01-17 09:00:00,0.048971016157245494,0.26738163877479926
2024-01-17 10:00:00,0.024150029374720605,0.23131035873028388
2024-01-17 11:00:00,0.06007571907872564,0.2834945052351719
2024-01-17 12:00:00,0.0,0.39750361938953277
2024-01-17 13:00:00,0.0,0.2851664787420779
2024-01-17 14:00:00,0.0,0.26225904552334595
2024-01-17 15:00:00,0.02908163254895634,0.2207815957042769
2024-01-17 16:00:00,0.017768913713073594,0.2447250272821439
2024-01-17 17:00:00,0.37029392663412847,0.5887415304202762
2024-01-17 18:00:00,0.5828979169770332,0.819153301052388
2024-01-17 19:00:00,0.9623727801790769,0.8979747568124394
2024-01-17 20:00:00,0.9971495969404504,0.6931623292614131
2024-01-17 21:00:00,0.8533821967302777,0.39372878597420635
2024-01-17 22:00:00,0.3539247982779216,0.32104336972126823
2024-01-17 23:00:00,0.0007060746256288203,0.28280696833711905
2024-01-18 00:00:00,0.1548009251373651,0.3126564372434277
2024-01-18 01:00:00,0.09015626831307345,0.2279841835835889
2024-01-18 02:00:00,0.10412331754366738,0.3194654061179467
2024-01-18 03:00:00,0.013611978879347973,0.27972621458265756
2024-01-18 04:00:00,0.06479513695933563,0.37561738834814234
2024-01-18 05:00:00,0.0,0.30114554144516636
2024-01-18 06:00:00,0.04773530430546123,0.67640011533803
2024-01-18 07:00:00,0.07543042311394642,0.9045620173935535
2024-01-18 08:00:00,0.0,0.606103333755989
2024-01-18 09:00:00,0.0,0.281058008279093
2024-01-18 10:00:00,0.0,0.3148359414079552
2024-01-18 11:00:00,0.01660749307394532,0.2964813458389615
2024-01-18 12:00:00,0.02083715966870507,0.23345101218729597
2024-01-18 13:00:00,0.0,0.33371668752589323
2024-01-18 14:00:00,0.01643964950184183,0.37538393947640875
2024-01-18 15:00:00,0.0,0.23650404397092373
2024-01-18 16:00:00,0.04362349888112949,0.37345433552633367
2024-01-18 17:00:00,0.14607965861668432,0.6469553320970908
2024-01-18 18:00:00,0.5297606160451995,0.8313700893217821
2024-01-18 19:00:00,0.8408350454712531,0.8540704092212769
2024-01-18 20:00:00,0.8443966488137593,0.7551557929883012
2024-01-18 21:00:00,0.7865301510094145,0.22984472216366947
2024-01-18 22:00:00,0.4008224979778502,0.39007488661108697
2024-01-18 23:00:00,0.020951340593052568,0.2777236884210505
2024-01-19 00:00:00,0.13349866277984895,0.27655092333233106
2024-01-19 01:00:00,0.09015854915657405,0.3428943496720711
2024-01-19 02:00:00,0.05536329423065336,0.29778533201489155
2024-01-19 03:00:00,0.10936170203379528,0.2989802626636099
2024-01-19 04:00:00,0.1470453686675116,0.2998356400223173
2024-01-19 05:00:00,0.1341210489422981,0.3621065794717411
2024-01-19 06:00:00,0.0,0.6283498268236092
2024-01-19 07:00:00,0.0,0.8271997162263276
2024-01-19 08:00:00,0.0,0.62744357768665
2024-01-19 09:00:00,0.0,0.22672230512753133
2024-01-19 10:00:00,0.0,0.37946102489151917
2024-01-19 11:00:00,0.027782063629583326,0.2992261482975826
2024-01-19 12:00:00,0.06970338644305223,0.29889615304082007
2024-01-19 13:00:00,0.11614277932301975,0.20703727131374627
2024-01-19 14:00:00,0.0,0.2868933970569897
2024-01-19 15:00:00,0.09286361415800513,0.21466766863765097
2024-01-19 16:00:00,0.0,0.33652694672378064
2024-01-19 17:00:00,0.19244239305328842,0.5913886079952254
2024-01-19 18:00:00,0.5672981739680116,0.8275444290230876
2024-01-19 19:00:00,0.85237399906809,0.9462546365397899
2024-01-19 20:00:00,0.9477169535025031,0.7080048640939598
2024-01-19 21:00:00,0.763666489547546,0.2987376587418746
2024-01-19 22:00:00,0.4219792703539439,0.20275259406886903
2024-01-19 23:00:00,0.0,0.16917694033835332
2024-01-20 00:00:00,0.30393691032066794,0.3160063857270002
2024-01-20 01:00:00,0.1198185909358641,0.27939617207069917
2024-01-20 02:00:00,0.07965408347710498,0.2634866268128463
2024-01-20 03:00:00,0.07670336802004243,0.3410541170279103
2024-01-20 04:00:00,0.05268148285242831,0.33744367592056945
2024-01-20 05:00:00,0.12098790631104316,0.24083762269332235
2024-01-20 06:00:00,0.02024663636684281,0.6109091364695074
2024-01-20 07:00:00,0.07247367463142562,0.8436846183014334
2024-01-20 08:00:00,0.10573260544235702,0.6233613143187421
2024-01-20 09:00:00,0.0,0.34346297653198277
2024-01-20 10:00:00,0.036254681057589895,0.3026643983603281
2024-01-20 11:00:00,0.06731203368113585,0.4049635350468996
2024-01-20 12:00:00,0.04176227843534186,0.3485945883835653
2024-01-20 13:00:00,0.0,0.33004176892176196
2024-01-20 14:00:00,0.0,0.37434163679599686
2024-01-20 15:00:00,0.006624699328420674,0.36025139053995137
2024-01-20 16:00:00,0.0,0.305936569833194
2024-01-20 17:00:00,0.24249341228700153,0.5322413129450732
2024-01-20 18:00:00,0.5911261472605861,0.6968762746030916
2024-01-20 19:00:00,0.8443491768077067,0.9589746674014393
2024-01-20 20:00:00,0.9976328448319075,0.6640309970210102
2024-01-20 21:00:00,0.794778597941885,0.37631830086313556
2024-01-20 22:00:00,0.272502033009276,0.29942831269976683
2024-01-20 23:00:00,0.0,0.30706073697355935
2024-01-21 00:00:00,0.11712452464543148,0.23648226326466476
2024-01-21 01:00:00,0.12896587779135787,0.3290851433642509
2024-01-21 02:00:00,0.0698332812317239,0.3202542729154803
2024-01-21 03:00:00,0.09698780549077922,0.30715062630599616
2024-01-21 04:00:00,0.02971071677458742,0.31159845213455883
2024-01-21 05:00:00,0.06608859238475912,0.3557497151701834
2024-01-21 06:00:00,0.012513018833416044,0.7223379843162704
2024-01-21 07:00:00,0.0,0.9179901785370521
2024-01-21 08:00:00,0.0167591612443394,0.6073147828412722
2024-01-21 09:00:00,0.0,0.25683521115565455
2024-01-21 10:00:00,0.052133379082258936,0.34646160106824225
2024-01-21 11:00:00,0.0,0.26050070109608786
2024-01-21 12:00:00,0.0,0.38023375102075235
2024-01-21 13:00:00,0.0,0.33871026932963305
2024-01-21 14:00:00,0.0,0.3952529945404855
2024-01-21 15:00:00,0.0,0.24781905227941242
2024-01-21 16:00:00,0.0,0.21875501208432166
2024-01-21 17:00:00,0.17508573930479587,0.5279337744012768
2024-01-21 18:00:00,0.6980316632945543,0.8285463550934714
2024-01-21 19:00:00,0.8365324918059123,0.9538090498654522
2024-01-21 20:00:00,0.9623160052826241,0.7515661880198828
2024-01-21 21:00:00,0.7441146073424456,0.3790193049000182
2024-01-21 22:00:00,0.3851413794260452,0.2700858835104802
2024-01-21 23:00:00,0.0,0.2513137106270457
2024-01-22 00:00:00,0.23359669947705278,0.2688510997626101
2024-01-22 01:00:00,0.054949376292096924,0.33607994630028337
2024-01-22 02:00:00,0.11881081007692162,0.2938093278614191
2024-01-22 03:00:00,0.04089277194408395,0.33167814040218124
2024-01-22 04:00:00,0.04654194909149594,0.3323687661805607
2024-01-22 05:00:00,0.06855492093931662,0.2980317130731076
2024-01-22 06:00:00,0.03360215839557469,0.6995551813912534
2024-01-22 07:00:00,0.021770391011069617,0.9243429871304126
2024-01-22 08:00:00,0.007227680646609025,0.6811908062829025
2024-01-22 09:00:00,0.0,0.27885062932173105
2024-01-22 10:00:00,0.0020189922096023154,0.2502173680517602
2024-01-22 11:00:00,0.016142027870964092,0.3180572509525804
2024-01-22 12:00:00,0.0,0.2820007254667007
2024-01-22 13:00:00,0.0009267662659627543,0.4170682475805816
2024-01-22 14:00:00,0.007339832269988894,0.3050717075910963
2024-01-22 15:00:00,0.0,0.250002552533535
2024-01-22 16:00:00,0.0,0.38585830236623764
2024-01-22 17:00:00,0.10664199003227753,0.6706096188145515
2024-01-22 18:00:00,0.6650579510695968,0.8189882835288413
2024-01-22 19:00:00,0.875451713529486,0.9261844577488672
2024-01-22 20:00:00,0.9682716694859275,0.7595100999419759
2024-01-22 21:00:00,0.737107981767424,0.27333668445010534
2024-01-22 22:00:00,0.3730292828577384,0.35081544131892983
2024-01-22 23:00:00,0.010670393062941175,0.29885965391228875
2024-01-23 00:00:00,0.20348451090493466,0.3041125625971807
2024-01-23 01:00:00,0.1083455244542148,0.3142211872765278
2024-01-23 02:00:00,0.08529912520797561,0.27926692260887176
2024-01-23 03:00:00,0.12050350799438381,0.24166708045490332
2024-01-23 04:00:00,0.04117650296206005,0.3582252270799927
2024-01-23 05:00:00,0.14454547163715448,0.2320438873264964
2024-01-23 06:00:00,0.08269616866112012,0.7713158465513458
2024-01-23 07:00:00,0.025589078825614717,0.8564678014549081
2024-01-23 08:00:00,0.0,0.5561617596338121
2024-01-23 09:00:00,0.0022470745924085466,0.2882161680685141
2024-01-23 10:00:00,0.0,0.23463195266955217
2024-01-23 11:00:00,0.005098960179538441,0.2958309151637839
2024-01-23 12:00:00,0.0,0.24421684821686485
2024-01-23 13:00:00,0.0,0.2641011532789872
2024-01-23 14:00:00,0.05385091889113487,0.3478237038639244
2024-01-23 15:00:00,0.00677633770524999,0.3541074829943833
2024-01-23 16:00:00,0.0,0.3968157199626574
2024-01-23 17:00:00,0.21954916138784525,0.5206272420535303
2024-01-23 18:00:00,0.621483393970764,0.7624431551876514
2024-01-23 19:00:00,0.8575158134588848,0.9066367058290449
2024-01-23 20:00:00,0.9570345297076825,0.6869554052954004
2024-01-23 21:00:00,0.8189807338383842,0.3116534550363987
2024-01-23 22:00:00,0.39006707299760135,0.3747797170111284
2024-01-23 23:00:00,0.0,0.4054290449107223
2024-01-24 00:00:00,0.12683227645559897,0.2712780688914205
2024-01-24 01:00:00,0.11657604807419217,0.38396593108123517
2024-01-24 02:00:00,0.07049400929411467,0.2525156033310719
2024-01-24 03:00:00,0.05233979021683342,0.2906426730325496
2024-01-24 04:00:00,0.01248870409818121,0.3672226704694569
2024-01-24 05:00:00,0.07836384101912919,0.41129207390758027
2024-01-24 06:00:00,0.051081553061749156,0.6454514289526089
2024-01-24 07:00:00,0.0,0.9150986844304289
2024-01-24 08:00:00,0.0050219928732750715,0.59316448562355
2024-01-24 09:00:00,0.0005247242197859162,0.3325705033113633
2024-01-24 10:00:00,0.0,0.2675869176804329
2024-01-24 11:00:00,0.01662629045311709,0.2631515653845519
2024-01-24 12:00:00,0.027163243321188302,0.281794687177511
2024-01-24 13:00:00,0.019391845951612693,0.4029308325869396
2024-01-24 14:00:00,0.11017338298009954,0.27990166703004593
2024-01-24 15:00:00,0.0,0.32581525510983256
2024-01-24 16:00:00,0.0,0.3041091194927763
2024-01-24 17:00:00,0.24150910054443123,0.6079575451483579
2024-01-24 18:00:00,0.6619790360762039,0.844228907270107
2024-01-24 19:00:00,0.7907700598731982,0.8172734180005814
2024-01-24 20:00:00,0.957068172991901,0.7702334554329042
2024-01-24 21:00:00,0.8006855883211099,0.30865796892493236
2024-01-24 22:00:00,0.4123671974903251,0.26953787957809927
2024-01-24 23:00:00,0.01305109341945855,0.30627352076519443
2024-01-25 00:00:00,0.24429049402765846,0.27391150260321034
2024-01-25 01:00:00,0.05337779055562188,0.34557019887483953
2024-01-25 02:00:00,0.13379406923479037,0.3236106699789857
2024-01-25 03:00:00,0.0593896975492517,0.19690824612597288
2024-01-25 04:00:00,0.07154339362507696,0.20891751790636792
2024-01-25 05:00:00,0.06359653646909981,0.24438860831720463
2024-01-25 06:00:00,0.0,0.7635518489074821
2024-01-25 07:00:00,0.0,0.879511976180987
2024-01-25 08:00:00,0.0,0.6067284580043629
2024-01-25 09:00:00,0.013348987905922365,0.2403998990517128
2024-01-25 10:00:00,0.0,0.2265370837863947
2024-01-25 11:00:00,0.0,0.338897728336813
2024-01-25 12:00:00,0.0,0.19568953483671414
2024-01-25 13:00:00,0.0,0.3509946206498437
2024-01-25 14:00:00,0.05949733522989007,0.2814005059757725
2024-01-25 15:00:00,0.0,0.30206828139530817
2024-01-25 16:00:00,0.0,0.30476085070035874
2024-01-25 17:00:00,0.2489303408320385,0.5736021491210654
2024-01-25 18:00:00,0.5584763363003438,0.8002228196808183
2024-01-25 19:00:00,0.8814736984755636,1.0
2024-01-25 20:00:00,0.9410736977524077,0.6794400908181744
2024-01-25 21:00:00,0.9182473963042366,0.28217055952877895
2024-01-25 22:00:00,0.44035085936114726,0.43010876784941576
2024-01-25 23:00:00,0.0,0.3064719733780625
2024-01-26 00:00:00,0.1420014830792538,0.23410924445927994
2024-01-26 01:00:00,0.07177074002426688,0.30160056296823673
2024-01-26 02:00:00,0.12102933260170592,0.21303853089972635
2024-01-26 03:00:00,0.06678910373784233,0.319261318785461
2024-01-26 04:00:00,0.034878887520049216,0.3990930702629607
2024-01-26 05:00:00,0.0,0.3378812348888251
2024-01-26 06:00:00,0.002147723940887058,0.7354585813668111
2024-01-26 07:00:00,0.0,0.8851760795075685
2024-01-26 08:00:00,0.0,0.4923643918573749
2024-01-26 09:00:00,0.0,0.2843955737546376
2024-01-26 10:00:00,0.0,0.3675391348699929
2024-01-26 11:00:00,0.04470576923230023,0.23725975790887605
2024-01-26 12:00:00,0.0,0.31724918834874966
2024-01-26 13:00:00,0.015551178473659484,0.2202029429014489
2024-01-26 14:00:00,0.0,0.2633530927183011
2024-01-26 15:00:00,0.017757663533788562,0.28984306701014434
2024-01-26 16:00:00,0.0,0.3829576901015441
2024-01-26 17:00:00,0.15548160427650082,0.5992495766051413
2024-01-26 18:00:00,0.5960045159445505,0.7508681751128163
2024-01-26 19:00:00,0.8998475610578041,0.8968310142839515
2024-01-26 20:00:00,0.9486942198675492,0.681394637122062
2024-01-26 21:00:00,0.7044191613501297,0.295857441020912
2024-01-26 22:00:00,0.34065872252687934,0.3388314925071943
2024-01-26 23:00:00,0.0,0.2959921018168447
2024-01-27 00:00:00,0.15676390460689107,0.285355371186416
2024-01-27 01:00:00,0.11292883279311018,0.2541122868316231
2024-01-27 02:00:00,0.15517736513851568,0.2978800106140289
2024-01-27 03:00:00,0.07168184177280339,0.2449480699269993
2024-01-27 04:00:00,0.00015782564992188747,0.26773674342165404
2024-01-27 05:00:00,0.0430205558698408,0.35618268319154306
2024-01-27 06:00:00,0.018918541196674042,0.5514954156184166
2024-01-27 07:00:00,0.0,0.8530413995718114
2024-01-27 08:00:00,0.0,0.5281547806439125
2024-01-27 09:00:00,0.05670042117355195,0.30911813008787725
2024-01-27 10:00:00,0.0,0.2734716291194766
2024-01-27 11:00:00,0.0,0.32011955393750746
2024-01-27 12:00:00,0.04080777004994184,0.3135899134721702
2024-01-27 13:00:00,0.04186580609901917,0.2901649894442092
2024-01-27 14:00:00,0.0,0.2937696928690496
2024-01-27 15:00:00,0.005976511972823203,0.33429195331179673
2024-01-27 16:00:00,0.06754345157833115,0.33906428946865874
2024-01-27 17:00:00,0.178184246510494,0.5931108062987147
2024-01-27 18:00:00,0.6650269314052628,0.840815137527001
2024-01-27 19:00:00,0.9337396867509679,0.8813727365800744
2024-01-27 20:00:00,0.962026765482908,0.7017266843208879
2024-01-27 21:00:00,0.7864182346971321,0.24532506437743576
2024-01-27 22:00:00,0.35203302183487895,0.3455394985374706
2024-01-27 23:00:00,0.0,0.34112668918366806
2024-01-28 00:00:00,0.21088220160093563,0.3203100456245275
2024-01-28 01:00:00,0.16843836818158625,0.4038489089488972
2024-01-28 02:00:00,0.07639486569976461,0.26082394281207755
2024-01-28 03:00:00,0.05279419696341533,0.3120749703270773
2024-01-28 04:00:00,0.09536351493500951,0.3123380371874217
2024-01-28 05:00:00,0.04955294775798529,0.36943561581155326
2024-01-28 06:00:00,0.0,0.6872386120831477
2024-01-28 07:00:00,0.0,0.8759468201732249
2024-01-28 08:00:00,0.0,0.591961617553953
2024-01-28 09:00:00,0.08722402487641039,0.34467744758980773
2024-01-28 10:00:00,0.02012132088691194,0.2833125156484593
2024-01-28 11:00:00,0.041970069902906006,0.3483720727522105
2024-01-28 12:00:00,0.052543925573054054,0.25657785541273875
2024-01-28 13:00:00,0.0,0.314984831359115
2024-01-28 14:00:00,0.0,0.33079712898377384
2024-01-28 15:00:00,0.05499628012310434,0.3324183859449832
2024-01-28 16:00:00,0.0,0.28084072434103163
2024-01-28 17:00:00,0.14606949571287156,0.5985344952414473
2024-01-28 18:00:00,0.5933797544045208,0.8033111476285413
2024-01-28 19:00:00,0.8995442007894472,0.9174016770957563
2024-01-28 20:00:00,1.0,0.7182460124221438
2024-01-28 21:00:00,0.8718169523053443,0.22366321752614934
2024-01-28 22:00:00,0.3936493317302816,0.36970521290589264
2024-01-28 23:00:00,0.0,0.38846426172593107
2024-01-29 00:00:00,0.20300061225139662,0.29695838879002107
2024-01-29 01:00:00,0.10549354099028369,0.3730496970046231
2024-01-29 02:00:00,0.1018623594219992,0.3138011866302099
2024-01-29 03:00:00,0.0,0.30285669214414995
2024-01-29 04:00:00,0.05443374028728958,0.3522021475245055
2024-01-29 05:00:00,0.02920703537377127,0.30153159771257015
2024-01-29 06:00:00,0.04979170857542431,0.7158491345820885
2024-01-29 07:00:00,0.0004162647859919276,0.9177566391576425
2024-01-29 08:00:00,0.0,0.608181357923378
2024-01-29 09:00:00,0.0,0.3029942344573599
2024-01-29 10:00:00,0.014805724792286324,0.2784215093391079
2024-01-29 11:00:00,0.04807468365266461,0.3092681720957951
2024-01-29 12:00:00,0.0,0.21667518650855982
2024-01-29 13:00:00,0.0,0.332065974456411
2024-01-29 14:00:00,0.02734468766789004,0.299483705330812
2024-01-29 15:00:00,0.0,0.321018716821545
2024-01-29 16:00:00,0.0,0.2507077548810769
2024-01-29 17:00:00,0.19914983899160152,0.6160750715186241
2024-01-29 18:00:00,0.4595862244973302,0.8845794941354986
2024-01-29 19:00:00,0.9711712797711802,0.8683392794424817
2024-01-29 20:00:00,1.0,0.6534930439236257
2024-01-29 21:00:00,0.7073001065230524,0.21205569197305596
2024-01-29 22:00:00,0.5177949565293886,0.282865963872279
2024-01-29 23:00:00,0.0,0.28832811571926265
2024-01-30 00:00:00,0.18536424645166122,0.34019352621314125
2024-01-30 01:00:00,0.10504320125976384,0.2639168946286179
2024-01-30 02:00:00,0.151263827672927,0.3715504918101691
2024-01-30 03:00:00,0.015367561604905537,0.35215371820220404
2024-01-30 04:00:00,0.028848222707455656,0.3083073609615147
2024-01-30 05:00:00,0.05320325095838732,0.2670306019981478
2024-01-30 06:00:00,0.0,0.6807719081434803
2024-01-30 07:00:00,0.0,0.8471174109332016
2024-01-30 08:00:00,0.0,0.5946261057700579
2024-01-30 09:00:00,0.0,0.23681976320989268
2024-01-30 10:00:00,0.0,0.3051985853461617
2024-01-30 11:00:00,0.0,0.3468505443445814
2024-01-30 12:00:00,0.0248543886404542,0.28254857885951773
2024-01-30 13:00:00,0.0327132754025581,0.3947821966684233
2024-01-30 14:00:00,0.0,0.3205922551265656
2024-01-30 15:00:00,0.03418718108024042,0.22714741727469967
2024-01-30 16:00:00,0.028889106302906732,0.24852708539426593
2024-01-30 17:00:00,0.1561559218660017,0.5674472062565465
2024-01-30 18:00:00,0.6054381088437579,0.8064198340117043
2024-01-30 19:00:00,0.868938244800923,0.878324638235141
2024-01-30 20:00:00,0.9233543698718285,0.6644837326504196
2024-01-30 21:00:00,0.7967375410932114,0.412647353397668
2024-01-30 22:00:00,0.48411717934139786,0.186807324299418
2024-01-30 23:00:00,0.008342516699759843,0.34244005722606385
2024-01-31 00:00:00,0.22469551214683126,0.35382089615140416
2024-01-31 01:00:00,0.08997461681147807,0.2254763409468507
2024-01-31 02:00:00,0.06520487193425548,0.39444738584013705
2024-01-31 03:00:00,0.02167826679018996,0.266149775615655
2024-01-31 04:00:00,0.0293795554513046,0.2975532380532741
2024-01-31 05:00:00,0.0397664571791416,0.21091628349429212
2024-01-31 06:00:00,0.0,0.6399282127008871
2024-01-31 07:00:00,0.04595516806692977,0.9412495175840637
2024-01-31 08:00:00,0.01109157646413827,0.6619348110492104
2024-01-31 09:00:00,0.0,0.3661199728857071
2024-01-31 10:00:00,0.10117426623382048,0.33380454036579654
2024-01-31 11:00:00,0.006378283727016621,0.28193268983916575
2024-01-31 12:00:00,0.0,0.306007875332224
2024-01-31 13:00:00,0.0,0.2562423212944401
2024-01-31 14:00:00,0.0,0.33148442898713465
2024-01-31 15:00:00,0.00888700458800437,0.2931990322537551
2024-01-31 16:00:00,0.013770748533344992,0.33666142052660386
2024-01-31 17:00:00,0.19526648537870048,0.5609666142125165
2024-01-31 18:00:00,0.6287718533026598,0.8455071903314164
2024-01-31 19:00:00,0.8798783523229983,0.8904910780597305
2024-01-31 20:00:00,1.0,0.658523508732086
2024-01-31 21:00:00,0.8382257169760498,0.3575293597229175
2024-01-31 22:00:00,0.42449761251036144,0.2917387419935584
2024-01-31 23:00:00,0.0,0.21329090859643543
2024-02-01 00:00:00,0.21852301192702955,0.33868358532629983
2024-02-01 01:00:00,0.05476772208779934,0.3071968974670455
2024-02-01 02:00:00,0.08418464492436337,0.25985146702990275
2024-02-01 03:00:00,0.0,0.29673181736216664
2024-02-01 04:00:00,0.0,0.3940183952302551
2024-02-01 05:00:00,0.12307733501691169,0.24000510155659882
2024-02-01 06:00:00,0.0,0.7470456958601805
2024-02-01 07:00:00,0.0,0.8404544829281404
2024-02-01 08:00:00,0.0,0.5867292063419588
2024-02-01 09:00:00,0.0,0.2774659712088771
2024-02-01 10:00:00,0.0377324463172302,0.287630649796668
2024-02-01 11:00:00,0.006981911396820875,0.2402104556288886
2024-02-01 12:00:00,0.03613894360617017,0.2850711045133276
2024-02-01 13:00:00,0.0,0.21892570494175628
2024-02-01 14:00:00,0.0,0.2857752710253001
2024-02-01 15:00:00,0.0,0.28680095836066416
2024-02-01 16:00:00,0.0,0.25203319452157924
2024-02-01 17:00:00,0.11655469908684063,0.5963636310763979
2024-02-01 18:00:00,0.6045133444883584,0.6905234897799214
2024-02-01 19:00:00,0.9181794854112983,0.7929161955342815
2024-02-01 20:00:00,0.9970144830022175,0.712554336293828
2024-02-01 21:00:00,0.7314402672239128,0.24273468519905278
2024-02-01 22:00:00,0.46423340453679474,0.31789871715199475
2024-02-01 23:00:00,0.058969940657306076,0.2813283773911324
2024-02-02 00:00:00,0.24286189872983022,0.2875434790870847
2024-02-02 01:00:00,0.1150863479341162,0.27627778743939624
2024-02-02 02:00:00,0.02463636062520895,0.36266404984053674
2024-02-02 03:00:00,0.14250362703898356,0.2677226188458568
2024-02-02 04:00:00,0.06860283881109859,0.3525019568366284
2024-02-02 05:00:00,0.0,0.20308430325484944
2024-02-02 06:00:00,0.06173001141796141,0.6497293553222874
2024-02-02 07:00:00,0.03244512975468211,0.7909574720497642
2024-02-02 08:00:00,0.0017377456306147386,0.5142246992617086
2024-02-02 09:00:00,0.0,0.31862431747790637
2024-02-02 10:00:00,0.0,0.2818628262469636
2024-02-02 11:00:00,0.0,0.2843500073184782
2024-02-02 12:00:00,0.0,0.3529750117712298
2024-02-02 13:00:00,0.0,0.33522123367079704
2024-02-02 14:00:00,0.019499965711049047,0.2548939805998071
2024-02-02 15:00:00,0.0,0.183545363271865
2024-02-02 16:00:00,0.0,0.2622329481300241
2024-02-02 17:00:00,0.23443766969431806,0.5588675890907601
2024-02-02 18:00:00,0.6211300087270698,0.7754814291737583
2024-02-02 19:00:00,0.8390127539044907,0.8640636254325522
2024-02-02 20:00:00,0.9853558821235283,0.6040209789612072
2024-02-02 21:00:00,0.8644922173700612,0.2492878611146457
2024-02-02 22:00:00,0.4223907804968394,0.3296308554955222
2024-02-02 23:00:00,0.0,0.2472996685166695
2024-02-03 00:00:00,0.18315480426931632,0.2260485505609957
2024-02-03 01:00:00,0.12590616784227857,0.25315893529534456
2024-02-03 02:00:00,0.07178936423936084,0.2945623676291235
2024-02-03 03:00:00,0.06851625678146464,0.2538337336627835
2024-02-03 04:00:00,0.09509861588189318,0.25752676317517714
2024-02-03 05:00:00,0.058945777087919635,0.3167888380359741
2024-02-03 06:00:00,0.0,0.7248122931601059
2024-02-03 07:00:00,0.05195299446705168,0.9273624983630459
2024-02-03 08:00:00,0.0,0.6176622971423046
2024-02-03 09:00:00,0.019245936745698897,0.3112267538171314
2024-02-03 10:00:00,0.0,0.32772114953986664
2024-02-03 11:00:00,0.0,0.2738012257256594
2024-02-03 12:00:00,0.0,0.3167808913458013
2024-02-03 13:00:00,0.0,0.3576856045674347
2024-02-03 14:00:00,0.04948640035460178,0.2966768825037528
2024-02-03 15:00:00,0.019018559181880185,0.36434638442697076
2024-02-03 16:00:00,0.01961853969993149,0.28536596143600823
2024-02-03 17:00:00,0.17005280875711076,0.5374102012752301
2024-02-03 18:00:00,0.6287344180711744,0.7663434766756471
2024-02-03 19:00:00,0.9204720949798357,0.917025498505263
2024-02-03 20:00:00,0.9562963707678193,0.6493661317207724
2024-02-03 21:00:00,0.8081544468001186,0.40522599735755643
2024-02-03 22:00:00,0.46275045829601985,0.26906788378700636
2024-02-03 23:00:00,0.04143987217649266,0.23095243507473115
2024-02-04 00:00:00,0.21217165474621794,0.3120112349063131
2024-02-04 01:00:00,0.13062247418812586,0.3481579867382981
2024-02-04 02:00:00,0.1468426979723106,0.33501246221657716
2024-02-04 03:00:00,0.06374724715681328,0.2922604459934878
2024-02-04 04:00:00,0.008582857760877943,0.22039919638274186
2024-02-04 05:00:00,0.1347576260433802,0.34157110774820976
2024-02-04 06:00:00,0.0,0.6542787114378936
2024-02-04 07:00:00,0.11085516889680008,0.8393486492167194
2024-02-04 08:00:00,0.002815454124619298,0.53617449646739
2024-02-04 09:00:00,0.0,0.3845478766241868
2024-02-04 10:00:00,0.0,0.34602488728042563
2024-02-04 11:00:00,0.026326765785640506,0.3215669237799866
2024-02-04 12:00:00,0.0,0.260707756395877
2024-02-04 13:00:00,0.0,0.28173463941032284
2024-02-04 14:00:00,0.03760790380113285,0.3752946012798292
2024-02-04 15:00:00,0.08198623328392379,0.4105541690145697
2024-02-04 16:00:00,0.0,0.2953763386297867
2024-02-04 17:00:00,0.15574032276109984,0.6000649936565177
2024-02-04 18:00:00,0.560576213062562,0.8116014877904825
2024-02-04 19:00:00,0.9709378382245824,0.8789510502475273
2024-02-04 20:00:00,1.0,0.6565334850080744
2024-02-04 21:00:00,0.7592198291639127,0.2908752879094444
2024-02-04 22:00:00,0.3751656743495696,0.2541379538519242
2024-02-04 23:00:00,0.14101774556383986,0.2941284616381305
2024-02-05 00:00:00,0.24561482259317752,0.2727823364795323
2024-02-05 01:00:00,0.05274156557156875,0.20904098757660056
2024-02-05 02:00:00,0.06357941466168567,0.2382280944243877
2024-02-05 03:00:00,0.14104137260267857,0.25120742275387825
2024-02-05 04:00:00,0.00798183852298033,0.26955029111797624
2024-02-05 05:00:00,0.0675178526272388,0.2814504312802088
2024-02-05 06:00:00,0.02150729353067662,0.7369234393725302
2024-02-05 07:00:00,0.025219388237881488,0.7419775338646364
2024-02-05 08:00:00,0.01520315228446571,0.6143020592589676
2024-02-05 09:00:00,0.0,0.2527008600333564
2024-02-05 10:00:00,0.0,0.31783895811767787
2024-02-05 11:00:00,0.008350293695994056,0.2911268699035725
2024-02-05 12:00:00,0.006020342985620489,0.22760391634869212
2024-02-05 13:00:00,0.0452859354482654,0.2875148281493516
2024-02-05 14:00:00,0.0,0.32604279570933564
2024-02-05 15:00:00,0.0,0.3975994339725649
2024-02-05 16:00:00,0.0,0.3139489381942787
2024-02-05 17:00:00,0.12600787506900546,0.6371151074343246
2024-02-05 18:00:00,0.553815965725877,0.8331639382590277
2024-02-05 19:00:00,0.848673334682032,0.8281194261167185
2024-02-05 20:00:00,0.9425224807833172,0.7247872864409073
2024-02-05 21:00:00,0.8096100418203751,0.24073580186609
2024-02-05 22:00:00,0.35241831953480063,0.24462000390710611
2024-02-05 23:00:00,0.0,0.28115353332257814
2024-02-06 00:00:00,0.16666108105863464,0.3564879601266358
2024-02-06 01:00:00,0.12729755108829116,0.2493070053912823
2024-02-06 02:00:00,0.07402656611899996,0.26828624927429784
2024-02-06 03:00:00,0.0,0.33260189720860867
2024-02-06 04:00:00,0.06789723652575573,0.3771821058510783
2024-02-06 05:00:00,0.030180276876352018,0.31877135676056956
2024-02-06 06:00:00,0.06978759654152947,0.6568521857351225
2024-02-06 07:00:00,0.014919551351375829,0.7871451401660107
2024-02-06 08:00:00,0.07910049140566283,0.5357184118981174
2024-02-06 09:00:00,0.04795348519134241,0.29237095719748846
2024-02-06 10:00:00,0.0,0.24341040342011475
2024-02-06 11:00:00,0.0002169528714240351,0.2483149185975737
2024-02-06 12:00:00,0.006048498617165036,0.37525502686239715
2024-02-06 13:00:00,0.0,0.21124593723249438
2024-02-06 14:00:00,0.0,0.29571169116974555
2024-02-06 15:00:00,0.0,0.33634453163703043
2024-02-06 16:00:00,0.06006465354619252,0.3714047759257073
2024-02-06 17:00:00,0.19725562369394983,0.6249383812028545
2024-02-06 18:00:00,0.6014766011175622,0.8211672180970355
2024-02-06 19:00:00,0.9768830978060924,0.8379782315218557
2024-02-06 20:00:00,1.0,0.6942889132509236
2024-02-06 21:00:00,0.7590736076585843,0.2390676936944967
2024-02-06 22:00:00,0.41613191059500176,0.29096947989530975
2024-02-06 23:00:00,0.026694649247288368,0.3091537291459373
2024-02-07 00:00:00,0.20505695315985678,0.34805900702810655
2024-02-07 01:00:00,0.06391886490717191,0.27011756816846044
2024-02-07 02:00:00,0.12306263437363739,0.273142345440622
2024-02-07 03:00:00,0.038767744624113566,0.2586685582448638
2024-02-07 04:00:00,0.08182938229207229,0.3401807328673524
2024-02-07 05:00:00,0.0,0.2916030089821709
2024-02-07 06:00:00,0.0,0.6431395976909308
2024-02-07 07:00:00,0.05894319926609292,0.8321124481514066
2024-02-07 08:00:00,0.0,0.5522960848327298
2024-02-07 09:00:00,0.0,0.3252838975945267
2024-02-07 10:00:00,0.0,0.2725249015209688
2024-02-07 11:00:00,0.0,0.2871918373745675
2024-02-07 12:00:00,0.0,0.335165015716665
2024-02-07 13:00:00,0.0,0.23913179849933164
2024-02-07 14:00:00,0.007931376802180623,0.3429189154101222
2024-02-07 15:00:00,0.050300304996855706,0.2737433631970276
2024-02-07 16:00:00,0.016865137967740303,0.1822705859565355
2024-02-07 17:00:00,0.16491639024248525,0.5210575872961873
2024-02-07 18:00:00,0.6683228546580996,0.823790820369287
2024-02-07 19:00:00,0.879083879690815,0.9039058828383355
2024-02-07 20:00:00,1.0,0.5432325513717882
2024-02-07 21:00:00,0.8197409615579043,0.3655845035074141
2024-02-07 22:00:00,0.3870953822873456,0.3239593955759413
2024-02-07 23:00:00,0.037885876565195084,0.2981758240992593
2024-02-08 00:00:00,0.18414743090352267,0.23521828726586153
2024-02-08 01:00:00,0.07610795717477672,0.30464637848478743
2024-02-08 02:00:00,0.08708391643806007,0.21090528481945373
2024-02-08 03:00:00,0.12622079422218463,0.2570719545724027
2024-02-08 04:00:00,0.07310509281416512,0.28759572906152986
2024-02-08 05:00:00,0.0478730042554593,0.309502189054062
2024-02-08 06:00:00,0.0031885384072755625,0.6723741353916829
2024-02-08 07:00:00,0.09712600460048859,0.8662481268094268
2024-02-08 08:00:00,0.02266551323505302,0.5384617221870174
2024-02-08 09:00:00,0.0,0.3083581033291632
2024-02-08 10:00:00,0.0,0.3644245967213639
2024-02-08 11:00:00,0.0,0.275424537890431
2024-02-08 12:00:00,0.06492367479109436,0.3072357206230715
2024-02-08 13:00:00,0.0,0.23750236582400303
2024-02-08 14:00:00,0.07854255635302064,0.29940968292417286
2024-02-08 15:00:00,0.04883355748457947,0.2262706230444087
2024-02-08 16:00:00,0.0,0.32151447047498305
2024-02-08 17:00:00,0.19150657739713975,0.5955651484269323
2024-02-08 18:00:00,0.5729893541305981,0.7950224229081568
2024-02-08 19:00:00,0.9377944990796862,0.906280513612187
2024-02-08 20:00:00,0.9951800817182833,0.7440345754074303
2024-02-08 21:00:00,0.7951700136921421,0.30240470056616986
2024-02-08 22:00:00,0.38430680591436955,0.24856976017331123
2024-02-08 23:00:00,0.0,0.25755428082212034
2024-02-09 00:00:00,0.2845794970515506,0.23346730228160872
2024-02-09 01:00:00,0.13273360154021402,0.2738330784794661
2024-02-09 02:00:00,0.012926478578208403,0.26069143720216303
2024-02-09 03:00:00,0.11996689521790653,0.3118432249167646
2024-02-09 04:00:00,0.026956543101230964,0.2767742404386517
2024-02-09 05:00:00,0.1129759367281985,0.2278586784814614
2024-02-09 06:00:00,0.0,0.6795773553660239
2024-02-09 07:00:00,0.05588296350839022,0.8057839585942277
2024-02-09 08:00:00,0.03530370265425978,0.6004791932604303
2024-02-09 09:00:00,0.057961490596559896,0.29374481250987566
2024-02-09 10:00:00,0.0,0.3436530742626357
2024-02-09 11:00:00,0.0,0.347866276637102
2024-02-09 12:00:00,0.0,0.22704039689600505
2024-02-09 13:00:00,0.022283884060526657,0.28035762193199504
2024-02-09 14:00:00,0.008664008339909069,0.1733837237342622
2024-02-09 15:00:00,0.0,0.3918083781591991
2024-02-09 16:00:00,0.011197927419656402,0.24361053441367395
2024-02-09 17:00:00,0.2362224590466585,0.5956008468317456
2024-02-09 18:00:00,0.6013153847391502,0.7520671911043754
2024-02-09 19:00:00,0.8794120074010555,0.917494956542664
2024-02-09 20:00:00,0.8909092188708883,0.6997826579007893
2024-02-09 21:00:00,0.8356401514138819,0.2564922074454383
2024-02-09 22:00:00,0.23951122945171338,0.30286779840307615
2024-02-09 23:00:00,0.02470029438210679,0.18315706920104674
2024-02-10 00:00:00,0.14869299961799035,0.3289146777201851
2024-02-10 01:00:00,0.02748228851846435,0.31049491833359405
2024-02-10 02:00:00,0.18830095852549766,0.2437855184348132
2024-02-10 03:00:00,0.10937111283883226,0.3764641490945253
2024-02-10 04:00:00,0.0,0.24259273132420978
2024-02-10 05:00:00,0.05398268158402543,0.21395417749514534
2024-02-10 06:00:00,0.0029637612184944154,0.6970433730468045
2024-02-10 07:00:00,0.012602076315683603,0.8324640358940488
2024-02-10 08:00:00,0.0,0.6686804986850934
2024-02-10 09:00:00,0.0,0.20818747286651346
2024-02-10 10:00:00,0.0,0.22539703190986404
2024-02-10 11:00:00,0.05373191512848835,0.2309341760803849
2024-02-10 12:00:00,0.034854314822648114,0.23928263592897486
2024-02-10 13:00:00,0.0154945950181997,0.27317680961604246
2024-02-10 14:00:00,0.016563867281783867,0.2054406673828338
2024-02-10 15:00:00,0.02276350045226024,0.26402379427935463
2024-02-10 16:00:00,0.0,0.3437177038778312
2024-02-10 17:00:00,0.19426398843634568,0.5831731077474317
2024-02-10 18:00:00,0.6352569220867315,0.7431183231695989
2024-02-10 19:00:00,0.8741264439113884,0.8700163238339169
2024-02-10 20:00:00,1.0,0.7007113280531908
2024-02-10 21:00:00,0.7475197304348931,0.21853225065935844
2024-02-10 22:00:00,0.37143725546724726,0.23359127891927334
2024-02-10 23:00:00,0.0,0.285090070389451
2024-02-11 00:00:00,0.1814021240098566,0.2593550714138319
2024-02-11 01:00:00,0.0,0.39069162013780767
2024-02-11 02:00:00,0.10409212696187137,0.31579830067095477
2024-02-11 03:00:00,0.13775767687644214,0.2575534734267009
2024-02-11 04:00:00,0.005169533898262912,0.23379255919635394
2024-02-11 05:00:00,0.0,0.2879923252121801
2024-02-11 06:00:00,0.0,0.697336918859794
2024-02-11 07:00:00,0.0,0.8780649450393276
2024-02-11 08:00:00,0.0,0.5938030157588907
2024-02-11 09:00:00,0.07325158693976021,0.3243302485016216
2024-02-11 10:00:00,0.0,0.24626791978210463
2024-02-11 11:00:00,0.06334883558988012,0.23569358100456422
2024-02-11 12:00:00,0.0,0.32448601781422154
2024-02-11 13:00:00,0.04794289324114249,0.30805546519703414
2024-02-11 14:00:00,0.0,0.25190531195111227
2024-02-11 15:00:00,0.0,0.22373249903517484
2024-02-11 16:00:00,0.0,0.2150518793810156
2024-02-11 17:00:00,0.2189117945159521,0.6057030830068798
2024-02-11 18:00:00,0.6115511599561536,0.8026694856669564
2024-02-11 19:00:00,0.8369279810575108,0.8619569735832782
2024-02-11 20:00:00,0.9961719204378933,0.7244508316451361
2024-02-11 21:00:00,0.8062084486602963,0.2366884427424159
2024-02-11 22:00:00,0.41124946893268066,0.23811016952500658
2024-02-11 23:00:00,0.0,0.3590818967022259
2024-02-12 00:00:00,0.1633834656319363,0.254396209018218
2024-02-12 01:00:00,0.1697051503755176,0.25974329298092835
2024-02-12 02:00:00,0.06130948457259189,0.31742610530995014
2024-02-12 03:00:00,0.0625254987569446,0.2738005642910791
2024-02-12 04:00:00,0.03762780046599896,0.35715214025978437
2024-02-12 05:00:00,0.08741518383818739,0.12744158809961773
2024-02-12 06:00:00,0.044496846217059016,0.6620741672119672
2024-02-12 07:00:00,0.04952021334764073,0.8161482890911743
2024-02-12 08:00:00,0.0,0.5773994851995115
2024-02-12 09:00:00,0.0,0.22139391051423463
2024-02-12 10:00:00,0.002396680764697322,0.26491052458608344
2024-02-12 11:00:00,0.0,0.14971481470282302
2024-02-12 12:00:00,0.005651682309602137,0.3091357840992084
2024-02-12 13:00:00,0.0,0.31059697464023545
2024-02-12 14:00:00,0.005811864182488109,0.2107109613666147
2024-02-12 15:00:00,0.05528568301151954,0.2723627386635204
2024-02-12 16:00:00,0.003964171937004729,0.27439318195279055
2024-02-12 17:00:00,0.21965428496263367,0.6212907730984891
2024-02-12 18:00:00,0.5853549634887786,0.681490747602274
2024-02-12 19:00:00,0.809010376399105,0.8495382734583277
2024-02-12 20:00:00,0.9661558976188086,0.649429281815757
2024-02-12 21:00:00,0.7640789234106186,0.28730109460418524
2024-02-12 22:00:00,0.3696851607343557,0.2246498263232178
2024-02-12 23:00:00,0.019242415961620574,0.28449480474244254
2024-02-13 00:00:00,0.19943051250673186,0.25128485562068237
2024-02-13 01:00:00,0.08150622330707642,0.3018484514072208
2024-02-13 02:00:00,0.04189682750611565,0.29565058674377354
2024-02-13 03:00:00,0.1252187884777404,0.26586741356139876
2024-02-13 04:00:00,0.006682436455980503,0.16080759470857625
2024-02-13 05:00:00,0.00464856243661909,0.19537344115747318
2024-02-13 06:00:00,0.0,0.6457996204077933
2024-02-13 07:00:00,0.0,0.9583266690051008
2024-02-13 08:00:00,0.0,0.5333111684288274
2024-02-13 09:00:00,0.036347430643914096,0.21562961886644122
2024-02-13 10:00:00,0.0,0.3665785734444399
2024-02-13 11:00:00,0.01202418433808212,0.39332966847963163
2024-02-13 12:00:00,0.06678498780841083,0.29419215755399736
2024-02-13 13:00:00,0.0,0.24389752582208327
2024-02-13 14:00:00,0.0187816367580715,0.2556431986473977
2024-02-13 15:00:00,0.022910854672923395,0.31195789238695504
2024-02-13 16:00:00,0.0,0.3024878506789699
2024-02-13 17:00:00,0.19150603572975872,0.6014933990072161
2024-02-13 18:00:00,0.5855831417797515,0.8158187207652295
2024-02-13 19:00:00,0.8825771202658681,0.8441978257747306
2024-02-13 20:00:00,1.0,0.682168553781734
2024-02-13 21:00:00,0.8578510358716697,0.2604832858953585
2024-02-13 22:00:00,0.36659267718019606,0.31866797228539706
2024-02-13 23:00:00,0.01928401518974737,0.2803522323462834
2024-02-14 00:00:00,0.1354303816504473,0.3819943165796544
2024-02-14 01:00:00,0.043078428974899025,0.36723684523069755
2024-02-14 02:00:00,0.10806923751007921,0.3284257398092557
2024-02-14 03:00:00,0.023117600204322537,0.314711474409873
2024-02-14 04:00:00,0.07945294119233359,0.22315071739935077
2024-02-14 05:00:00,0.09512692674386582,0.21539780256399066
2024-02-14 06:00:00,0.030829556519766904,0.7445292778932276
2024-02-14 07:00:00,0.0,0.8757298416907583
2024-02-14 08:00:00,0.0,0.5663382304989892
2024-02-14 09:00:00,0.02124007455621963,0.16942826531489225
2024-02-14 10:00:00,0.0,0.288037560038765
2024-02-14 11:00:00,0.0,0.27810874702642563
2024-02-14 12:00:00,0.00291968383536111,0.26924384244614674
2024-02-14 13:00:00,0.0,0.2827646616710224
2024-02-14 14:00:00,0.0,0.3688546965290635
2024-02-14 15:00:00,0.0,0.32149543675473324
2024-02-14 16:00:00,0.0,0.28449315660965124
2024-02-14 17:00:00,0.20979645334388375,0.5928294771930311
2024-02-14 18:00:00,0.5728896978809583,0.720026362465207
2024-02-14 19:00:00,0.9539140867292313,0.8518600061972776
2024-02-14 20:00:00,1.0,0.6837118589151568
2024-02-14 21:00:00,0.7948734123903587,0.3077852356503924
2024-02-14 22:00:00,0.4250564623342735,0.21244326617118586
2024-02-14 23:00:00,0.06870687024352844,0.34215861871226294
2024-02-15 00:00:00,0.14322048881645688,0.3361436316185282
2024-02-15 01:00:00,0.10318467494743218,0.2536306759632222
2024-02-15 02:00:00,0.043193197965636476,0.2536255596808232
2024-02-15 03:00:00,0.04759586354392138,0.31596594585527443
2024-02-15 04:00:00,0.0278933123908966,0.3035848885573197
2024-02-15 05:00:00,0.10575219049882965,0.268300074885791
2024-02-15 06:00:00,0.0,0.6736207553083929
2024-02-15 07:00:00,0.019565121543239913,0.8821185684482339
2024-02-15 08:00:00,0.032389712989683184,0.4763125575246431
2024-02-15 09:00:00,0.0550814334844058,0.2793637965926561
2024-02-15 10:00:00,0.0,0.31088582880695875
2024-02-15 11:00:00,0.0,0.18951674341453223
2024-02-15 12:00:00,0.0,0.37703116534773345
2024-02-15 13:00:00,0.011161312581620116,0.34805586864887467
2024-02-15 14:00:00,0.022091938892560312,0.25765495892174206
2024-02-15 15:00:00,0.0,0.1920105945128735
2024-02-15 16:00:00,0.0,0.28131543567424594
2024-02-15 17:00:00,0.21675849127265048,0.4843258773809089
2024-02-15 18:00:00,0.6678944557685657,0.6759047805642102
2024-02-15 19:00:00,0.8647229773686079,0.8683407569994342
2024-02-15 20:00:00,0.9610694032194169,0.5481260748714399
2024-02-15 21:00:00,0.725683261209775,0.27173601181410484
2024-02-15 22:00:00,0.4547524283319194,0.3356620603468575
2024-02-15 23:00:00,0.027747164873346886,0.33816514611842674
2024-02-16 00:00:00,0.22431719916032236,0.13195610148880998
2024-02-16 01:00:00,0.13564620541773717,0.2804363814970693
2024-02-16 02:00:00,0.17782171706699543,0.28281005989369024
2024-02-16 03:00:00,0.0,0.3770629525904476
2024-02-16 04:00:00,0.0,0.2743585695039073
2024-02-16 05:00:00,0.009639176148850397,0.2957971506102391
2024-02-16 06:00:00,0.0,0.6746817691068773
2024-02-16 07:00:00,0.07983853213229113,0.8742424761284505
2024-02-16 08:00:00,0.0013092950273780014,0.5968297441809256
2024-02-16 09:00:00,0.03440480045841223,0.32620896327425797
2024-02-16 10:00:00,0.0,0.22742720643994654
2024-02-16 11:00:00,0.0,0.24866855048260347
2024-02-16 12:00:00,0.0,0.2150083946997603
2024-02-16 13:00:00,0.060107192682482324,0.2178073574843441
2024-02-16 14:00:00,0.0740365756438995,0.15830745254203094
2024-02-16 15:00:00,0.0,0.27221667399264754
2024-02-16 16:00:00,0.0,0.2594735536330873
2024-02-16 17:00:00,0.09805968886432839,0.5648352669660844
2024-02-16 18:00:00,0.6071513322256701,0.7676697402340524
2024-02-16 19:00:00,0.9014547365333804,0.7570889574324049
2024-02-16 20:00:00,0.9871052818441707,0.6330046133427649
2024-02-16 21:00:00,0.7039554252950345,0.29636060103281686
2024-02-16 22:00:00,0.33597590413853884,0.3532550272927681
2024-02-16 23:00:00,0.0,0.3083272623562713
2024-02-17 00:00:00,0.14211276323725733,0.3494090381180126
2024-02-17 01:00:00,0.10091593873444933,0.24826666952144033
2024-02-17 02:00:00,0.10743913233472228,0.34301385375349197
2024-02-17 03:00:00,0.054889094870154906,0.20571864322483485
2024-02-17 04:00:00,0.09117006664570929,0.27024086796794655
2024-02-17 05:00:00,0.10870238471725206,0.19065284168529992
2024-02-17 06:00:00,0.0,0.6199735493704517
2024-02-17 07:00:00,0.023757303638720594,0.8105090351815019
2024-02-17 08:00:00,0.054876713647031686,0.5976293220236981
2024-02-17 09:00:00,0.0,0.3038369010314282
2024-02-17 10:00:00,0.0,0.25319929522572104
2024-02-17 11:00:00,0.0,0.2931281227884308
2024-02-17 12:00:00,0.0,0.37344654697817115
2024-02-17 13:00:00,0.02077500330552995,0.21908739460320198
2024-02-17 14:00:00,0.0,0.2637607816879209
2024-02-17 15:00:00,0.05984341012432051,0.2379952902608417
2024-02-17 16:00:00,0.07348425952219102,0.27188167233341193
2024-02-17 17:00:00,0.22094977733431817,0.605304760648286
2024-02-17 18:00:00,0.5017689298726908,0.7544997146807803
2024-02-17 19:00:00,0.9816020711673578,0.8523166160542379
2024-02-17 20:00:00,0.9796698274558975,0.6317757246871373
2024-02-17 21:00:00,0.9056568666721082,0.20042465826218095
2024-02-17 22:00:00,0.41815074593294077,0.3023321405513363
2024-02-17 23:00:00,0.0,0.3158029535682826
2024-02-18 00:00:00,0.24690712976395504,0.2824420528661702
2024-02-18 01:00:00,0.10116032324926794,0.24608711930929117
2024-02-18 02:00:00,0.07606391335047043,0.2820640652273933
2024-02-18 03:00:00,0.07008305442104147,0.30797860500432456
2024-02-18 04:00:00,0.0,0.2729853931666694
2024-02-18 05:00:00,0.08958567498596887,0.24722229406617444
2024-02-18 06:00:00,0.0,0.6487572555548785
2024-02-18 07:00:00,0.04396112313554749,0.8417961271450742
2024-02-18 08:00:00,0.0,0.5481384020083473
2024-02-18 09:00:00,0.0,0.36116463831312295
2024-02-18 10:00:00,0.0,0.25953015388363837
2024-02-18 11:00:00,0.052724406907220904,0.2748579402708751
2024-02-18 12:00:00,0.0,0.2569863369783198
2024-02-18 13:00:00,0.07232011713113254,0.24898439591521887
2024-02-18 14:00:00,0.0,0.299551560175515
2024-02-18 15:00:00,0.0,0.2849151945464241
2024-02-18 16:00:00,0.0,0.25540184219814327
2024-02-18 17:00:00,0.20620142507738748,0.5795252806551981
2024-02-18 18:00:00,0.5530399006528349,0.7344148677511916
2024-02-18 19:00:00,0.9555566303296927,0.8493555339037155
2024-02-18 20:00:00,0.8399862775624222,0.6449336805316823
2024-02-18 21:00:00,0.8571425530283034,0.33851913786104093
2024-02-18 22:00:00,0.40835097164727846,0.26293952590857655
2024-02-18 23:00:00,0.0,0.23139238185689723
2024-02-19 00:00:00,0.29282207630314344,0.28559848094570744
2024-02-19 01:00:00,0.1312394302384169,0.2799914363360927
2024-02-19 02:00:00,0.05212145450457393,0.25843120706646805
2024-02-19 03:00:00,0.0,0.3075201174693623
2024-02-19 04:00:00,0.062463247869915924,0.2577321965611386
2024-02-19 05:00:00,0.0,0.30586476627332626
2024-02-19 06:00:00,0.003331294484899414,0.7079127950282295
2024-02-19 07:00:00,0.0,0.7430478200244257
2024-02-19 08:00:00,0.0424298299221923,0.5720068855669392
2024-02-19 09:00:00,0.0,0.3594749409202632
2024-02-19 10:00:00,0.006154087858540226,0.294013768627201
2024-02-19 11:00:00,0.0,0.279151706770916
2024-02-19 12:00:00,0.024419233202934834,0.26048564454338774
2024-02-19 13:00:00,0.053171859398245626,0.23942236454071278
2024-02-19 14:00:00,0.05140171813378064,0.26232200436843034
2024-02-19 15:00:00,0.0,0.2073932388706588
2024-02-19 16:00:00,0.048539834880741387,0.24513405952115105
2024-02-19 17:00:00,0.20620796026689628,0.6294467155525871
2024-02-19 18:00:00,0.5446999396404937,0.7453270910690326
2024-02-19 19:00:00,0.9497292167395484,0.810234297231913
2024-02-19 20:00:00,0.9781318453689626,0.6663374455803768
2024-02-19 21:00:00,0.7758560720914643,0.23633487023799055
2024-02-19 22:00:00,0.34578653624965083,0.2247271668707045
2024-02-19 23:00:00,0.0,0.310246945938221
2024-02-20 00:00:00,0.21661230995762162,0.24907236513749156
2024-02-20 01:00:00,0.1160657433705041,0.29858751143219797
2024-02-20 02:00:00,0.03917300207431739,0.2642123550502615
2024-02-20 03:00:00,0.019160994050906155,0.2567538790234404
2024-02-20 04:00:00,0.00045985884621357886,0.15307990987760334
2024-02-20 05:00:00,0.062427406071605455,0.29579901329585245
2024-02-20 06:00:00,0.0,0.6669979512985017
2024-02-20 07:00:00,0.04150959923748276,0.8770150895916693
2024-02-20 08:00:00,0.03542204571101044,0.5656136546677993
2024-02-20 09:00:00,0.0,0.37327618925703254
2024-02-20 10:00:00,0.0,0.28614412936260913
2024-02-20 11:00:00,0.0,0.27261223440104476
2024-02-20 12:00:00,0.0,0.26330028237042585
2024-02-20 13:00:00,0.0,0.2498143415236372
2024-02-20 14:00:00,0.0,0.3094533830213416
2024-02-20 15:00:00,0.04711666159387404,0.2680998340983603
2024-02-20 16:00:00,0.010861159900252756,0.3184996717496897
2024-02-20 17:00:00,0.18854763558640114,0.5503187019307926
2024-02-20 18:00:00,0.5036459082837123,0.7287751769134363
2024-02-20 19:00:00,0.894900213236513,0.7591261835988701
2024-02-20 20:00:00,0.9631350725089398,0.7257279744487002
2024-02-20 21:00:00,0.8022869686021352,0.31981298848654816
2024-02-20 22:00:00,0.38846425778735627,0.30420521540947537
2024-02-20 23:00:00,0.0,0.2577776744903721
2024-02-21 00:00:00,0.18894454749039402,0.29667810142259204
2024-02-21 01:00:00,0.08138012021011745,0.2424477382986605
2024-02-21 02:00:00,0.03571583201559324,0.25235968288171945
2024-02-21 03:00:00,0.06016055654127951,0.3392283737851628
2024-02-21 04:00:00,0.09074676304004692,0.3265706619185775
2024-02-21 05:00:00,0.0,0.24133713117116598
2024-02-21 06:00:00,0.0,0.6641018714244631
2024-02-21 07:00:00,0.0,0.787403852137474
2024-02-21 08:00:00,0.013572042102248567,0.5338422322874589
2024-02-21 09:00:00,0.07860226770701711,0.19814593783464107
2024-02-21 10:00:00,0.0,0.28254115558821374
2024-02-21 11:00:00,0.0,0.2756610560226369
2024-02-21 12:00:00,0.02459175799261998,0.24237808971865335
2024-02-21 13:00:00,0.12080292646804397,0.19682976624843096
2024-02-21 14:00:00,0.0028419872165242645,0.207209378308703
2024-02-21 15:00:00,0.0015314477160259248,0.1608645460046234
2024-02-21 16:00:00,0.03983127766059471,0.3893885357561355
2024-02-21 17:00:00,0.20351930744882357,0.5447937647811356
2024-02-21 18:00:00,0.6576475443959142,0.7807433003610594
2024-02-21 19:00:00,0.9115805605477382,0.8070547695818192
2024-02-21 20:00:00,1.0,0.7249328029293068
2024-02-21 21:00:00,0.8201963604126192,0.31558900961456804
2024-02-21 22:00:00,0.42886077778118936,0.30916372814195575
2024-02-21 23:00:00,0.0,0.32692466429504724
2024-02-22 00:00:00,0.23363128974672392,0.241375294249093
2024-02-22 01:00:00,0.07820045332964486,0.27091372918698664
2024-02-22 02:00:00,0.05643598260487465,0.24448411729546835
2024-02-22 03:00:00,0.13143324253020927,0.31085823603924945
2024-02-22 04:00:00,0.0648355856689688,0.2378198950264327
2024-02-22 05:00:00,0.07908799888716928,0.21178921160380054
2024-02-22 06:00:00,0.0,0.6330991403680459
2024-02-22 07:00:00,0.11953070232655277,0.7677730651161407
2024-02-22 08:00:00,0.0,0.6040359730412269
2024-02-22 09:00:00,0.055846727014911605,0.29071032230061633
2024-02-22 10:00:00,0.0,0.2726516876355512
2024-02-22 11:00:00,0.0,0.3130171945569284
2024-02-22 12:00:00,0.0,0.2522388718849757
2024-02-22 13:00:00,0.029705701260889256,0.19301258375290176
2024-02-22 14:00:00,0.02734407036034854,0.19893062197128442
2024-02-22 15:00:00,0.017789832654349313,0.2500726703974681
2024-02-22 16:00:00,0.0,0.23852092804129346
2024-02-22 17:00:00,0.19841025048682753,0.5515906518945095
2024-02-22 18:00:00,0.5865122185516941,0.6763349469650825
2024-02-22 19:00:00,0.945540240095281,0.775033935706149
2024-02-22 20:00:00,1.0,0.5804641983804358
2024-02-22 21:00:00,0.8188033703250209,0.1786048806701578
2024-02-22 22:00:00,0.39566845279409973,0.2522908661273567
2024-02-22 23:00:00,0.006416280527940405,0.32705792630810615
2024-02-23 00:00:00,0.20976180137693207,0.2656199448642362
2024-02-23 01:00:00,0.1689277921836403,0.31723437238086655
2024-02-23 02:00:00,0.03328324571506322,0.1576834349046598
2024-02-23 03:00:00,0.08599916025252183,0.24869673803187548
2024-02-23 04:00:00,0.07283178538295695,0.2884480198587619
2024-02-23 05:00:00,0.016590236524065487,0.3768403415586391
2024-02-23 06:00:00,0.0,0.6657636064723758
2024-02-23 07:00:00,0.003944540825294119,0.8234604170985945
2024-02-23 08:00:00,0.04981215104627959,0.5002046270216188
2024-02-23 09:00:00,0.0,0.28259473368721444
2024-02-23 10:00:00,0.0,0.2659277683565233
2024-02-23 11:00:00,0.05668367737365215,0.34508749361572977
2024-02-23 12:00:00,0.032419983844577886,0.2189483402760503
2024-02-23 13:00:00,0.0,0.35818564895895527
2024-02-23 14:00:00,0.0,0.2801561548596764
2024-02-23 15:00:00,0.0,0.3915715283931393
2024-02-23 16:00:00,0.04680198826546869,0.16458189179182153
2024-02-23 17:00:00,0.27645955626323315,0.5593997452214434
2024-02-23 18:00:00,0.6205173188780903,0.6033126630026612
2024-02-23 19:00:00,0.8533443417476774,0.8548295329857525
2024-02-23 20:00:00,1.0,0.7533070571478412
2024-02-23 21:00:00,0.7714263591162696,0.1590376656368177
2024-02-23 22:00:00,0.41630185187617047,0.28463433499826696
2024-02-23 23:00:00,0.0,0.2510966009714679
2024-02-24 00:00:00,0.229250081365206,0.2615117360679416
2024-02-24 01:00:00,0.06463348657796829,0.22649687254730133
2024-02-24 02:00:00,0.08597740217903943,0.3362554653573735
2024-02-24 03:00:00,0.08093643671813558,0.19389037122459524
2024-02-24 04:00:00,0.06482395914931664,0.1929067617495453
2024-02-24 05:00:00,0.01573008471456086,0.3510560718437439
2024-02-24 06:00:00,0.0,0.6412888325155606
2024-02-24 07:00:00,0.06281286315853638,0.8551563897488478
2024-02-24 08:00:00,0.035997946081202464,0.4841400387471857
2024-02-24 09:00:00,0.0008200552780167693,0.25508217170004344
2024-02-24 10:00:00,0.03459890601232497,0.17771938600402837
2024-02-24 11:00:00,0.0,0.2266708889130485
2024-02-24 12:00:00,0.018012732036145174,0.25620879924799356
2024-02-24 13:00:00,0.0,0.16374936753107658
2024-02-24 14:00:00,0.009854076970494022,0.24818963430842203
2024-02-24 15:00:00,0.07864101282632815,0.20953903713811156
2024-02-24 16:00:00,0.06455901069918467,0.2520898347275358
2024-02-24 17:00:00,0.17400890518361056,0.6155844656096375
2024-02-24 18:00:00,0.684093803965208,0.7400496026558584
2024-02-24 19:00:00,0.9084970804515067,0.7630776976888367
2024-02-24 20:00:00,1.0,0.5576761336471938
2024-02-24 21:00:00,0.7880998638998873,0.2974240911054156
2024-02-24 22:00:00,0.4277310673930351,0.2577840749924078
2024-02-24 23:00:00,0.0,0.2447061173170553
2024-02-25 00:00:00,0.25710230875251394,0.3387674000135449
2024-02-25 01:00:00,0.09346832472846377,0.3036767989264
2024-02-25 02:00:00,0.10336697797289021,0.2221755600952942
2024-02-25 03:00:00,0.1578567277498522,0.39304158625432123
2024-02-25 04:00:00,0.0074472065163448745,0.27886809199738666
2024-02-25 05:00:00,0.09677856211545315,0.21812078534945345
2024-02-25 06:00:00,0.07804530603284682,0.5477284561785069
2024-02-25 07:00:00,0.06250139334026837,0.7744594485894148
2024-02-25 08:00:00,0.03751684651258172,0.5635959096583206
2024-02-25 09:00:00,0.009569260218408251,0.19973013886047825
2024-02-25 10:00:00,0.004590095701747892,0.36263554569844975
2024-02-25 11:00:00,0.041417768899320834,0.3241436357562243
2024-02-25 12:00:00,0.0504367418516396,0.27958802251922615
2024-02-25 13:00:00,0.05468208257690776,0.2091396403619708
2024-02-25 14:00:00,0.0,0.24645476937206404
2024-02-25 15:00:00,0.013640933434030098,0.23168392461523107
2024-02-25 16:00:00,0.0,0.26918538724014973
2024-02-25 17:00:00,0.1440467545310124,0.550867099592007
2024-02-25 18:00:00,0.6112743981146246,0.7271689957408507
2024-02-25 19:00:00,0.9086728406771296,0.8536145073147868
2024-02-25 20:00:00,0.9414413367980983,0.6658868733460145
2024-02-25 21:00:00,0.8114920627488241,0.3023192969293836
2024-02-25 22:00:00,0.42830186544460824,0.2648560702255774
2024-02-25 23:00:00,0.04335582285483723,0.2835233062339464
2024-02-26 00:00:00,0.16280424131061783,0.32925357534725264
2024-02-26 01:00:00,0.10641155630691564,0.270212997199635
2024-02-26 02:00:00,0.1677533267237904,0.26406352934352595
2024-02-26 03:00:00,0.0,0.3457915954475042
2024-02-26 04:00:00,0.1307979098429695,0.2689473304493401
2024-02-26 05:00:00,0.02670835861573761,0.24486133327249016
2024-02-26 06:00:00,0.0,0.5791979436910389
2024-02-26 07:00:00,0.0026482524014139843,0.800699463584318
2024-02-26 08:00:00,0.0,0.5682760749113643
2024-02-26 09:00:00,0.0,0.28807686534783034
2024-02-26 10:00:00,0.006417666118187327,0.21532590074196953
2024-02-26 11:00:00,0.027892408943512678,0.2846604799287118
2024-02-26 12:00:00,0.06337048533365225,0.17494837857639978
2024-02-26 13:00:00,0.0,0.23266273162669152
2024-02-26 14:00:00,0.0,0.2920588723175975
2024-02-26 15:00:00,0.03661541886110709,0.36967060441684063
2024-02-26 16:00:00,0.0,0.3361504058755474
2024-02-26 17:00:00,0.16326408489945465,0.5003232485018806
2024-02-26 18:00:00,0.5730145791381585,0.7293076100292327
2024-02-26 19:00:00,0.8562924554625428,0.7707730276991384
2024-02-26 20:00:00,0.9813874824892783,0.565427119767646
2024-02-26 21:00:00,0.784504166483609,0.26198424806257303
2024-02-26 22:00:00,0.47963644287411233,0.325694779863554
2024-02-26 23:00:00,0.034994811443464634,0.30501628367009714
2024-02-27 00:00:00,0.20169739059578498,0.22753740781623175
2024-02-27 01:00:00,0.07301293179883879,0.19108431872036802
2024-02-27 02:00:00,0.2061527206318181,0.2852358405756979
2024-02-27 03:00:00,0.0,0.26364150816510334
2024-02-27 04:00:00,0.06527966403851962,0.27197452067199995
2024-02-27 05:00:00,0.07479362522627171,0.3384396166841237
2024-02-27 06:00:00,0.023977253097460228,0.6365706830977487
2024-02-27 07:00:00,0.018259096359921893,0.7428355722985868
2024-02-27 08:00:00,0.006776388831699497,0.49042982094085946
2024-02-27 09:00:00,0.0,0.1830810329797251
2024-02-27 10:00:00,0.01823774998744612,0.3184119095542882
2024-02-27 11:00:00,0.03487015786850211,0.20909347840825002
2024-02-27 12:00:00,0.0,0.21976704492658083
2024-02-27 13:00:00,0.0,0.30321952282550513
2024-02-27 14:00:00,0.0,0.2694690208489247
2024-02-27 15:00:00,0.06564025408625083,0.25353787744030953
2024-02-27 16:00:00,0.08206403698632359,0.20478721506983513
2024-02-27 17:00:00,0.20204076149285016,0.45198852302299475
2024-02-27 18:00:00,0.6347155240288764,0.7979946167596741
2024-02-27 19:00:00,0.8419169694116906,0.8626967727952692
2024-02-27 20:00:00,1.0,0.6169997827256285
2024-02-27 21:00:00,0.8121987351458422,0.2564350042609923
2024-02-27 22:00:00,0.3545849717721457,0.22320994794958676
2024-02-27 23:00:00,0.0,0.2249526613862333
2024-02-28 00:00:00,0.2605301346699582,0.20995493699552686
2024-02-28 01:00:00,0.17892583032697687,0.31643418424890357
2024-02-28 02:00:00,0.04156570466695372,0.2125400177971852
2024-02-28 03:00:00,0.11965053370827478,0.3284168355038648
2024-02-28 04:00:00,0.09208204474660005,0.3144050574877254
2024-02-28 05:00:00,0.07727042763887093,0.28674947033172143
2024-02-28 06:00:00,0.0,0.5951573737782687
2024-02-28 07:00:00,0.0,0.7079191936694703
2024-02-28 08:00:00,0.0,0.5447317803609174
2024-02-28 09:00:00,0.0,0.2943315838905655
2024-02-28 10:00:00,0.0,0.26389595519652004
2024-02-28 11:00:00,0.0,0.3294369682029459
2024-02-28 12:00:00,0.033161089068354445,0.27681920029942997
2024-02-28 13:00:00,0.033838956333260777,0.21692768288340936
2024-02-28 14:00:00,0.015089158295354453,0.19269672282228778
2024-02-28 15:00:00,0.0,0.2298781411594347
2024-02-28 16:00:00,0.04712245567806846,0.23229619058025416
2024-02-28 17:00:00,0.1797001710708642,0.43234560540024636
2024-02-28 18:00:00,0.6023656290317956,0.6824833148364602
2024-02-28 19:00:00,0.8532700051441027,0.7315920096502497
2024-02-28 20:00:00,0.9478224115305239,0.5318200862639512
2024-02-28 21:00:00,0.8274168813647245,0.30953811276011084
2024-02-28 22:00:00,0.43545117472159,0.2590958612731374
2024-02-28 23:00:00,0.0016112709534606485,0.22727752106290772
2024-02-29 00:00:00,0.2612308481017434,0.21523185605935807
2024-02-29 01:00:00,0.055852941893634094,0.357829687515604
2024-02-29 02:00:00,0.1008294639626829,0.1921753564476537
2024-02-29 03:00:00,0.041855773465031595,0.15516737826787844
2024-02-29 04:00:00,0.017678887861467076,0.3069258691650262
2024-02-29 05:00:00,0.019443508708507147,0.26258980598670995
2024-02-29 06:00:00,0.0,0.663587868232326
2024-02-29 07:00:00,0.015260784231125576,0.7511600824561301
2024-02-29 08:00:00,0.049591825981830234,0.562442699000635
2024-02-29 09:00:00,0.06678454479755414,0.2899069151508547
2024-02-29 10:00:00,0.048887789203818616,0.2463248764243082
2024-02-29 11:00:00,0.005786730322759299,0.2721567636983656
2024-02-29 12:00:00,0.04165048016157946,0.20493778262204704
2024-02-29 13:00:00,0.0,0.21451796317945143
2024-02-29 14:00:00,0.018581595863967463,0.25291015097209374
2024-02-29 15:00:00,0.007966946780557644,0.28453987021106114
2024-02-29 16:00:00,0.012704072064342318,0.2571426650583216
2024-02-29 17:00:00,0.16535308479290542,0.5031243780324031
2024-02-29 18:00:00,0.608095926567394,0.6551893622090474
2024-02-29 19:00:00,0.8969151644345635,0.7731321193762066
2024-02-29 20:00:00,1.0,0.58566165064396
2024-02-29 21:00:00,0.796847443467426,0.2695534542473604
2024-02-29 22:00:00,0.35803258990328246,0.3258376067024472
2024-02-29 23:00:00,0.04462598476396502,0.30818340656652154
2024-03-01 00:00:00,0.2293370696638261,0.22965986963056684
2024-03-01 01:00:00,0.11132179688765481,0.27436985988250484
2024-03-01 02:00:00,0.03627042995899306,0.21647864756710897
2024-03-01 03:00:00,0.04926003496450802,0.24713357135615102
2024-03-01 04:00:00,0.04439144708522296,0.29534514493508646
2024-03-01 05:00:00,0.06274557855307723,0.25335263719273965
2024-03-01 06:00:00,0.03176452510047244,0.5714308100227358
2024-03-01 07:00:00,0.0,0.7500851067443965
2024-03-01 08:00:00,0.0,0.5431355730541534
2024-03-01 09:00:00,0.04113472127148678,0.2533282284815102
2024-03-01 10:00:00,0.15149905659102023,0.2518480365242613
2024-03-01 11:00:00,0.0102500573160127,0.2544926508581677
2024-03-01 12:00:00,0.0,0.2453631516156532
2024-03-01 13:00:00,0.013042130342513326,0.24268616346357424
2024-03-01 14:00:00,0.04716724237069484,0.264689539973987
2024-03-01 15:00:00,0.0750274432881261,0.23756558886805998
2024-03-01 16:00:00,0.0,0.1996303592010369
2024-03-01 17:00:00,0.23733510169747016,0.50626025129899
2024-03-01 18:00:00,0.6426991122111732,0.5803493026357193
2024-03-01 19:00:00,0.9296835262481629,0.8178301500721633
2024-03-01 20:00:00,0.9330973249093153,0.535494919133608
2024-03-01 21:00:00,0.833581844517415,0.23421346743472565
2024-03-01 22:00:00,0.38690818821328954,0.3409880075746651
2024-03-01 23:00:00,0.0,0.2732569078007565
2024-03-02 00:00:00,0.1748992721435218,0.23584939061607446
2024-03-02 01:00:00,0.018746284518897982,0.16585856750033734
2024-03-02 02:00:00,0.03833247060345266,0.3307520343271233
2024-03-02 03:00:00,0.0677691424641957,0.3036225980997742
2024-03-02 04:00:00,0.09755503703765397,0.26236078837574445
2024-03-02 05:00:00,0.0,0.24842622585948862
2024-03-02 06:00:00,0.0,0.5797967922954484
2024-03-02 07:00:00,0.0,0.7603389585641623
2024-03-02 08:00:00,0.04442314117221027,0.5033333715963991
2024-03-02 09:00:00,0.0,0.2560147594610396
2024-03-02 10:00:00,0.0,0.26169627237144594
2024-03-02 11:00:00,0.039092867701125175,0.2048096840782202
2024-03-02 12:00:00,0.0,0.23893715336457266
2024-03-02 13:00:00,0.00687542535533163,0.2531905125421414
2024-03-02 14:00:00,0.019073860761351605,0.23975224574238171
2024-03-02 15:00:00,0.019842806660008108,0.20299693651577108
2024-03-02 16:00:00,0.033536002996492724,0.28030047864692953
2024-03-02 17:00:00,0.24169518001304674,0.5404179987261312
2024-03-02 18:00:00,0.611066213142515,0.6451666983039168
2024-03-02 19:00:00,0.9871758792131012,0.762776626067352
2024-03-02 20:00:00,1.0,0.5739029090711916
2024-03-02 21:00:00,0.8521623991699563,0.2684887912512963
2024-03-02 22:00:00,0.35069561961060874,0.2931152688684878
2024-03-02 23:00:00,0.0,0.22726215126873572
2024-03-03 00:00:00,0.2554642802685232,0.3341196000961046
2024-03-03 01:00:00,0.1722962559954066,0.23661130606234856
2024-03-03 02:00:00,0.16181082071470626,0.2930146391926519
2024-03-03 03:00:00,0.04584145883429623,0.271410497865018
2024-03-03 04:00:00,0.06860458746213842,0.2810592081887738
2024-03-03 05:00:00,0.06597781738399669,0.3505130087355162
2024-03-03 06:00:00,0.0,0.5603435611533718
2024-03-03 07:00:00,0.031851037815147636,0.7818372869511913
2024-03-03 08:00:00,0.004893082177564814,0.5389676532228831
2024-03-03 09:00:00,0.0072368896528746665,0.23145452733097685
2024-03-03 10:00:00,0.014280754030833684,0.30882705349108197
2024-03-03 11:00:00,0.057183328726837346,0.2331829982773551
2024-03-03 12:00:00,0.0,0.20794982141017576
2024-03-03 13:00:00,0.0,0.22285932930664587
2024-03-03 14:00:00,0.0,0.27325391219864914
2024-03-03 15:00:00,0.0018328854339861114,0.23893317855393612
2024-03-03 16:00:00,0.006522778908095685,0.26157183429821
2024-03-03 17:00:00,0.18629967734390357,0.48056934539308527
2024-03-03 18:00:00,0.6755544712539797,0.640421287807255
2024-03-03 19:00:00,0.9514453943475495,0.7529232680617811
2024-03-03 20:00:00,0.9542212024822674,0.5544647708893811
2024-03-03 21:00:00,0.8055872701042203,0.2606295046641934
2024-03-03 22:00:00,0.4808498855339162,0.1690856768177878
2024-03-03 23:00:00,0.04278221801706767,0.2709531039866291
2024-03-04 00:00:00,0.16226330376758405,0.2705762329797151
2024-03-04 01:00:00,0.08924016311706112,0.3247866752771168
2024-03-04 02:00:00,0.08994349819952974,0.40358134888591335
2024-03-04 03:00:00,0.09512790041779881,0.1995342175939068
2024-03-04 04:00:00,0.0,0.20666851095515243
2024-03-04 05:00:00,0.05975626897360366,0.23899306680629548
2024-03-04 06:00:00,0.0,0.5664585720956156
2024-03-04 07:00:00,0.0900402847543415,0.742745768184226
2024-03-04 08:00:00,0.013257353573572687,0.5483894541757636
2024-03-04 09:00:00,0.03955785362586043,0.2421816472954517
2024-03-04 10:00:00,0.0,0.2779609365090893
2024-03-04 11:00:00,0.0910256257125963,0.2842421490106806
2024-03-04 12:00:00,0.0,0.1625447131262451
2024-03-04 13:00:00,0.0045138273749231825,0.2740136083493318
2024-03-04 14:00:00,0.03560813712007862,0.19467042016472103
2024-03-04 15:00:00,0.05001524798271825,0.23238135561125092
2024-03-04 16:00:00,0.038333131029256375,0.18669571907250204
2024-03-04 17:00:00,0.1584940033463318,0.47800228551922674
2024-03-04 18:00:00,0.6267115937474279,0.6065202934114228
2024-03-04 19:00:00,0.8073948082743403,0.684049819148707
2024-03-04 20:00:00,1.0,0.5340747766922658
2024-03-04 21:00:00,0.7594858862534452,0.264247691405674
2024-03-04 22:00:00,0.4610431559932816,0.20773597227669868
2024-03-04 23:00:00,0.0,0.210250403248061
2024-03-05 00:00:00,0.15296307224285322,0.23681963525152658
2024-03-05 01:00:00,0.05785903057487213,0.2021980107769679
2024-03-05 02:00:00,0.0,0.2118586553188682
2024-03-05 03:00:00,0.09691989034731785,0.09996257135839307
2024-03-05 04:00:00,0.028341689607922327,0.2398031900970773
2024-03-05 05:00:00,0.060108341045789895,0.24782851093655847
2024-03-05 06:00:00,0.0616965673278935,0.5098556862168961
2024-03-05 07:00:00,0.0,0.6143591449175977
2024-03-05 08:00:00,0.04388221093425941,0.46244499700625397
2024-03-05 09:00:00,0.0,0.24337223643991396
2024-03-05 10:00:00,0.029705603728579562,0.21933158136723324
2024-03-05 11:00:00,0.0,0.18784766239292158
2024-03-05 12:00:00,0.0,0.2866699292430057
2024-03-05 13:00:00,0.01928224827483306,0.19972448346891977
2024-03-05 14:00:00,0.03927831188048794,0.18302364996170406
2024-03-05 15:00:00,0.028867506670472255,0.18435234399450595
2024-03-05 16:00:00,0.0,0.22304769804023902
2024-03-05 17:00:00,0.22660229292919268,0.4227316053710786
2024-03-05 18:00:00,0.6241744378990361,0.6316826476012368
2024-03-05 19:00:00,0.9494333554690282,0.6868044415890168
2024-03-05 20:00:00,0.9251762551191275,0.6285257109118169
2024-03-05 21:00:00,0.7942794105579042,0.1698484919536411
2024-03-05 22:00:00,0.42600754014279596,0.2107660306760307
2024-03-05 23:00:00,0.02134665886891709,0.22961644488946226
2024-03-06 00:00:00,0.32608930923485213,0.23557907992485033
2024-03-06 01:00:00,0.044231258343479275,0.3560732307092816
2024-03-06 02:00:00,0.16324974361859707,0.2134018921842574
2024-03-06 03:00:00,0.13579158617109038,0.3193126136319298
2024-03-06 04:00:00,0.0,0.20931691711533468
2024-03-06 05:00:00,0.05403296304022094,0.20127127479259257
2024-03-06 06:00:00,0.0,0.6306497461613101
2024-03-06 07:00:00,0.023823421635795886,0.8091660085208139
2024-03-06 08:00:00,0.05227309278614739,0.5638070660744654
2024-03-06 09:00:00,0.010497651377189518,0.19384614654031845
2024-03-06 10:00:00,0.0,0.31079150759903074
2024-03-06 11:00:00,0.013360648806160625,0.2304430742991967
2024-03-06 12:00:00,0.05215162427779016,0.29121522966057883
2024-03-06 13:00:00,0.0,0.2245183707263789
2024-03-06 14:00:00,0.026545295142268156,0.24304461919645629
2024-03-06 15:00:00,0.02214382605548899,0.21397111697067345
2024-03-06 16:00:00,0.06122786130985983,0.18352634363919704
2024-03-06 17:00:00,0.19969278071646834,0.44837127319634196
2024-03-06 18:00:00,0.5009766626267708,0.6385194634600632
2024-03-06 19:00:00,0.93063612171703,0.671251490294467
2024-03-06 20:00:00,1.0,0.5318518335850088
2024-03-06 21:00:00,0.8262620947842113,0.2531151040971245
2024-03-06 22:00:00,0.38211102336895886,0.1371153431830064
2024-03-06 23:00:00,0.0,0.25715292405597084
2024-03-07 00:00:00,0.17846465282404145,0.22107980973583333
2024-03-07 01:00:00,0.15526240559346252,0.2143729649594177
2024-03-07 02:00:00,0.04471280931993346,0.2638324595383057
2024-03-07 03:00:00,0.07253926505639628,0.23372313330697603
2024-03-07 04:00:00,0.03316833448844882,0.22951798083007413
2024-03-07 05:00:00,0.04792848840668209,0.2262933242513201
2024-03-07 06:00:00,0.038473166231225514,0.5672461951509047
2024-03-07 07:00:00,0.0,0.7871065223119784
2024-03-07 08:00:00,0.042993793487735785,0.5680918655058236
2024-03-07 09:00:00,0.056228395303947076,0.11255665528833259
2024-03-07 10:00:00,0.0,0.19376744540147892
2024-03-07 11:00:00,0.06858844177542123,0.2581205046904069
2024-03-07 12:00:00,0.06172989187348822,0.24965055598789135
2024-03-07 13:00:00,0.010281288296825546,0.22525740386097193
2024-03-07 14:00:00,0.0,0.296903579684424
2024-03-07 15:00:00,0.0,0.2201343114185989
2024-03-07 16:00:00,0.0,0.25794960298588504
2024-03-07 17:00:00,0.2275913153053887,0.5025935496078062
2024-03-07 18:00:00,0.5565174272495106,0.6113744118579639
2024-03-07 19:00:00,0.9029964060717708,0.7916721400296708
2024-03-07 20:00:00,0.9839915292956326,0.5433888191104279
2024-03-07 21:00:00,0.7908017782213468,0.24216364934588291
2024-03-07 22:00:00,0.38468798480021454,0.36006606428092064
2024-03-07 23:00:00,0.12756460999034333,0.2643565979734584
2024-03-08 00:00:00,0.19906569434802437,0.28874519955545813
2024-03-08 01:00:00,0.05892280180393652,0.19842312797079445
2024-03-08 02:00:00,0.052239596101847766,0.24991482379879992
2024-03-08 03:00:00,0.0,0.32964857246453827
2024-03-08 04:00:00,0.018096012296438653,0.24243712476385945
2024-03-08 05:00:00,0.0,0.20521772257618418
2024-03-08 06:00:00,0.030617223388046406,0.5366444251530653
2024-03-08 07:00:00,0.022097054965064075,0.7141155750978786
2024-03-08 08:00:00,0.049201434861310754,0.4919557364888695
2024-03-08 09:00:00,0.0,0.34685245731179964
2024-03-08 10:00:00,0.0,0.13584613737239074
2024-03-08 11:00:00,0.0,0.22485822227050167
2024-03-08 12:00:00,0.0,0.24853036988544563
2024-03-08 13:00:00,0.0,0.2618612759118157
2024-03-08 14:00:00,0.11561424583366815,0.2235487745342784
2024-03-08 15:00:00,0.08406127432023525,0.23922016638746213
2024-03-08 16:00:00,0.0,0.2350956084195769
2024-03-08 17:00:00,0.23752159031025555,0.47831589121993123
2024-03-08 18:00:00,0.6666950449922198,0.7058021574518519
2024-03-08 19:00:00,0.8960348730097422,0.7747663783084076
2024-03-08 20:00:00,0.9734815354491472,0.6165560919514097
2024-03-08 21:00:00,0.8375965544393176,0.2844176013683867
2024-03-08 22:00:00,0.41430440415652897,0.20800366228707828
2024-03-08 23:00:00,0.0,0.2693796149811032
2024-03-09 00:00:00,0.2771382416846154,0.21314064595956964
2024-03-09 01:00:00,0.021805222932703122,0.2837708165073124
2024-03-09 02:00:00,0.0733147384376061,0.24359034490906173
2024-03-09 03:00:00,0.07779817995014163,0.3420625637131043
2024-03-09 04:00:00,0.08194447471128657,0.21981455934057725
2024-03-09 05:00:00,0.044471941236415014,0.16294344615312023
2024-03-09 06:00:00,0.06702960571701637,0.568302479220029
2024-03-09 07:00:00,0.09587581339488194,0.7313467715750045
2024-03-09 08:00:00,0.0,0.3826522397634307
2024-03-09 09:00:00,0.0,0.2634148987406312
2024-03-09 10:00:00,0.02292982795460657,0.3248123586082544
2024-03-09 11:00:00,0.0,0.11122928218672254
2024-03-09 12:00:00,0.03650386097145126,0.24075566797248193
2024-03-09 13:00:00,0.023373920344308283,0.33575198588461136
2024-03-09 14:00:00,0.011253764357084632,0.2569446205910916
2024-03-09 15:00:00,0.0,0.16580270356372237
2024-03-09 16:00:00,0.0,0.23541422078233526
2024-03-09 17:00:00,0.21338393302277864,0.5160751788496177
2024-03-09 18:00:00,0.4876428061481444,0.660979127272204
2024-03-09 19:00:00,0.9854725893639595,0.7366559761495828
2024-03-09 20:00:00,0.9972691890743601,0.5338177145394357
2024-03-09 21:00:00,0.7406150857440422,0.24400015682727333
2024-03-09 22:00:00,0.39349499361383916,0.2236478199106813
2024-03-09 23:00:00,0.0,0.28070524569402433
2024-03-10 00:00:00,0.11712894831244083,0.20232507015256507
2024-03-10 01:00:00,0.13893877099180085,0.2801032930107805
2024-03-10 02:00:00,0.12061198193202569,0.2062092404446611
2024-03-10 03:00:00,0.07189463498976698,0.2824029805715311
2024-03-10 04:00:00,0.03489163388069426,0.25039889166671464
2024-03-10 05:00:00,0.0,0.2915159319755355
2024-03-10 06:00:00,0.0,0.534529336389799
2024-03-10 07:00:00,0.0,0.7723399771287546
2024-03-10 08:00:00,0.033310191191918546,0.4235409982158531
2024-03-10 09:00:00,0.013964204432890433,0.39548568525618755
2024-03-10 10:00:00,0.03929189483322505,0.26944509563967844
2024-03-10 11:00:00,0.0,0.18570538285166677
2024-03-10 12:00:00,0.0,0.2221762483326469
2024-03-10 13:00:00,0.0,0.17318812869558114
2024-03-10 14:00:00,0.04118387564370369,0.20041568455406147
2024-03-10 15:00:00,0.0,0.21328303482127983
2024-03-10 16:00:00,0.007904686837323985,0.13554788367802956
2024-03-10 17:00:00,0.27046489005328617,0.5379712870960678
2024-03-10 18:00:00,0.6508086393523314,0.6450921290291699
2024-03-10 19:00:00,0.9188412236152423,0.7363024203908879
2024-03-10 20:00:00,0.9616504665888432,0.6768667349025902
2024-03-10 21:00:00,0.8535149006840267,0.1730008736299113
2024-03-10 22:00:00,0.368360237412031,0.25193178391719406
2024-03-10 23:00:00,0.01281310018882817,0.2839298536440328
2024-03-11 00:00:00,0.27335203819923926,0.2483225216137403
2024-03-11 01:00:00,0.10141424824111873,0.29150269869489054
2024-03-11 02:00:00,0.08230995413254498,0.1978121586919936
2024-03-11 03:00:00,0.12289757085475855,0.20144998332551273
2024-03-11 04:00:00,0.010735063374680706,0.3327284658874434
2024-03-11 05:00:00,0.04329188039656692,0.28173352231012866
2024-03-11 06:00:00,0.0,0.6140486612865792
2024-03-11 07:00:00,0.0,0.7702281164397728
2024-03-11 08:00:00,0.0,0.48846132769301925
2024-03-11 09:00:00,0.027644355683508468,0.29918424623243
2024-03-11 10:00:00,0.01628379816165081,0.21568116586839176
2024-03-11 11:00:00,0.08787943366470248,0.21109946059540816
2024-03-11 12:00:00,0.053291041207331795,0.21515914549772477
2024-03-11 13:00:00,0.0,0.2588765367613039
2024-03-11 14:00:00,0.04622361620838536,0.24979682512923543
2024-03-11 15:00:00,0.06600421592941519,0.15932217005835847
2024-03-11 16:00:00,0.0,0.18947813024569213
2024-03-11 17:00:00,0.257735607224351,0.4419233478231337
2024-03-11 18:00:00,0.6053234562386977,0.6716412635970385
2024-03-11 19:00:00,0.9210656592425983,0.7311957393214511
2024-03-11 20:00:00,0.9618873384372038,0.5714798549561327
2024-03-11 21:00:00,0.7323065686134652,0.32775962531137776
2024-03-11 22:00:00,0.45191421445898866,0.2199347473310562
2024-03-11 23:00:00,0.05081317785343908,0.1607790221160159
2024-03-12 00:00:00,0.16777977016859874,0.2631209049252329
2024-03-12 01:00:00,0.041063844274840215,0.13266549096028885
2024-03-12 02:00:00,0.10790013096422796,0.26223157297522237
2024-03-12 03:00:00,0.017010803819703782,0.18383783604212872
2024-03-12 04:00:00,0.08913865845174553,0.19872962670853286
2024-03-12 05:00:00,0.04217912570505991,0.184849247507603
2024-03-12 06:00:00,0.0,0.5571069576994407
2024-03-12 07:00:00,0.0,0.7041726087660123
2024-03-12 08:00:00,0.0,0.5039268950432515
2024-03-12 09:00:00,0.0,0.23218191094779767
2024-03-12 10:00:00,0.0,0.2545937694263485
2024-03-12 11:00:00,0.008760923421614714,0.164007248818841
2024-03-12 12:00:00,0.0,0.25180088164920833
2024-03-12 13:00:00,0.0,0.21479471220943583
2024-03-12 14:00:00,0.0,0.20220007204461338
2024-03-12 15:00:00,0.0,0.31231899847875033
2024-03-12 16:00:00,0.0,0.26149777948449315
2024-03-12 17:00:00,0.11321232813143173,0.44052988371308877
2024-03-12 18:00:00,0.5422978392275823,0.6428069054662499
2024-03-12 19:00:00,0.9333552778930466,0.7225792787781202
2024-03-12 20:00:00,0.9752612885598917,0.5400768886741325
2024-03-12 21:00:00,0.7375391313542836,0.2878972743523041
2024-03-12 22:00:00,0.3745072206857029,0.20894935773567772
2024-03-12 23:00:00,0.0,0.2961376145801839
2024-03-13 00:00:00,0.21402125833165103,0.18480492713044083
2024-03-13 01:00:00,0.16576446015938073,0.19182820974467124
2024-03-13 02:00:00,0.137648624253394,0.22270215520889186
2024-03-13 03:00:00,0.10899909364983862,0.2532485619562055
2024-03-13 04:00:00,0.0535133474470088,0.1676698485540652
2024-03-13 05:00:00,0.0,0.2515650042182064
2024-03-13 06:00:00,0.0,0.5533238081358083
2024-03-13 07:00:00,0.04679266469057579,0.6242992898569396
2024-03-13 08:00:00,0.022669174031179844,0.49819944038514563
2024-03-13 09:00:00,0.0,0.2248596904395937
2024-03-13 10:00:00,0.01553692158535166,0.22746534376347702
2024-03-13 11:00:00,0.0,0.1964809359660999
2024-03-13 12:00:00,0.0,0.2315291267211489
2024-03-13 13:00:00,0.038283287070253316,0.19092358054606706
2024-03-13 14:00:00,0.0492955953083421,0.19122740208922606
2024-03-13 15:00:00,0.0,0.2854140436550828
2024-03-13 16:00:00,0.0,0.15140757124259974
2024-03-13 17:00:00,0.2169576502954913,0.5072656474847412
2024-03-13 18:00:00,0.6307931930525744,0.6665471332108234
2024-03-13 19:00:00,0.8602647532768822,0.6580250914126202
2024-03-13 20:00:00,0.9514262875227362,0.5504204945182252
2024-03-13 21:00:00,0.7921151338876472,0.2550252527895915
2024-03-13 22:00:00,0.3699018682400969,0.23617229719407246
2024-03-13 23:00:00,0.0,0.2747092204799252
2024-03-14 00:00:00,0.25739693880050774,0.35395267777246486
2024-03-14 01:00:00,0.0,0.260846466654236
2024-03-14 02:00:00,0.10235424360407505,0.23119001335815803
2024-03-14 03:00:00,0.0451144798747406,0.2689373101894398
2024-03-14 04:00:00,0.11980097996568163,0.26920676611594024
2024-03-14 05:00:00,0.10456965583322177,0.1982004193836188
2024-03-14 06:00:00,0.0,0.47267508325059127
2024-03-14 07:00:00,0.0,0.6611776434035441
2024-03-14 08:00:00,0.05144720533158116,0.509353558100749
2024-03-14 09:00:00,0.0,0.2774082977444704
2024-03-14 10:00:00,0.001262607141180859,0.2240650492363343
2024-03-14 11:00:00,0.0,0.2844554461929031
2024-03-14 12:00:00,0.04200407995030972,0.3016400950238848
2024-03-14 13:00:00,0.005938616542480104,0.2852193803981554
2024-03-14 14:00:00,0.05719036624332074,0.29080443554921775
2024-03-14 15:00:00,0.06602803257714256,0.2677466650722042
2024-03-14 16:00:00,0.01630423294769209,0.2292950065212104
2024-03-14 17:00:00,0.24201718829895358,0.4379811560475293
2024-03-14 18:00:00,0.6462704807069038,0.589979242869973
2024-03-14 19:00:00,0.8551566563065938,0.7073805979131288
2024-03-14 20:00:00,1.0,0.602661830577327
2024-03-14 21:00:00,0.8504311979539386,0.2157795847990012
2024-03-14 22:00:00,0.34540742113304673,0.23675574584478712
2024-03-14 23:00:00,0.0,0.2215550914416401
2024-03-15 00:00:00,0.14573596271319364,0.16956516523572435
2024-03-15 01:00:00,0.1675494558712025,0.2582705201243766
2024-03-15 02:00:00,0.11302991132857462,0.15602447264594232
2024-03-15 03:00:00,0.0873077727819809,0.22254042958376216
2024-03-15 04:00:00,0.0,0.22110183285109875
2024-03-15 05:00:00,0.0,0.11672597569288562
2024-03-15 06:00:00,0.0,0.45258037221864245
2024-03-15 07:00:00,0.0,0.6568828804858614
2024-03-15 08:00:00,0.08050102271540288,0.4719226252566564
2024-03-15 09:00:00,0.00861479953825746,0.1873771087432395
2024-03-15 10:00:00,0.0,0.24393537584677083
2024-03-15 11:00:00,0.07625355092550717,0.2188562465929047
2024-03-15 12:00:00,0.0,0.2661470308984303
2024-03-15 13:00:00,0.04880718953012464,0.19573184670793192
2024-03-15 14:00:00,0.0,0.2575774936429004
2024-03-15 15:00:00,0.04171662300788337,0.2902603103356194
2024-03-15 16:00:00,0.0,0.23661033398693293
2024-03-15 17:00:00,0.1787340337066155,0.4675345506222542
2024-03-15 18:00:00,0.5816479640687762,0.6476957943784474
2024-03-15 19:00:00,0.8712813624177084,0.6915605209544341
2024-03-15 20:00:00,1.0,0.6309139897146074
2024-03-15 21:00:00,0.7888853757258427,0.23077489789651195
2024-03-15 22:00:00,0.41131166865359814,0.29406202109586627
2024-03-15 23:00:00,0.006937555205979561,0.28530969312621957
2024-03-16 00:00:00,0.16249430372241352,0.2689270765337673
2024-03-16 01:00:00,0.0,0.24968669712354047
2024-03-16 02:00:00,0.1208509875975517,0.29338138036094724
2024-03-16 03:00:00,0.0604448554461777,0.25126285555643807
2024-03-16 04:00:00,0.04912649611619328,0.14494329824579266
2024-03-16 05:00:00,0.0684437959743622,0.21303263113967472
2024-03-16 06:00:00,0.04361681450637027,0.4656965874599097
2024-03-16 07:00:00,0.010792933551869168,0.6966092953370601
2024-03-16 08:00:00,0.01747067659280726,0.47402706106597153
2024-03-16 09:00:00,0.0258475084115545,0.224154843201954
2024-03-16 10:00:00,0.0,0.24289416874116407
2024-03-16 11:00:00,0.0,0.1952550138305374
2024-03-16 12:00:00,0.04629828572318401,0.21616889609865028
2024-03-16 13:00:00,0.0,0.2322058728938895
2024-03-16 14:00:00,0.0,0.21988027846685732
2024-03-16 15:00:00,0.022443647138884294,0.27508858326265717
2024-03-16 16:00:00,0.045266410818313375,0.25157826765513464
2024-03-16 17:00:00,0.19922922592347925,0.42720708029998666
2024-03-16 18:00:00,0.6024308123222463,0.565032532129589
2024-03-16 19:00:00,0.8799895662293358,0.712849280322616
2024-03-16 20:00:00,1.0,0.5618016536285584
2024-03-16 21:00:00,0.6782262998832892,0.22793281680474312
2024-03-16 22:00:00,0.48349495112231383,0.10520619324161778
2024-03-16 23:00:00,0.08278793927368752,0.25104984286307663
2024-03-17 00:00:00,0.2516817963223738,0.24073310652916893
2024-03-17 01:00:00,0.0761966985627881,0.2080296867284863
2024-03-17 02:00:00,0.10673382300504844,0.19851711007323586
2024-03-17 03:00:00,0.09104646293881653,0.24889778125633294
2024-03-17 04:00:00,0.08150648272393685,0.2374090639810835
2024-03-17 05:00:00,0.06409031538070445,0.2067338548841596
2024-03-17 06:00:00,0.02408169523443905,0.4805878112912349
2024-03-17 07:00:00,0.0549617211307371,0.6517179768021173
2024-03-17 08:00:00,0.02894990055181092,0.36625036854292503
2024-03-17 09:00:00,0.01485065003153604,0.15993469259091464
2024-03-17 10:00:00,0.11561798991449457,0.1929370718818209
2024-03-17 11:00:00,0.11178009181070614,0.2037744336741083
2024-03-17 12:00:00,0.029562920626871343,0.10923875413262935
2024-03-17 13:00:00,0.055353454612324715,0.19742600595455917
2024-03-17 14:00:00,0.014610673243803739,0.15963163287768162
2024-03-17 15:00:00,0.0,0.2620449515600823
2024-03-17 16:00:00,0.0,0.2162609293781624
2024-03-17 17:00:00,0.1806145886433109,0.4400144647287779
2024-03-17 18:00:00,0.6021729436972734,0.6121154884824208
2024-03-17 19:00:00,0.8759958973999333,0.5615994959152658
2024-03-17 20:00:00,1.0,0.5149252433143913
2024-03-17 21:00:00,0.7615978014925843,0.18649403106381346
2024-03-17 22:00:00,0.4706363707435846,0.20364318398573114
2024-03-17 23:00:00,0.0,0.2550757687103609
2024-03-18 00:00:00,0.2107163574807269,0.21793314947118034
2024-03-18 01:00:00,0.1180832029967798,0.24421186647327187
2024-03-18 02:00:00,0.2019560765725796,0.18069234421522035
2024-03-18 03:00:00,0.03868479066725019,0.2660364844763272
2024-03-18 04:00:00,0.09408071564584579,0.20618188964770176
2024-03-18 05:00:00,0.13533028455897866,0.3430071867954063
2024-03-18 06:00:00,0.0,0.49280832004609115
2024-03-18 07:00:00,0.019607282924176697,0.6400491197939083
2024-03-18 08:00:00,0.0,0.4062643950120238
2024-03-18 09:00:00,0.021352091529318364,0.20404787080533524
2024-03-18 10:00:00,0.0,0.2737833576444332
2024-03-18 11:00:00,0.017851245417291033,0.20089074159420042
2024-03-18 12:00:00,0.0,0.19695313119969932
2024-03-18 13:00:00,0.0,0.2531119571433019
2024-03-18 14:00:00,0.09800015630792921,0.2863948187505564
2024-03-18 15:00:00,0.0,0.22494966535600358
2024-03-18 16:00:00,0.0,0.26942760813477035
2024-03-18 17:00:00,0.1532170492056551,0.500546533151567
2024-03-18 18:00:00,0.5583701157813901,0.5546138709349392
2024-03-18 19:00:00,0.8369598848852784,0.6955951635462656
2024-03-18 20:00:00,1.0,0.6372521599484561
2024-03-18 21:00:00,0.7438753136542746,0.19352342292370822
2024-03-18 22:00:00,0.42453284449257067,0.24648489327703993
2024-03-18 23:00:00,0.0,0.22611312519903898
2024-03-19 00:00:00,0.23514227774327862,0.307193019299321
2024-03-19 01:00:00,0.0637286463740348,0.24997141956760027
2024-03-19 02:00:00,0.05466539729717703,0.2834839908895395
2024-03-19 03:00:00,0.0342480087699262,0.17901287036505642
2024-03-19 04:00:00,0.031015266925555306,0.26613095182056035
2024-03-19 05:00:00,0.10234336056444569,0.17463180880432713
2024-03-19 06:00:00,0.0,0.5137110012901328
2024-03-19 07:00:00,0.01868722589058017,0.6717536779680399
2024-03-19 08:00:00,0.0,0.442959352944564
2024-03-19 09:00:00,0.0,0.2337630436824483
2024-03-19 10:00:00,0.12089026493589955,0.22236744232447692
2024-03-19 11:00:00,0.0,0.21611634232834184
2024-03-19 12:00:00,0.008286995561960327,0.23041101949455234
2024-03-19 13:00:00,0.0,0.18131011621392903
2024-03-19 14:00:00,0.04623224318767586,0.2754539071074952
2024-03-19 15:00:00,0.0,0.15326713456918734
2024-03-19 16:00:00,0.0,0.22159873864751028
2024-03-19 17:00:00,0.2246670365485759,0.3976870094284327
2024-03-19 18:00:00,0.531728420630723,0.5230221882433107
2024-03-19 19:00:00,0.9379405021105705,0.6142777460712726
2024-03-19 20:00:00,1.0,0.4870082030895122
2024-03-19 21:00:00,0.886920273571649,0.18991097948744587
2024-03-19 22:00:00,0.4105445172618556,0.1776180000068426
2024-03-19 23:00:00,0.07168870286821143,0.18864952559220283
2024-03-20 00:00:00,0.24231273136206447,0.14820077018952707
2024-03-20 01:00:00,0.0964700816186253,0.21258164393384826
2024-03-20 02:00:00,0.12292671428942163,0.19295680158960507
2024-03-20 03:00:00,0.021247069759991428,0.21536486550992257
2024-03-20 04:00:00,0.03995474338512725,0.18894747905145143
2024-03-20 05:00:00,0.05071523363345948,0.17765294891718722
2024-03-20 06:00:00,0.11025766128471355,0.4560642879262181
2024-03-20 07:00:00,0.0,0.6037439958395235
2024-03-20 08:00:00,0.0,0.3612871941491951
2024-03-20 09:00:00,0.0,0.17848558802840897
2024-03-20 10:00:00,0.020454371556731004,0.12633271850986305
2024-03-20 11:00:00,0.0,0.29750397113576943
2024-03-20 12:00:00,0.0,0.32067738332753326
2024-03-20 13:00:00,0.03490204406410715,0.18269828619534811
2024-03-20 14:00:00,0.0,0.11596973537934507
2024-03-20 15:00:00,0.034958765045654726,0.12022020718602747
2024-03-20 16:00:00,0.0,0.13660909345312294
2024-03-20 17:00:00,0.13070718012278415,0.37514699936479584
2024-03-20 18:00:00,0.6378896337283987,0.5739564631951456
2024-03-20 19:00:00,0.9413113758421408,0.608430753660732
2024-03-20 20:00:00,1.0,0.4074252735087292
2024-03-20 21:00:00,0.8936674090629869,0.20866438470818577
2024-03-20 22:00:00,0.4209349852219698,0.330641137385129
2024-03-20 23:00:00,0.0,0.14314420682090634
2024-03-21 00:00:00,0.17774755106377457,0.20625753063050725
2024-03-21 01:00:00,0.06787387504265403,0.2675013916208674
2024-03-21 02:00:00,0.16480256924474923,0.13145056223200152
2024-03-21 03:00:00,0.07717147070817719,0.20961556355921138
2024-03-21 04:00:00,0.07106225897001121,0.2927766187173949
2024-03-21 05:00:00,0.11886517502594117,0.2757582889020034
2024-03-21 06:00:00,0.0,0.5352740225571869
2024-03-21 07:00:00,0.04324502719547133,0.6413581038116027
2024-03-21 08:00:00,0.0048315741953874145,0.3740285494376321
2024-03-21 09:00:00,0.08480832008219104,0.19643135261250003
2024-03-21 10:00:00,0.04017924723836851,0.11107450294731
2024-03-21 11:00:00,0.012933915265598638,0.15610511479385786
2024-03-21 12:00:00,0.0,0.2517251221257307
2024-03-21 13:00:00,0.006508751542597681,0.25396123191175124
2024-03-21 14:00:00,0.0,0.25320880294625225
2024-03-21 15:00:00,0.04596664380363105,0.17667660448782213
2024-03-21 16:00:00,0.0,0.1910598742787178
2024-03-21 17:00:00,0.18036800667322345,0.3881679178254813
2024-03-21 18:00:00,0.6599954953541046,0.5567822683525318
2024-03-21 19:00:00,0.8271816208285174,0.6315042593074893
2024-03-21 20:00:00,0.9762436914167159,0.5324516682250474
2024-03-21 21:00:00,0.7439901132494112,0.25380660262534926
2024-03-21 22:00:00,0.32210712288347154,0.2248657129143568
2024-03-21 23:00:00,0.0,0.19391270003349742
2024-03-22 00:00:00,0.29401331489105836,0.17334323645402155
2024-03-22 01:00:00,0.04070323100863922,0.19685303981033067
2024-03-22 02:00:00,0.16852183738634674,0.24312285025808478
2024-03-22 03:00:00,0.08751584823118229,0.24014374212328954
2024-03-22 04:00:00,0.026633673555545124,0.1972615967138379
2024-03-22 05:00:00,0.04733620237686007,0.2602337424967559
2024-03-22 06:00:00,0.0,0.5564460652171147
2024-03-22 07:00:00,0.0,0.6120777098458378
2024-03-22 08:00:00,0.0,0.4061837456872553
2024-03-22 09:00:00,0.0,0.23282699048737743
2024-03-22 10:00:00,0.0,0.26558960918603186
2024-03-22 11:00:00,0.023838372045338674,0.24185668632799137
2024-03-22 12:00:00,0.0,0.1433019173147826
2024-03-22 13:00:00,0.03466373495041596,0.1326503904729821
2024-03-22 14:00:00,0.03219633574885546,0.20183161765966653
2024-03-22 15:00:00,0.0,0.28900830545693484
2024-03-22 16:00:00,0.03820109662798368,0.20852483735459706
2024-03-22 17:00:00,0.1496952033737074,0.33708269999918206
2024-03-22 18:00:00,0.5415088556795374,0.6253251872954104
2024-03-22 19:00:00,0.9817288560664384,0.6437919957973517
2024-03-22 20:00:00,1.0,0.47923010605928756
2024-03-22 21:00:00,0.8570880563549507,0.21320571256588564
2024-03-22 22:00:00,0.40739880663880523,0.2043103080654719
2024-03-22 23:00:00,0.0,0.22262624945616727
2024-03-23 00:00:00,0.22334270775642162,0.16498130754579715
2024-03-23 01:00:00,0.09498753331533111,0.13172277586977385
2024-03-23 02:00:00,0.13209745162883021,0.2619570965335727
2024-03-23 03:00:00,0.0,0.24341759097617977
2024-03-23 04:00:00,0.038828552007223474,0.20706222143738812
2024-03-23 05:00:00,0.0,0.1902861525668119
2024-03-23 06:00:00,0.0,0.5187797126219642
2024-03-23 07:00:00,0.0,0.602263479301105
2024-03-23 08:00:00,0.03383234333272472,0.37024566435429396
2024-03-23 09:00:00,0.08966477170176451,0.21110812884910649
2024-03-23 10:00:00,0.0,0.13797301033052045
2024-03-23 11:00:00,0.0319224439512305,0.21269770612944117
2024-03-23 12:00:00,0.05394822858499826,0.1636216631726333
2024-03-23 13:00:00,0.0,0.2186544354515991
2024-03-23 14:00:00,0.04679115705491613,0.14054195986778412
2024-03-23 15:00:00,0.0,0.27330618072604157
2024-03-23 16:00:00,0.02148039605491163,0.1998788847346627
2024-03-23 17:00:00,0.12503375669273253,0.42601277806830234
2024-03-23 18:00:00,0.6182352571135237,0.5927898728643005
2024-03-23 19:00:00,0.8540729368772031,0.5691090509265069
2024-03-23 20:00:00,1.0,0.5329322197396843
2024-03-23 21:00:00,0.81211380224968,0.20449980215917835
2024-03-23 22:00:00,0.49987056148675785,0.20834474184944002
2024-03-23 23:00:00,0.0,0.25368718583211275
2024-03-24 00:00:00,0.2253498515186458,0.21565326146607436
2024-03-24 01:00:00,0.14868246672407595,0.1920977418711049
2024-03-24 02:00:00,0.07158597771835697,0.2973084412403803
2024-03-24 03:00:00,0.041625144734925804,0.06333863659580322
2024-03-24 04:00:00,0.0,0.2443066082241783
2024-03-24 05:00:00,0.015654991743428673,0.19155232409580622
2024-03-24 06:00:00,0.012102736285543977,0.4552787440419567
2024-03-24 07:00:00,0.0,0.7008248262153216
2024-03-24 08:00:00,0.06249034680178972,0.40411389572388084
2024-03-24 09:00:00,0.005792977814480359,0.1765004846824598
2024-03-24 10:00:00,0.03692074998522253,0.19071054213572947
2024-03-24 11:00:00,0.017821355149982964,0.22848932555763618
2024-03-24 12:00:00,0.0,0.2524714584997037
2024-03-24 13:00:00,0.023163791908273893,0.22687848215928375
2024-03-24 14:00:00,0.08121983481803115,0.285708338595999
2024-03-24 15:00:00,0.0,0.2649605869611218
2024-03-24 16:00:00,0.0,0.22231005102873147
2024-03-24 17:00:00,0.1391329200809951,0.3702646851258633
2024-03-24 18:00:00,0.5658322944286889,0.5246316266217468
2024-03-24 19:00:00,0.952970603035449,0.6690778951338548
2024-03-24 20:00:00,1.0,0.46850744528194077
2024-03-24 21:00:00,0.7829463562772293,0.154331301986379
2024-03-24 22:00:00,0.34186971049436016,0.22976563477108214
2024-03-24 23:00:00,0.0,0.2340383280816188
2024-03-25 00:00:00,0.17258100420717587,0.23267732526541451
2024-03-25 01:00:00,0.15213490070797442,0.18503976049875082
2024-03-25 02:00:00,0.07297361519463194,0.21078975626227933
2024-03-25 03:00:00,0.0,0.32137530639999534
2024-03-25 04:00:00,0.0,0.23179116055541185
2024-03-25 05:00:00,0.024962264990262852,0.2031265152975131
2024-03-25 06:00:00,0.0,0.44252210489919885
2024-03-25 07:00:00,0.04609085450269562,0.5212655924047392
2024-03-25 08:00:00,0.026325252984346237,0.3196221928559687
2024-03-25 09:00:00,0.07702695092778214,0.21839087933188714
2024-03-25 10:00:00,0.02111411913111803,0.1706294855565802
2024-03-25 11:00:00,0.0,0.15065087126487034
2024-03-25 12:00:00,0.0,0.251342969886624
2024-03-25 13:00:00,0.013423501137554817,0.22443065007429655
2024-03-25 14:00:00,0.0,0.10911902543112399
2024-03-25 15:00:00,0.0,0.2588663226128531
2024-03-25 16:00:00,0.0,0.20157728308749456
2024-03-25 17:00:00,0.2714704996282941,0.4197771124456024
2024-03-25 18:00:00,0.576356767624774,0.4908337704066353
2024-03-25 19:00:00,0.9194807105755264,0.5093715111668363
2024-03-25 20:00:00,1.0,0.5655170727581066
2024-03-25 21:00:00,0.7991198372035244,0.14388811264385445
2024-03-25 22:00:00,0.4155630978457695,0.30868460763710764
2024-03-25 23:00:00,0.019278966278883855,0.22429049983587002
2024-03-26 00:00:00,0.18336295630901794,0.23446474152894195
2024-03-26 01:00:00,0.0627252085291233,0.17495938455754742
2024-03-26 02:00:00,0.11899291713477937,0.21835485607919558
2024-03-26 03:00:00,0.06559799118982615,0.07005084770900175
2024-03-26 04:00:00,0.0,0.22145690679285931
2024-03-26 05:00:00,0.0,0.16924796874389306
2024-03-26 06:00:00,0.0,0.5035041276645064
2024-03-26 07:00:00,0.0,0.5954383908725964
2024-03-26 08:00:00,0.0,0.42238764760872366
2024-03-26 09:00:00,0.03645675338702872,0.18818735876298884
2024-03-26 10:00:00,0.007168050382396116,0.17544509483912873
2024-03-26 11:00:00,0.0,0.16234581170117166
2024-03-26 12:00:00,0.0,0.2300022955090578
2024-03-26 13:00:00,0.0,0.1400102285717592
2024-03-26 14:00:00,0.015093627348941511,0.18558014138387977
2024-03-26 15:00:00,0.0,0.23757818353034152
2024-03-26 16:00:00,0.0,0.19950527345603794
2024-03-26 17:00:00,0.17181886623391562,0.46099187104277634
2024-03-26 18:00:00,0.641431253122473,0.5851221419821078
2024-03-26 19:00:00,0.8912285277730253,0.5932480361638417
2024-03-26 20:00:00,1.0,0.4445038735348091
2024-03-26 21:00:00,0.7895351363243169,0.22589851949467366
2024-03-26 22:00:00,0.41007001570820983,0.23419969437474417
2024-03-26 23:00:00,0.0,0.20748264711698908
2024-03-27 00:00:00,0.18113580912983102,0.15005048927061732
2024-03-27 01:00:00,0.07607835287925395,0.3428935638215057
2024-03-27 02:00:00,0.08196515987730366,0.18980003668660453
2024-03-27 03:00:00,0.038726979626866775,0.2582373226204618
2024-03-27 04:00:00,0.19358159512997875,0.23349878706547295
2024-03-27 05:00:00,0.047314449369919326,0.15199896318966463
2024-03-27 06:00:00,0.0,0.38525043738631914
2024-03-27 07:00:00,0.02515228864751594,0.6147296774187032
2024-03-27 08:00:00,0.05861299737567206,0.3817881649696949
2024-03-27 09:00:00,0.0,0.20495188777940282
2024-03-27 10:00:00,0.0,0.19406793161855337
2024-03-27 11:00:00,0.0,0.18694249050522854
2024-03-27 12:00:00,0.07135611465187672,0.15976010913242344
2024-03-27 13:00:00,0.02103772231680514,0.24597831106183832
2024-03-27 14:00:00,0.015907807388177066,0.21176981739494102
2024-03-27 15:00:00,0.0,0.2572486350355033
2024-03-27 16:00:00,0.0,0.21200115797104274
2024-03-27 17:00:00,0.23270690212689182,0.3884763305413141
2024-03-27 18:00:00,0.6297536681490685,0.6219730257172529
2024-03-27 19:00:00,0.8729245891686737,0.5697363747544653
2024-03-27 20:00:00,1.0,0.38999549986211757
2024-03-27 21:00:00,0.7855796765835642,0.17001951661492828
2024-03-27 22:00:00,0.3855490796079144,0.20430504551122586
2024-03-27 23:00:00,0.14131979772580464,0.2935657301167744
2024-03-28 00:00:00,0.19737658261460206,0.23127304995612322
2024-03-28 01:00:00,0.09107659278840101,0.1802284398199354
2024-03-28 02:00:00,0.21639462241983942,0.1602177977103844
2024-03-28 03:00:00,0.10523519388967162,0.21291031691008008
2024-03-28 04:00:00,0.10435764961305057,0.26004168372172193
2024-03-28 05:00:00,0.03488567147433466,0.15919024337165574
2024-03-28 06:00:00,0.0,0.4497163415813593
2024-03-28 07:00:00,0.0,0.5571904407476882
2024-03-28 08:00:00,0.0,0.4140467091771197
2024-03-28 09:00:00,0.0,0.21838040501373032
2024-03-28 10:00:00,0.0,0.22004029532583413
2024-03-28 11:00:00,0.0,0.24135283970641894
2024-03-28 12:00:00,0.0005683112875232748,0.24902216700556928
2024-03-28 13:00:00,0.016792559411417347,0.24679950195735584
2024-03-28 14:00:00,0.0,0.29351156128826983
2024-03-28 15:00:00,0.06127358926219855,0.364589722139531
2024-03-28 16:00:00,0.05233333166063658,0.25605291906179156
2024-03-28 17:00:00,0.14224883076110573,0.48504297712527905
2024-03-28 18:00:00,0.5847282557281056,0.4766882190550346
2024-03-28 19:00:00,0.8996221571096747,0.5672165879421994
2024-03-28 20:00:00,0.9693213507217199,0.46049248889427064
2024-03-28 21:00:00,0.8085394063807587,0.1724420348962028
2024-03-28 22:00:00,0.4637525849355431,0.21667773402515283
2024-03-28 23:00:00,0.1126970531458907,0.17853351947173718
2024-03-29 00:00:00,0.1646200080310119,0.19099743924934734
2024-03-29 01:00:00,0.10932946814303962,0.13229502819426098
2024-03-29 02:00:00,0.042370763405646654,0.1885465897265451
2024-03-29 03:00:00,0.11403074441257084,0.22495030753811773
2024-03-29 04:00:00,0.12981027207635526,0.11720445574612434
2024-03-29 05:00:00,0.11143531769603811,0.15996575368566265
2024-03-29 06:00:00,0.0,0.5096770748416676
2024-03-29 07:00:00,0.0,0.5789333279191272
2024-03-29 08:00:00,0.0,0.4347249330684488
2024-03-29 09:00:00,0.0,0.2087214613908811
2024-03-29 10:00:00,0.05646120853041808,0.062036891028494856
2024-03-29 11:00:00,0.02067701355733334,0.1959262618693839
2024-03-29 12:00:00,0.0,0.1259271543897756
2024-03-29 13:00:00,0.04931437440649843,0.15320002807416722
2024-03-29 14:00:00,0.0,0.13818688448969194
2024-03-29 15:00:00,0.0,0.24487752725779893
2024-03-29 16:00:00,0.0,0.176526089778985
2024-03-29 17:00:00,0.11267482594791368,0.28418659960654125
2024-03-29 18:00:00,0.5204637360680882,0.40981960798426964
2024-03-29 19:00:00,0.9126083680420789,0.6630446753902024
2024-03-29 20:00:00,0.9795577925824452,0.37295953952143124
2024-03-29 21:00:00,0.860953236829706,0.19178698727506208
2024-03-29 22:00:00,0.40093209588303297,0.15498183909320581
2024-03-29 23:00:00,0.0,0.11808034288590875
2024-03-30 00:00:00,0.17076781018621487,0.3168373788234146
2024-03-30 01:00:00,0.06122329169773389,0.17602939170230375
2024-03-30 02:00:00,0.09382235551935432,0.10680221369202292
2024-03-30 03:00:00,0.057884789718691744,0.1348784315728494
2024-03-30 04:00:00,0.0749491934938273,0.1954082847196386
2024-03-30 05:00:00,0.03511832899409884,0.31503809367270375
2024-03-30 06:00:00,0.0,0.47634706580170233
2024-03-30 07:00:00,0.0,0.4911399540519789
2024-03-30 08:00:00,0.0,0.3239435768179776
2024-03-30 09:00:00,0.03664121282173926,0.1884082260102765
2024-03-30 10:00:00,0.0,0.21083190760908582
2024-03-30 11:00:00,0.0,0.2110834656908339
2024-03-30 12:00:00,0.0,0.20714434417531305
2024-03-30 13:00:00,0.05307593489714373,0.06852713518305605
2024-03-30 14:00:00,0.0,0.15542971999469243
2024-03-30 15:00:00,0.0,0.20865870235007977
2024-03-30 16:00:00,0.0,0.20275967409730847
2024-03-30 17:00:00,0.15528732603482248,0.41657632688645807
2024-03-30 18:00:00,0.5440131737623952,0.4208023246412857
2024-03-30 19:00:00,0.9278447731443441,0.532801235426943
2024-03-30 20:00:00,0.955440134551433,0.5319534518984446
2024-03-30 21:00:00,0.9095609334360704,0.36852432245521494
2024-03-30 22:00:00,0.3229923093329927,0.15729711585752795
2024-03-30 23:00:00,0.0,0.19415239031080686
2024-03-31 00:00:00,0.2751996752652665,0.181885159839471
2024-03-31 01:00:00,0.13237990603042243,0.11191813559654404
2024-03-31 02:00:00,0.0652325676514999,0.16383244138747377
2024-03-31 03:00:00,0.0,0.20371802471839806
2024-03-31 04:00:00,0.03608538457422187,0.2663736402925324
2024-03-31 05:00:00,0.024724889500828608,0.2103463037732549
2024-03-31 06:00:00,0.08536378672104844,0.3672500967145861
2024-03-31 07:00:00,0.0657758581847105,0.5182916098926228
2024-03-31 08:00:00,0.0,0.36863601893781706
2024-03-31 09:00:00,0.0,0.23509395454089654
2024-03-31 10:00:00,0.08801136933047259,0.2323256947472921
2024-03-31 11:00:00,0.0,0.09630200790505725
2024-03-31 12:00:00,0.040623831036135954,0.1775179772750213
2024-03-31 13:00:00,0.03451964650305149,0.19463923921198278
2024-03-31 14:00:00,0.0,0.15545059605028377
2024-03-31 15:00:00,0.0,0.1881449775054085
2024-03-31 16:00:00,0.0,0.0649900132636924
2024-03-31 17:00:00,0.2698216842308676,0.34292268632755235
2024-03-31 18:00:00,0.6302698618745519,0.49516217419783864
2024-03-31 19:00:00,0.8848888479597116,0.6317554715507084
2024-03-31 20:00:00,1.0,0.4631879104918537
2024-03-31 21:00:00,0.857242244228118,0.1218104033444585
2024-03-31 22:00:00,0.39304874777385423,0.1563087046748212
2024-03-31 23:00:00,0.03103502709052501,0.13738823033475014
2024-04-01 00:00:00,0.2057762269389203,0.19899812474933823
2024-04-01 01:00:00,0.140379616023735,0.1402552778352039
2024-04-01 02:00:00,0.07463828424165976,0.208079944087604
2024-04-01 03:00:00,0.0990487482777847,0.14800488743555887
2024-04-01 04:00:00,0.067141533917722,0.20881292824261
2024-04-01 05:00:00,0.01859312606013118,0.22891099471017173
2024-04-01 06:00:00,0.018369825376682167,0.5196278958901509
2024-04-01 07:00:00,0.0,0.4753942976272819
2024-04-01 08:00:00,0.0,0.3715197494293609
2024-04-01 09:00:00,0.07727487016748764,0.17888466305370723
2024-04-01 10:00:00,0.0,0.23686982910773532
2024-04-01 11:00:00,0.0812676778437134,0.25515582960699484
2024-04-01 12:00:00,0.01866222083751231,0.1649507015873479
2024-04-01 13:00:00,0.0,0.1373165026478681
2024-04-01 14:00:00,0.05636894043742927,0.20487984419194707
2024-04-01 15:00:00,0.0,0.23264739100733425
2024-04-01 16:00:00,0.01824703709764599,0.19745303603589914
2024-04-01 17:00:00,0.1745529107534304,0.3400626600079791
2024-04-01 18:00:00,0.5944437005096566,0.5119216673418859
2024-04-01 19:00:00,0.8973325768854393,0.5735618924652537
2024-04-01 20:00:00,1.0,0.4810753744629603
2024-04-01 21:00:00,0.7873458595406237,0.18023569060169517
2024-04-01 22:00:00,0.3847792318139698,0.09412650555563029
2024-04-01 23:00:00,0.028568169470995716,0.14496414316210368
2024-04-02 00:00:00,0.2866443108230552,0.09845872303914317
2024-04-02 01:00:00,0.1755284566408791,0.23687883019319023
2024-04-02 02:00:00,0.03697196734252492,0.14866182176505333
2024-04-02 03:00:00,0.010504824210694867,0.1426674238010546
2024-04-02 04:00:00,0.00599979260512299,0.18830946040607816
2024-04-02 05:00:00,0.04206711004242612,0.21236228772122484
2024-04-02 06:00:00,0.0,0.41538504130927856
2024-04-02 07:00:00,0.0,0.6543636696371815
2024-04-02 08:00:00,0.0,0.3553572379564128
2024-04-02 09:00:00,0.0,0.198350809734397
2024-04-02 10:00:00,0.01734942509013047,0.18162853251651653
2024-04-02 11:00:00,0.0,0.17303825973413553
2024-04-02 12:00:00,0.0,0.2708901301115655
2024-04-02 13:00:00,0.0,0.26042960192546044
2024-04-02 14:00:00,0.0,0.20006616662618332
2024-04-02 15:00:00,0.0,0.1681544777579452
2024-04-02 16:00:00,0.0,0.15286740375761265
2024-04-02 17:00:00,0.31419368956671534,0.3892736531898609
2024-04-02 18:00:00,0.6425925166522463,0.4721083085662895
2024-04-02 19:00:00,0.8897075348462578,0.5289202418611804
2024-04-02 20:00:00,1.0,0.4289221790185692
2024-04-02 21:00:00,0.8059448765479548,0.19821677911754934
2024-04-02 22:00:00,0.36852789284083126,0.16065222279900646
2024-04-02 23:00:00,0.0,0.2206744646687185
2024-04-03 00:00:00,0.18618338727412692,0.25291072619711524
2024-04-03 01:00:00,0.11512958470619203,0.10348271755971031
2024-04-03 02:00:00,0.14765366298432128,0.1218499523073184
2024-04-03 03:00:00,0.06251780823718456,0.17624038870413686
2024-04-03 04:00:00,0.05682797612131274,0.1837505416804032
2024-04-03 05:00:00,0.0633115032973828,0.11742113763863132
2024-04-03 06:00:00,0.0,0.45169044725877466
2024-04-03 07:00:00,0.0,0.5985976113667555
2024-04-03 08:00:00,0.031468137683477,0.326376891245977
2024-04-03 09:00:00,0.0,0.2737941087912904
2024-04-03 10:00:00,0.0,0.2010299850293322
2024-04-03 11:00:00,0.0,0.17490674250547802
2024-04-03 12:00:00,0.04798389301301155,0.12272324907857496
2024-04-03 13:00:00,0.0,0.15327635110208385
2024-04-03 14:00:00,0.0,0.1191816982350467
2024-04-03 15:00:00,0.0,0.2503260728305531
2024-04-03 16:00:00,0.04445651031267931,0.1368240265234702
2024-04-03 17:00:00,0.28635207837400606,0.2779470973177276
2024-04-03 18:00:00,0.5743404427970464,0.48791788407402187
2024-04-03 19:00:00,0.9251131822197722,0.5145704158860328
2024-04-03 20:00:00,0.8962261213367237,0.3609321678322764
2024-04-03 21:00:00,0.7452728497480818,0.15569059312088318
2024-04-03 22:00:00,0.4523033184197625,0.2118709831587853
2024-04-03 23:00:00,0.009764625689810721,0.13252136196259237
2024-04-04 00:00:00,0.18668008365130423,0.18895297639279696
2024-04-04 01:00:00,0.20174066388831605,0.2356177888113793
2024-04-04 02:00:00,0.059132883832512015,0.26614531619856363
2024-04-04 03:00:00,0.14825613858912645,0.1715047509043707
2024-04-04 04:00:00,0.09145216400860794,0.10285486086158262
2024-04-04 05:00:00,0.0,0.16678254517794627
2024-04-04 06:00:00,0.020194422338707326,0.5249755057715395
2024-04-04 07:00:00,0.030641550642572714,0.5376124182219408
2024-04-04 08:00:00,0.0,0.4758550532331852
2024-04-04 09:00:00,0.04380947843061698,0.13343416717014656
2024-04-04 10:00:00,0.02417206652035792,0.12197897428056947
2024-04-04 11:00:00,0.02250924385886341,0.08386855256367777
2024-04-04 12:00:00,0.0,0.1991718622937444
2024-04-04 13:00:00,0.0,0.16807006893663975
2024-04-04 14:00:00,0.013178910577732052,0.1982591828470261
2024-04-04 15:00:00,0.02465149174519205,0.29641485778204646
2024-04-04 16:00:00,0.015423080185572475,0.15924398506492987
2024-04-04 17:00:00,0.1736635941098272,0.40200877058934376
2024-04-04 18:00:00,0.6875317220407856,0.5407312344790154
2024-04-04 19:00:00,0.8961939825952765,0.5893309719734379
2024-04-04 20:00:00,1.0,0.42224019216958175
2024-04-04 21:00:00,0.8162292832601648,0.1546286383929016
2024-04-04 22:00:00,0.37005534204552354,0.22503503626636612
2024-04-04 23:00:00,0.0,0.15689052347219895
2024-04-05 00:00:00,0.18210236620013948,0.26190656800796835
2024-04-05 01:00:00,0.11258374416713074,0.12429282727413768
2024-04-05 02:00:00,0.02871863857849115,0.0862314586751362
2024-04-05 03:00:00,0.04195774498578967,0.23525854861261625
2024-04-05 04:00:00,0.061599988881891866,0.1663886023348412
2024-04-05 05:00:00,0.08235501618028755,0.11254795640789998
2024-04-05 06:00:00,0.023460660267008555,0.42296431256958245
2024-04-05 07:00:00,0.0,0.5549283182375025
2024-04-05 08:00:00,0.0590819090496625,0.3810728919655988
2024-04-05 09:00:00,0.08100275006569442,0.08144182630567183
2024-04-05 10:00:00,0.0,0.1252875058370378
2024-04-05 11:00:00,0.02593175041841614,0.14405032376742113
2024-04-05 12:00:00,0.03981936657350793,0.2095311248770659
2024-04-05 13:00:00,0.0,0.21098693068616875
2024-04-05 14:00:00,0.0,0.19793707982497852
2024-04-05 15:00:00,0.0,0.19994785267073226
2024-04-05 16:00:00,0.0,0.21651917949336263
2024-04-05 17:00:00,0.1795605135827683,0.22563707622405613
2024-04-05 18:00:00,0.599443946079131,0.5096395847493063
2024-04-05 19:00:00,0.849325382975046,0.5675180044940408
2024-04-05 20:00:00,1.0,0.4728678245687458
2024-04-05 21:00:00,0.8403590512766252,0.1472031250803842
2024-04-05 22:00:00,0.43365842604998844,0.1991999688967851
2024-04-05 23:00:00,0.011030665476612444,0.13382067649814067
2024-04-06 00:00:00,0.1744971357665827,0.21250776625235496
2024-04-06 01:00:00,0.12703399197720192,0.21447074915006661
2024-04-06 02:00:00,0.04912477851614364,0.1885847083534371
2024-04-06 03:00:00,0.004968054093808197,0.2003228599823137
2024-04-06 04:00:00,0.029054948529605537,0.11913388856277313
2024-04-06 05:00:00,0.08692805310575108,0.12100583945117724
2024-04-06 06:00:00,0.04246071380547202,0.36550577812230645
2024-04-06 07:00:00,0.0562373380266394,0.5506366026207332
2024-04-06 08:00:00,0.0,0.32819087386289864
2024-04-06 09:00:00,0.08225372885670451,0.21868911866493812
2024-04-06 10:00:00,0.0022747754118476104,0.10411092332568002
2024-04-06 11:00:00,0.0,0.13761523302889667
2024-04-06 12:00:00,0.02421010294037804,0.15764965867929262
2024-04-06 13:00:00,0.0,0.18226054073916004
2024-04-06 14:00:00,0.0,0.23464995122494853
2024-04-06 15:00:00,0.0,0.13810682257204845
2024-04-06 16:00:00,0.05412226524606354,0.20372494426086368
2024-04-06 17:00:00,0.16399932522767063,0.42009600024676486
2024-04-06 18:00:00,0.6021392779413278,0.479712741696697
2024-04-06 19:00:00,0.8391610920826396,0.5828908576130231
2024-04-06 20:00:00,1.0,0.4755233395376357
2024-04-06 21:00:00,0.8285205233681534,0.20268241040126744
2024-04-06 22:00:00,0.3497923054891777,0.13593461209964142
2024-04-06 23:00:00,0.0,0.2079940561706295
2024-04-07 00:00:00,0.2077504759897155,0.2765788100447163
2024-04-07 01:00:00,0.12972280510615627,0.2633466441210579
2024-04-07 02:00:00,0.056491641916176824,0.2545198109493107
2024-04-07 03:00:00,0.11190472858552364,0.10919822255738977
2024-04-07 04:00:00,0.022137548344750926,0.1831967573822038
2024-04-07 05:00:00,0.008136941326842756,0.2191248167306869
2024-04-07 06:00:00,0.011043831655096488,0.3626675696731895
2024-04-07 07:00:00,0.0,0.5679985392043184
2024-04-07 08:00:00,0.0,0.26677676501532155
2024-04-07 09:00:00,0.018955267624004454,0.11163563193242634
2024-04-07 10:00:00,0.0,0.19733217903534703
2024-04-07 11:00:00,0.003010616229199707,0.17593274542527887
2024-04-07 12:00:00,0.04430637390970621,0.17899142841378646
2024-04-07 13:00:00,0.0,0.16887836848090385
2024-04-07 14:00:00,0.0,0.14825199342012255
2024-04-07 15:00:00,0.0,0.1911555121196929
2024-04-07 16:00:00,0.027227679946099193,0.16291493950068445
2024-04-07 17:00:00,0.10461972297260103,0.2666059181992986
2024-04-07 18:00:00,0.60770128860427,0.3736520779803869
2024-04-07 19:00:00,0.8631730438650204,0.5189432371728231
2024-04-07 20:00:00,0.9791994091503351,0.3956498656469959
2024-04-07 21:00:00,0.8855574910026063,0.16391766188229473
2024-04-07 22:00:00,0.4039009429890122,0.12653757271319854
2024-04-07 23:00:00,0.03912108694223376,0.09970951805922813
2024-04-08 00:00:00,0.21127143841886217,0.2136450593509275
2024-04-08 01:00:00,0.1624768603171079,0.2273498479573207
2024-04-08 02:00:00,0.11812962322682385,0.14705173022456014
2024-04-08 03:00:00,0.05716358835590286,0.19691162972024445
2024-04-08 04:00:00,0.04210828984380975,0.14411365072113094
2024-04-08 05:00:00,0.09781449861138027,0.14079476907998484
2024-04-08 06:00:00,0.03619086920618035,0.4145556840210815
2024-04-08 07:00:00,0.0,0.512891531840964
2024-04-08 08:00:00,0.0,0.3418671069864912
2024-04-08 09:00:00,0.0,0.14840728364649314
2024-04-08 10:00:00,0.023164123529908154,0.17601650479889788
2024-04-08 11:00:00,0.0,0.0910130389354124
2024-04-08 12:00:00,0.03516019572179875,0.16012509584945453
2024-04-08 13:00:00,0.0,0.18955016053869606
2024-04-08 14:00:00,0.0,0.10034069999089235
2024-04-08 15:00:00,0.0,0.17614800283853396
2024-04-08 16:00:00,0.0,0.20418669785559174
2024-04-08 17:00:00,0.1342254414888004,0.4296061601075991
2024-04-08 18:00:00,0.5431300922681715,0.4613248937676538
2024-04-08 19:00:00,0.9128553817423846,0.5198149323839352
2024-04-08 20:00:00,0.998484096769471,0.2853268297553153
2024-04-08 21:00:00,0.7279729230120321,0.26812112906776403
2024-04-08 22:00:00,0.3411092757472008,0.18957945570872056
2024-04-08 23:00:00,0.015529332542741317,0.09223334328835908
2024-04-09 00:00:00,0.2674953900768261,0.24637194120032
2024-04-09 01:00:00,0.10322556163274005,0.1608077778749567
2024-04-09 02:00:00,0.09482123018468931,0.16573603255304714
2024-04-09 03:00:00,0.0,0.11648147722306078
2024-04-09 04:00:00,0.07299712574374295,0.18743986208744048
2024-04-09 05:00:00,0.05609585858517875,0.25281107573968065
2024-04-09 06:00:00,0.0,0.39376705098798764
2024-04-09 07:00:00,0.0,0.4225519241310273
2024-04-09 08:00:00,0.0,0.3238480122229027
2024-04-09 09:00:00,0.0,0.09816940507244187
2024-04-09 10:00:00,0.0062232023727468375,0.1590464814148998
2024-04-09 11:00:00,0.013854421345213253,0.1855980167523164
2024-04-09 12:00:00,0.032621041735879805,0.14265697443478673
2024-04-09 13:00:00,0.0,0.1724418652347862
2024-04-09 14:00:00,0.03994344760228552,0.17874500600849685
2024-04-09 15:00:00,0.04023133554620695,0.08997950630165592
2024-04-09 16:00:00,0.0,0.16921119684950311
2024-04-09 17:00:00,0.25290987625352246,0.39941124095426317
2024-04-09 18:00:00,0.5554054567433344,0.47551628333814433
2024-04-09 19:00:00,0.9416532122406647,0.5596017661778881
2024-04-09 20:00:00,1.0,0.3799416224715597
2024-04-09 21:00:00,0.7991775707406418,0.1878907825169323
2024-04-09 22:00:00,0.4259967128814529,0.19234747413709014
2024-04-09 23:00:00,0.04083922419643955,0.16435938959956883
2024-04-10 00:00:00,0.2113809300616289,0.15798647435627822
2024-04-10 01:00:00,0.10312716508222561,0.13893618517668826
2024-04-10 02:00:00,0.10457034735998441,0.17319661321031712
2024-04-10 03:00:00,0.0,0.14926866593353683
2024-04-10 04:00:00,0.10574449523908548,0.18016961986103608
2024-04-10 05:00:00,0.02920191535994429,0.1434827934899069
2024-04-10 06:00:00,0.0,0.3489685665227782
2024-04-10 07:00:00,0.029097621968270922,0.44580186635391017
2024-04-10 08:00:00,0.007971526649183821,0.38106523539685166
2024-04-10 09:00:00,0.0,0.14755945224475822
2024-04-10 10:00:00,0.0,0.13716390923938798
2024-04-10 11:00:00,0.027294463316486148,0.23649120570460463
2024-04-10 12:00:00,0.005242134791936171,0.17015798724064304
2024-04-10 13:00:00,0.0,0.11486447342856476
2024-04-10 14:00:00,0.037992941650005975,0.09531507083043325
2024-04-10 15:00:00,0.03605408571646989,0.05382264887447731
2024-04-10 16:00:00,0.0014691959491795882,0.18931453919729704
2024-04-10 17:00:00,0.16947068097251358,0.3820911408527704
2024-04-10 18:00:00,0.5692791794744093,0.4651477541246216
2024-04-10 19:00:00,0.8863141946988933,0.5045664469779735
2024-04-10 20:00:00,0.9494511200092397,0.36493013896354964
2024-04-10 21:00:00,0.7181810920583145,0.13449822657298488
2024-04-10 22:00:00,0.44207734244308655,0.15721595314602205
2024-04-10 23:00:00,0.0,0.28816815743623564
2024-04-11 00:00:00,0.1907114381178674,0.20331896267804506
2024-04-11 01:00:00,0.06685688170553505,0.1872099892567071
2024-04-11 02:00:00,0.08744564326949315,0.19035350934647743
2024-04-11 03:00:00,0.12834870971059825,0.16856549084857886
2024-04-11 04:00:00,0.06638336514018225,0.09311291563341885
2024-04-11 05:00:00,0.04108968252191634,0.14110388881694785
2024-04-11 06:00:00,0.0023716727279670794,0.3859353476413852
2024-04-11 07:00:00,0.0,0.39368276362412696
2024-04-11 08:00:00,0.0,0.2890653971813946
2024-04-11 09:00:00,0.027021748203264508,0.1566197594006823
2024-04-11 10:00:00,0.0,0.11554416976154411
2024-04-11 11:00:00,0.0,0.11731311640020206
2024-04-11 12:00:00,0.0,0.2410824901106257
2024-04-11 13:00:00,0.0,0.07174266779753924
2024-04-11 14:00:00,0.0,0.12387508743378428
2024-04-11 15:00:00,0.05064047829268181,0.17455703284915716
2024-04-11 16:00:00,0.0,0.2447664819569654
2024-04-11 17:00:00,0.20388169151981422,0.35961614687574817
2024-04-11 18:00:00,0.5406140721659476,0.5598632305425704
2024-04-11 19:00:00,0.9049976901911219,0.47055762899124604
2024-04-11 20:00:00,1.0,0.4335079803917431
2024-04-11 21:00:00,0.8095815526309857,0.20170782201214096
2024-04-11 22:00:00,0.3090673008976793,0.1343077626834577
2024-04-11 23:00:00,0.10871008244947132,0.19328527351760683
2024-04-12 00:00:00,0.10301287769959926,0.22077472208779148
2024-04-12 01:00:00,0.07613567341483302,0.1110680513622366
2024-04-12 02:00:00,0.06578666769254804,0.17111208932746638
2024-04-12 03:00:00,0.0869620393303994,0.1835498284075006
2024-04-12 04:00:00,0.13215963071176706,0.1393556778182282
2024-04-12 05:00:00,0.0,0.2236742214669894
2024-04-12 06:00:00,0.054788192654713644,0.40108072360061175
2024-04-12 07:00:00,0.06034856021951999,0.46899510809456946
2024-04-12 08:00:00,0.0,0.3368679293493097
2024-04-12 09:00:00,0.0,0.19916116269591916
2024-04-12 10:00:00,0.0,0.22077785202453307
2024-04-12 11:00:00,0.0022606926973445128,0.20275041996911572
2024-04-12 12:00:00,0.03294770018492731,0.22617345936131297
2024-04-12 13:00:00,0.02836756700383506,0.16506265182292207
2024-04-12 14:00:00,0.044043141116542395,0.16022866260197932
2024-04-12 15:00:00,0.0,0.16780026610233756
2024-04-12 16:00:00,0.0,0.2756716523790951
2024-04-12 17:00:00,0.18855376206535387,0.2692094801627998
2024-04-12 18:00:00,0.4569165973933267,0.4085168369122437
2024-04-12 19:00:00,0.9825875489018739,0.4468674715172982
2024-04-12 20:00:00,0.9961148998940532,0.41564638181335933
2024-04-12 21:00:00,0.8042592826445497,0.2554608076829946
2024-04-12 22:00:00,0.33629517890114646,0.212187071802314
2024-04-12 23:00:00,0.031897450046729905,0.22086257970575812
2024-04-13 00:00:00,0.20887817854716625,0.13998207285673103
2024-04-13 01:00:00,0.12923406354147035,0.12805775802872113
2024-04-13 02:00:00,0.015029290087415756,0.25288023132946263
2024-04-13 03:00:00,0.06800690038190318,0.15114849527351826
2024-04-13 04:00:00,0.08983027975493905,0.16141122109014314
2024-04-13 05:00:00,0.0003587951904204384,0.13038887325187767
2024-04-13 06:00:00,0.004516250188963555,0.33014418808426155
2024-04-13 07:00:00,0.03735251392644069,0.5016141212921966
2024-04-13 08:00:00,0.054584620191280346,0.28837293508702994
2024-04-13 09:00:00,0.0,0.0816888956088141
2024-04-13 10:00:00,0.0,0.13625350731488595
2024-04-13 11:00:00,0.04417443365750012,0.092188381171205
2024-04-13 12:00:00,0.0,0.2524509661409924
2024-04-13 13:00:00,0.0,0.1430595984259635
2024-04-13 14:00:00,0.013307848402650459,0.041420530130366146
2024-04-13 15:00:00,0.0,0.17223736944343115
2024-04-13 16:00:00,0.0,0.14106668411132983
2024-04-13 17:00:00,0.15059827889707278,0.31534507980405435
2024-04-13 18:00:00,0.6239580586729331,0.427783330142221
2024-04-13 19:00:00,0.9352414243931836,0.4550728497576438
2024-04-13 20:00:00,0.9734315276772657,0.3750236436939204
2024-04-13 21:00:00,0.8046272451813886,0.21204314699430496
2024-04-13 22:00:00,0.43695941477135103,0.1862415956189969
2024-04-13 23:00:00,0.01910499260909674,0.12113784714477244
2024-04-14 00:00:00,0.17249808499061675,0.15528915185713485
2024-04-14 01:00:00,0.11801859511657896,0.22068205576670386
2024-04-14 02:00:00,0.10514738911277247,0.14048515374196452
2024-04-14 03:00:00,0.0,0.14310480251820776
2024-04-14 04:00:00,0.10044382139087338,0.2528412569298758
2024-04-14 05:00:00,0.0,0.15991838169057412
2024-04-14 06:00:00,0.022010072989713372,0.36423193754705135
2024-04-14 07:00:00,0.01407670035385468,0.48873055722714853
2024-04-14 08:00:00,0.0,0.24927279818144293
2024-04-14 09:00:00,0.028106587044264077,0.22375804241648722
2024-04-14 10:00:00,0.0,0.11224613535159567
2024-04-14 11:00:00,0.0,0.062821446635299
2024-04-14 12:00:00,0.0,0.15533831115887523
2024-04-14 13:00:00,0.0,0.23002292415819148
2024-04-14 14:00:00,0.0,0.045795273702826905
2024-04-14 15:00:00,0.057385108345911734,0.18577929228734785
2024-04-14 16:00:00,0.016232325580280104,0.09760882219234082
2024-04-14 17:00:00,0.16581991209443275,0.28878411722733366
2024-04-14 18:00:00,0.5893959449204045,0.3006758314409511
2024-04-14 19:00:00,0.8973285511572003,0.5602424762479651
2024-04-14 20:00:00,1.0,0.19714606681306387
2024-04-14 21:00:00,0.7048499670301974,0.11219191899716802
2024-04-14 22:00:00,0.35482866034083826,0.12927420242835072
2024-04-14 23:00:00,0.037429561589577484,0.2083938315012815
2024-04-15 00:00:00,0.29685736317509626,0.15720786426530534
2024-04-15 01:00:00,0.0863805609933064,0.2112985195249129
2024-04-15 02:00:00,0.14328088923799254,0.12593551011453488
2024-04-15 03:00:00,0.057568561171561713,0.13559470831341341
2024-04-15 04:00:00,0.04339015881320546,0.14952057765492074
2024-04-15 05:00:00,0.061866889232972344,0.08381503110723174
2024-04-15 06:00:00,0.042189440675056575,0.2962190291801976
2024-04-15 07:00:00,0.0,0.5143296344116634
2024-04-15 08:00:00,0.029393598760019696,0.37819114894002087
2024-04-15 09:00:00,0.11008774628822815,0.08844335313996846
2024-04-15 10:00:00,0.0,0.11929197999335478
2024-04-15 11:00:00,0.009257855986536619,0.2025226369864528
2024-04-15 12:00:00,0.050795601761037305,0.10921547156894093
2024-04-15 13:00:00,0.0,0.167490277075012
2024-04-15 14:00:00,0.056309275939412796,0.0963229375151449
2024-04-15 15:00:00,0.0,0.0984258676248026
2024-04-15 16:00:00,0.0,0.18075649479310052
2024-04-15 17:00:00,0.1979393348486139,0.3170564568078702
2024-04-15 18:00:00,0.6006306009197144,0.46687629646501166
2024-04-15 19:00:00,0.9302633085383237,0.44102077772116166
2024-04-15 20:00:00,0.9587696660105613,0.32413993485953196
2024-04-15 21:00:00,0.697407988252243,0.18739393626449183
2024-04-15 22:00:00,0.3921098685203438,0.20796692258385396
2024-04-15 23:00:00,0.010877223404643688,0.08413317220749233
2024-04-16 00:00:00,0.22552449362096622,0.18491063612395922
2024-04-16 01:00:00,0.06560229359382136,0.2072859003398379
2024-04-16 02:00:00,0.0860798526499449,0.187791373915561
2024-04-16 03:00:00,0.09377969666583826,0.17654585664659125
2024-04-16 04:00:00,0.03182265483998235,0.1561008706450247
2024-04-16 05:00:00,0.020344907126993814,0.1368599864807382
2024-04-16 06:00:00,0.0040988360964527215,0.37617845892662455
2024-04-16 07:00:00,0.0,0.47175646690485906
2024-04-16 08:00:00,0.0,0.36873502386640566
2024-04-16 09:00:00,0.028845701654151953,0.1991706759489417
2024-04-16 10:00:00,0.0,0.10969894194985669
2024-04-16 11:00:00,0.0,0.08399497430955853
2024-04-16 12:00:00,0.0,0.13314075586758997
2024-04-16 13:00:00,0.0,0.1751723060180021
2024-04-16 14:00:00,0.09773113083641624,0.10191265723923963
2024-04-16 15:00:00,0.022869910025031664,0.06818199594886296
2024-04-16 16:00:00,0.0,0.13329596709036307
2024-04-16 17:00:00,0.18009686104745865,0.3331701364844022
2024-04-16 18:00:00,0.45372955825550143,0.3233198192735101
2024-04-16 19:00:00,0.8935161247457888,0.42087817255269844
2024-04-16 20:00:00,1.0,0.3935670126856098
2024-04-16 21:00:00,0.7551860325461152,0.23993370272528125
2024-04-16 22:00:00,0.4537579694200688,0.20868369673077322
2024-04-16 23:00:00,0.0,0.0643122830420374
2024-04-17 00:00:00,0.19802849604215708,0.15457593475743003
2024-04-17 01:00:00,0.10536985727291465,0.1852758873551273
2024-04-17 02:00:00,0.12863231651455687,0.17412605471329917
2024-04-17 03:00:00,0.09806079058484905,0.22608660523907628
2024-04-17 04:00:00,0.04858379791230334,0.13792858301549538
2024-04-17 05:00:00,0.08105276824386826,0.1129048706809068
2024-04-17 06:00:00,0.03604960934399464,0.3014920220655784
2024-04-17 07:00:00,0.009210844215602454,0.4519434385066995
2024-04-17 08:00:00,0.02029856183749647,0.35293105447451983
2024-04-17 09:00:00,0.0,0.11148675347609892
2024-04-17 10:00:00,0.014099264496817941,0.15634757169947752
2024-04-17 11:00:00,0.05257359144863567,0.2681572733237071
2024-04-17 12:00:00,0.014241419023564789,0.2035568114936294
2024-04-17 13:00:00,0.0,0.12545275537649006
2024-04-17 14:00:00,0.003371722074539058,0.14928933363179467
2024-04-17 15:00:00,0.06107442231873043,0.10914589663980521
2024-04-17 16:00:00,0.0,0.09811775733715511
2024-04-17 17:00:00,0.21194135060814998,0.32358197831287233
2024-04-17 18:00:00,0.6875015143213653,0.3173540603570618
2024-04-17 19:00:00,0.9464638950437038,0.4072408764270825
2024-04-17 20:00:00,0.9611170336556143,0.3008028863572489
2024-04-17 21:00:00,0.7512217554672705,0.13017423741569162
2024-04-17 22:00:00,0.41199068895546737,0.1821751297063941
2024-04-17 23:00:00,0.0,0.1426371531392616
2024-04-18 00:00:00,0.20629916618035543,0.1298937957944123
2024-04-18 01:00:00,0.1253032144242871,0.10541343334619795
2024-04-18 02:00:00,0.12313201563810057,0.10675400740631552
2024-04-18 03:00:00,0.0,0.14154475681525908
2024-04-18 04:00:00,0.02467845407605312,0.16789169910943103
2024-04-18 05:00:00,0.09184242946743035,0.10450651204842212
2024-04-18 06:00:00,0.017784796420742797,0.3869885471223129
2024-04-18 07:00:00,0.0,0.34053268330945563
2024-04-18 08:00:00,0.0,0.29991880286368605
2024-04-18 09:00:00,0.02608584975617282,0.10096172906573117
2024-04-18 10:00:00,0.0,0.05269389354008544
2024-04-18 11:00:00,0.0,0.10046841488463851
2024-04-18 12:00:00,0.03990174955476287,0.21772423860107515
2024-04-18 13:00:00,0.0,0.19562432125575474
2024-04-18 14:00:00,0.0030920962135233473,0.15893266819105292
2024-04-18 15:00:00,0.0,0.0891655231981077
2024-04-18 16:00:00,0.0,0.15477552734577218
2024-04-18 17:00:00,0.20693086115986686,0.2625591733289832
2024-04-18 18:00:00,0.5991642477667655,0.3663362874239891
2024-04-18 19:00:00,0.9568956579146658,0.32957350023365506
2024-04-18 20:00:00,0.993891454576901,0.35755369952027105
2024-04-18 21:00:00,0.8612976170755808,0.030799897097089163
2024-04-18 22:00:00,0.40246245825094795,0.09149645342764523
2024-04-18 23:00:00,0.007777196566137558,0.1928578219755293
2024-04-19 00:00:00,0.2600495522687717,0.2180080122668578
2024-04-19 01:00:00,0.17240829527800391,0.13555892971603178
2024-04-19 02:00:00,0.13549246119785377,0.1697344277612553
2024-04-19 03:00:00,0.03466244458882435,0.21473754112995264
2024-04-19 04:00:00,0.004266367465291243,0.11300731624793856
2024-04-19 05:00:00,0.00743750500899884,0.22955101275338585
2024-04-19 06:00:00,0.039958278880208475,0.32336675652329283
2024-04-19 07:00:00,0.01620730623870351,0.3518535562663622
2024-04-19 08:00:00,0.0,0.2609345551799064
2024-04-19 09:00:00,0.0,0.12683492757765533
2024-04-19 10:00:00,0.0,0.15350012327322762
2024-04-19 11:00:00,0.0331784465477156,0.10960999162426989
2024-04-19 12:00:00,0.015900697637006782,0.14470699486429778
2024-04-19 13:00:00,0.028424784375270747,0.08710078493914974
2024-04-19 14:00:00,0.02192771650495473,0.08301015469976544
2024-04-19 15:00:00,0.008951127489100985,0.049064465026432344
2024-04-19 16:00:00,0.0,0.11709728757672923
2024-04-19 17:00:00,0.18309497556534893,0.3004232979763384
2024-04-19 18:00:00,0.6422333992435653,0.4018013352698494
2024-04-19 19:00:00,0.9421542560874171,0.40897254412738404
2024-04-19 20:00:00,1.0,0.3512168968596883
2024-04-19 21:00:00,0.6798588623256069,0.14905311849528843
2024-04-19 22:00:00,0.2913682815192222,0.14252708291434116
2024-04-19 23:00:00,0.0064356802239486244,0.12221628772037259
2024-04-20 00:00:00,0.13701880656978221,0.17838842980419617
2024-04-20 01:00:00,0.1274267207086859,0.16064386613162435
2024-04-20 02:00:00,0.02948597641091731,0.10682837086418785
2024-04-20 03:00:00,0.0,0.08699323944834017
2024-04-20 04:00:00,0.010180130698540513,0.10411920037574582
2024-04-20 05:00:00,0.08307502687102986,0.11953190201831235
2024-04-20 06:00:00,0.027479894776066105,0.35170280257937897
2024-04-20 07:00:00,0.0,0.41376325371121037
2024-04-20 08:00:00,0.0,0.2737952749730947
2024-04-20 09:00:00,0.055745945561840995,0.19913235194912093
2024-04-20 10:00:00,0.025791414195207914,0.16085562998136274
2024-04-20 11:00:00,0.0,0.06577706357250823
2024-04-20 12:00:00,0.04716519037703587,0.11272292392990435
2024-04-20 13:00:00,0.007787536463394385,0.06828379923504602
2024-04-20 14:00:00,0.0,0.1290749989555105
2024-04-20 15:00:00,0.0,0.16411071881142042
2024-04-20 16:00:00,0.0,0.12701733771870882
2024-04-20 17:00:00,0.16029101168952925,0.31680798010471356
2024-04-20 18:00:00,0.5732964796697354,0.32495962351337815
2024-04-20 19:00:00,0.898920735763374,0.3246767983468395
2024-04-20 20:00:00,0.97876637079723,0.33464910648203383
2024-04-20 21:00:00,0.8147807373594202,0.051697496861449185
2024-04-20 22:00:00,0.36499520284267273,0.1343719684958718
2024-04-20 23:00:00,0.09912794882509487,0.13072712417966065
2024-04-21 00:00:00,0.1561081925275814,0.24688041223716983
2024-04-21 01:00:00,0.1993971947113838,0.08972839826368811
2024-04-21 02:00:00,0.01823223870970403,0.17365122633798927
2024-04-21 03:00:00,0.0,0.16112476748414495
2024-04-21 04:00:00,0.09915278956777897,0.20834977402950355
2024-04-21 05:00:00,0.018137538194106788,0.10453455819374734
2024-04-21 06:00:00,0.041693871228825466,0.2508386685473844
2024-04-21 07:00:00,0.024952859276502856,0.4784992162876469
2024-04-21 08:00:00,0.0,0.22547086060322663
2024-04-21 09:00:00,0.0012929995202325087,0.132344688351575
2024-04-21 10:00:00,0.07965485815764628,0.1296645177332314
2024-04-21 11:00:00,0.042465973895122064,0.11085612484455219
2024-04-21 12:00:00,0.004013645809271607,0.10441137658361038
2024-04-21 13:00:00,0.0,0.06524521245952958
2024-04-21 14:00:00,0.010224729727122794,0.06573489292893044
2024-04-21 15:00:00,0.06314715203605753,0.12542611348706628
2024-04-21 16:00:00,0.003964299869282653,0.05090512752638188
2024-04-21 17:00:00,0.16278083777484592,0.3117531823105586
2024-04-21 18:00:00,0.6464443738041699,0.3607372919701493
2024-04-21 19:00:00,0.9450776160207554,0.4308180690311183
2024-04-21 20:00:00,1.0,0.3416129809169389
2024-04-21 21:00:00,0.7473472960146647,0.1474669033388409
2024-04-21 22:00:00,0.49470044613447217,0.15449902810175292
2024-04-21 23:00:00,0.0085389127149897,0.07050922909496336
2024-04-22 00:00:00,0.3072353126980614,0.09329162478452796
2024-04-22 01:00:00,0.08612763013502234,0.14493448088427333
2024-04-22 02:00:00,0.14573432547112558,0.1392676773831132
2024-04-22 03:00:00,0.06359520826536655,0.0412536911956886
2024-04-22 04:00:00,0.04830093801342683,0.17791552616365508
2024-04-22 05:00:00,0.0,0.10627004242654406
2024-04-22 06:00:00,0.0,0.29720935358193173
2024-04-22 07:00:00,0.0,0.3466186055279749
2024-04-22 08:00:00,0.09754579419149546,0.2955226395462345
2024-04-22 09:00:00,0.0,0.15762338769186812
2024-04-22 10:00:00,0.0,0.19594891786518837
2024-04-22 11:00:00,0.0,0.06443631885824966
2024-04-22 12:00:00,0.0,0.14675629090670533
2024-04-22 13:00:00,0.0,0.1150288999843307
2024-04-22 14:00:00,0.10791063208560017,0.1559240337772882
2024-04-22 15:00:00,0.059376980369859736,0.18388106828886927
2024-04-22 16:00:00,0.05568907661869347,0.13270744278954522
2024-04-22 17:00:00,0.33848374208194376,0.24207978484679282
2024-04-22 18:00:00,0.541621678377993,0.3468423864453466
2024-04-22 19:00:00,0.973411890286914,0.3836304667634887
2024-04-22 20:00:00,1.0,0.259756600610877
2024-04-22 21:00:00,0.8497704438226814,0.02912297872866601
2024-04-22 22:00:00,0.3534637652917893,0.1854442079311073
2024-04-22 23:00:00,0.020904838850828108,0.1078642133992774
2024-04-23 00:00:00,0.2703322541655157,0.22325012197645977
2024-04-23 01:00:00,0.08680470720581461,0.10707511393803502
2024-04-23 02:00:00,0.0524807907451695,0.17709332064967745
2024-04-23 03:00:00,0.0,0.24403915694869835
2024-04-23 04:00:00,0.15607655385247166,0.12199029919799521
2024-04-23 05:00:00,0.008373106157104099,0.1614987516686734
2024-04-23 06:00:00,0.0,0.31008770993621304
2024-04-23 07:00:00,0.0533009668734457,0.43579185838323786
2024-04-23 08:00:00,0.012978804152159776,0.22994703756367835
2024-04-23 09:00:00,0.0,0.20558301351112324
2024-04-23 10:00:00,0.0,0.1179564129097993
2024-04-23 11:00:00,0.06954041281732758,0.12435119573274132
2024-04-23 12:00:00,0.0,0.10204632874949682
2024-04-23 13:00:00,0.0,0.13245993267970893
2024-04-23 14:00:00,0.0,0.16428401809221066
2024-04-23 15:00:00,0.0,0.09811554322615905
2024-04-23 16:00:00,0.0,0.16752900563418513
2024-04-23 17:00:00,0.24182847369534033,0.2306128891730419
2024-04-23 18:00:00,0.6026510176906921,0.3266851975249199
2024-04-23 19:00:00,0.9420031250989239,0.3777339393693222
2024-04-23 20:00:00,1.0,0.24466298803267167
2024-04-23 21:00:00,0.7532827495203029,0.07809798709892135
2024-04-23 22:00:00,0.3786651182697211,0.03129129233264459
2024-04-23 23:00:00,0.0,0.12991124511905833
2024-04-24 00:00:00,0.2326436374317667,0.14086572860249844
2024-04-24 01:00:00,0.02534410435014693,0.08764603850310586
2024-04-24 02:00:00,0.03206669169957557,0.18767973325586385
2024-04-24 03:00:00,0.09884188994959878,0.15387706326760714
2024-04-24 04:00:00,0.0,0.148118762740525
2024-04-24 05:00:00,0.06944833477406276,0.07762045134356266
2024-04-24 06:00:00,0.0,0.3410750434749764
2024-04-24 07:00:00,0.0,0.4608666477888472
2024-04-24 08:00:00,0.09189429585566455,0.21853735593590165
2024-04-24 09:00:00,0.0,0.08648243852800373
2024-04-24 10:00:00,0.0,0.14398804045547248
2024-04-24 11:00:00,0.004948752376288824,0.09759909934312946
2024-04-24 12:00:00,0.0,0.09116560490890531
2024-04-24 13:00:00,0.0,0.17212684090006766
2024-04-24 14:00:00,0.0,0.033111596393335926
2024-04-24 15:00:00,0.0,0.0796558490864462
2024-04-24 16:00:00,0.0,0.09089555659122364
2024-04-24 17:00:00,0.17655468611598235,0.28827537725479857
2024-04-24 18:00:00,0.6032164526672469,0.3451000642281287
2024-04-24 19:00:00,0.8860603530505055,0.3371775591923122
2024-04-24 20:00:00,1.0,0.2401144586609137
2024-04-24 21:00:00,0.8878354138047801,0.16512168600939814
2024-04-24 22:00:00,0.42354636995504363,0.1410394674367437
2024-04-24 23:00:00,0.05050480822405014,0.16901149283553546
2024-04-25 00:00:00,0.16611641332208107,0.12341535777187197
2024-04-25 01:00:00,0.06814060228288317,0.1115532702755677
2024-04-25 02:00:00,0.17397230135564049,0.18590369656962744
2024-04-25 03:00:00,0.06304641293125132,0.2607674221684235
2024-04-25 04:00:00,0.03867596538090295,0.054198520006884424
2024-04-25 05:00:00,0.051436602937624795,0.17768780223757194
2024-04-25 06:00:00,0.08321112563542646,0.3013746194340262
2024-04-25 07:00:00,0.0,0.43714361419763675
2024-04-25 08:00:00,0.006227644682721656,0.23847466245696086
2024-04-25 09:00:00,0.07736098626297983,0.1909042603359984
2024-04-25 10:00:00,0.0,0.030745340459020637
2024-04-25 11:00:00,0.003247227080484808,0.129473892503319
2024-04-25 12:00:00,0.0,0.20991647305236438
2024-04-25 13:00:00,0.01353452794693588,0.20299485046022375
2024-04-25 14:00:00,0.013072114344426667,0.07750966059545183
2024-04-25 15:00:00,0.01720179293032044,0.06641762952051196
2024-04-25 16:00:00,0.02050409708115286,0.16131322305419124
2024-04-25 17:00:00,0.20557681537221106,0.2604089502502044
2024-04-25 18:00:00,0.5533517751170643,0.32741480038566184
2024-04-25 19:00:00,0.8763254236861061,0.42776476151039816
2024-04-25 20:00:00,1.0,0.25677910329145043
2024-04-25 21:00:00,0.8154224551969274,0.1318997213911733
2024-04-25 22:00:00,0.4092303713362818,0.19134432543820248
2024-04-25 23:00:00,0.0,0.13396363434729458
2024-04-26 00:00:00,0.19364391589203034,0.07210595468952855
2024-04-26 01:00:00,0.08090706254130983,0.1744023959381796
2024-04-26 02:00:00,0.0,0.16465424829223482
2024-04-26 03:00:00,0.03707310886386974,0.1396892989350396
2024-04-26 04:00:00,0.05170126468617394,0.1702363697602976
2024-04-26 05:00:00,0.014064748203454984,0.004489225064699343
2024-04-26 06:00:00,0.0,0.28618655995070624
2024-04-26 07:00:00,0.0,0.45138015005414545
2024-04-26 08:00:00,0.06602538546710546,0.2968854663981719
2024-04-26 09:00:00,0.000785286055213203,0.10653447977261216
2024-04-26 10:00:00,0.0,0.09746605721757154
2024-04-26 11:00:00,0.07444489978245246,0.22184257223106865
2024-04-26 12:00:00,0.0,0.11751463544682074
2024-04-26 13:00:00,0.018815735704739545,0.15097262071877637
2024-04-26 14:00:00,0.0014982364090798742,0.0415424959639695
2024-04-26 15:00:00,0.0,0.13100384178339994
2024-04-26 16:00:00,0.0,0.16999177063994275
2024-04-26 17:00:00,0.21618093540647024,0.2355781740839241
2024-04-26 18:00:00,0.6604762043120332,0.2317155405255118
2024-04-26 19:00:00,0.8822969011461167,0.3836557718814239
2024-04-26 20:00:00,0.9450832464423227,0.18486694227008332
2024-04-26 21:00:00,0.8858540327014901,0.11018713822016953
2024-04-26 22:00:00,0.4583122897380027,0.10419695369828591
2024-04-26 23:00:00,0.10457909260516957,0.1849405920584457
2024-04-27 00:00:00,0.24697965020123755,0.1623347594778425
2024-04-27 01:00:00,0.0,0.11195188564398302
2024-04-27 02:00:00,0.077063604321944,0.13341896027738795
2024-04-27 03:00:00,0.034452355746962086,0.07907923159683757
2024-04-27 04:00:00,0.06249167357065495,0.10359084864255692
2024-04-27 05:00:00,0.06262913882789435,0.1526677994002366
2024-04-27 06:00:00,0.0,0.3184679605310295
2024-04-27 07:00:00,0.11255082869566771,0.2974825390003669
2024-04-27 08:00:00,0.03799332842601236,0.23841575888452277
2024-04-27 09:00:00,0.0,0.05993447812345331
2024-04-27 10:00:00,0.0,0.00948044472301518
2024-04-27 11:00:00,0.040547612887947275,0.09937975953362888
2024-04-27 12:00:00,0.0,0.09681044676691884
2024-04-27 13:00:00,0.005722204798311856,0.04823024959634514
2024-04-27 14:00:00,0.00696290588825074,0.059515366536395754
2024-04-27 15:00:00,0.004985762533298425,0.10107278696330124
2024-04-27 16:00:00,0.004062041428039111,0.1407496145118011
2024-04-27 17:00:00,0.21945878178691022,0.26454097308020547
2024-04-27 18:00:00,0.6399852251940069,0.16843397687134173
2024-04-27 19:00:00,0.8808827525394483,0.3546568976947335
2024-04-27 20:00:00,0.9721617662662919,0.28705896880028386
2024-04-27 21:00:00,0.7736422610660624,0.0813593033535513
2024-04-27 22:00:00,0.4157360864349331,0.08323964024186462
2024-04-27 23:00:00,0.022009776901445958,0.13580139769613347
2024-04-28 00:00:00,0.2405114276285282,0.08824667838935382
2024-04-28 01:00:00,0.12401802336564373,0.11041068635907214
2024-04-28 02:00:00,0.09371146020206648,0.10638171577279862
2024-04-28 03:00:00,0.0,0.05485120114842529
2024-04-28 04:00:00,0.045698504978921375,0.094158402439053
2024-04-28 05:00:00,0.0421747984314433,0.1259386340087665
2024-04-28 06:00:00,0.0,0.21649153902763119
2024-04-28 07:00:00,0.0,0.3925925651399088
2024-04-28 08:00:00,0.009103030175109205,0.282797122299125
2024-04-28 09:00:00,0.05761477887319273,0.0874767448489312
2024-04-28 10:00:00,0.022118016374164183,0.08905369863866641
2024-04-28 11:00:00,0.0,0.09588381166230375
2024-04-28 12:00:00,0.04145124107249082,0.022304699571937148
2024-04-28 13:00:00,0.005647923669637296,0.08284063634836303
2024-04-28 14:00:00,0.034083919741718816,0.0
2024-04-28 15:00:00,0.021252615368332586,0.03175946613988728
2024-04-28 16:00:00,0.0,0.1847388365261919
2024-04-28 17:00:00,0.1629142233367745,0.2982535111939008
2024-04-28 18:00:00,0.565883035532914,0.2544370684566696
2024-04-28 19:00:00,0.9474924023310825,0.3472968544678967
2024-04-28 20:00:00,0.9954018403290104,0.2523768219382536
2024-04-28 21:00:00,0.8393840741995833,0.03348071211542118
2024-04-28 22:00:00,0.413165848474766,0.10464217224975364
2024-04-28 23:00:00,0.05509218303736877,0.19839933252064973
2024-04-29 00:00:00,0.2350557350297858,0.1821105063519139
2024-04-29 01:00:00,0.10585980252735956,0.09471373328211533
2024-04-29 02:00:00,0.11185351577989658,0.05383903095706207
2024-04-29 03:00:00,0.009818387418305999,0.06001825780639566
2024-04-29 04:00:00,0.06428773095238625,0.21478696817550025
2024-04-29 05:00:00,0.058602620564637956,0.10671041178960436
2024-04-29 06:00:00,0.05531854134880491,0.15967585585619654
2024-04-29 07:00:00,0.07043131266575281,0.33412984638944615
2024-04-29 08:00:00,0.026220188793719807,0.2213687527886952
2024-04-29 09:00:00,0.0,0.06430894538252954
2024-04-29 10:00:00,0.03453125583357562,0.10129071090860894
2024-04-29 11:00:00,0.0,0.17799804952241333
2024-04-29 12:00:00,0.03759966326613076,0.09259558971360005
2024-04-29 13:00:00,0.028435607033728577,0.1736583588008665
2024-04-29 14:00:00,0.030345553912202946,0.14140958681096943
2024-04-29 15:00:00,0.1342288391185793,0.11359647418977492
2024-04-29 16:00:00,0.025803812423980468,0.1282207949173376
2024-04-29 17:00:00,0.15706291565866426,0.20255115703352805
2024-04-29 18:00:00,0.553039774962831,0.31543940890705874
2024-04-29 19:00:00,0.9115995721886981,0.4348252439542102
2024-04-29 20:00:00,0.9988350149440774,0.20977201803596962
2024-04-29 21:00:00,0.7657945226012001,0.13274987030393207
2024-04-29 22:00:00,0.47913121155341826,0.14746582524872745
2024-04-29 23:00:00,0.0,0.014187121432732
2024-04-30 00:00:00,0.257903714444904,0.20087395505661998
2024-04-30 01:00:00,0.16027601118885562,0.07593825797827697
2024-04-30 02:00:00,0.04094379566041219,0.10082611003297896
2024-04-30 03:00:00,0.012524758680545332,0.11868585217932123
2024-04-30 04:00:00,0.04204294166759463,0.11447536305386173
2024-04-30 05:00:00,0.11970567377971575,0.09458462741859419
2024-04-30 06:00:00,0.0,0.27510014654334725
2024-04-30 07:00:00,0.0,0.3176913375978259
2024-04-30 08:00:00,0.017125152043196402,0.19246252703373803
2024-04-30 09:00:00,0.0,0.11197277849828652
2024-04-30 10:00:00,0.0,0.06355457856983965
2024-04-30 11:00:00,0.0,0.09956681297259377
2024-04-30 12:00:00,0.0,0.0
2024-04-30 13:00:00,0.0,0.05413651750693969
2024-04-30 14:00:00,0.08490724469275207,0.1568843587725158
2024-04-30 15:00:00,0.026277877176449877,0.11654006741122944
2024-04-30 16:00:00,0.0,0.12131743851443767
2024-04-30 17:00:00,0.3160121073785972,0.22491135300345352
2024-04-30 18:00:00,0.6456379165682303,0.2196833694933257
2024-04-30 19:00:00,0.8147591427866921,0.30864828401878497
2024-04-30 20:00:00,0.9958621646223058,0.38622578982356404
2024-04-30 21:00:00,0.8117987364247783,0.1346747873941383
2024-04-30 22:00:00,0.45780575916953153,0.04151237347703024
2024-04-30 23:00:00,0.0,0.0945710334917088
2024-05-01 00:00:00,0.1720593863123312,0.15326187410931605
2024-05-01 01:00:00,0.07426731573332906,0.229285874717586
2024-05-01 02:00:00,0.017652238371292706,0.09121099423612727
2024-05-01 03:00:00,0.0,0.12454811012391526
2024-05-01 04:00:00,0.04952935016776549,0.16115404016687232
2024-05-01 05:00:00,0.08832769517163713,0.16128426063292206
2024-05-01 06:00:00,0.0,0.2558674261252046
2024-05-01 07:00:00,0.0,0.32977595792508485
2024-05-01 08:00:00,0.0,0.1844501511150126
2024-05-01 09:00:00,0.0,0.07342594379811793
2024-05-01 10:00:00,0.04971881879886587,0.16955718024765795
2024-05-01 11:00:00,0.0,0.1460701172773773
2024-05-01 12:00:00,0.0,0.10782259795382095
2024-05-01 13:00:00,0.0021093454891895607,0.20771110030960316
2024-05-01 14:00:00,0.0,0.10814145376126318
2024-05-01 15:00:00,0.01448689036003725,0.1664734368750361
2024-05-01 16:00:00,0.0,0.1129116390403347
2024-05-01 17:00:00,0.20569601974835328,0.18718617045982844
2024-05-01 18:00:00,0.6096852213545056,0.20231436446573192
2024-05-01 19:00:00,0.9291414317322716,0.3187669344754543
2024-05-01 20:00:00,0.9817954655284735,0.21007147241856675
2024-05-01 21:00:00,0.7974312461286502,0.05721581819790001
2024-05-01 22:00:00,0.4150572411587584,0.17986215613023016
2024-05-01 23:00:00,0.0,0.06399528594626658
2024-05-02 00:00:00,0.28791203577556,0.076302395669206
2024-05-02 01:00:00,0.14341340855381413,0.14303199237014752
2024-05-02 02:00:00,0.09835468872266048,0.06635202612978033
2024-05-02 03:00:00,0.13031208180276566,0.1448256064651961
2024-05-02 04:00:00,0.1090922105938093,0.16767842086329965
2024-05-02 05:00:00,0.09907232169012133,0.12815332563281373
2024-05-02 06:00:00,0.0,0.19912197108603247
2024-05-02 07:00:00,0.0,0.30039871646548777
2024-05-02 08:00:00,0.005911331553482982,0.28110293073106446
2024-05-02 09:00:00,0.0,0.1940902593421972
2024-05-02 10:00:00,0.09931219858413187,0.08521439044358683
2024-05-02 11:00:00,0.0,0.10726171461189994
2024-05-02 12:00:00,0.04352836813238167,0.055165983306821695
2024-05-02 13:00:00,0.051533571236337464,0.09411344432199648
2024-05-02 14:00:00,0.0,0.12691554224994944
2024-05-02 15:00:00,0.019625857382871495,0.10552126650015763
2024-05-02 16:00:00,0.0,0.06262455811163653
2024-05-02 17:00:00,0.14616262520128998,0.24632425496050248
2024-05-02 18:00:00,0.5141555736546618,0.32076900554420346
2024-05-02 19:00:00,0.9303672867815336,0.3458166359000514
2024-05-02 20:00:00,1.0,0.18382854503441293
2024-05-02 21:00:00,0.8163476237543442,0.04401860582464544
2024-05-02 22:00:00,0.3811132393691234,0.21197981229927632
2024-05-02 23:00:00,0.057505718048892596,0.0969926355209028
2024-05-03 00:00:00,0.1491329891495468,0.0
2024-05-03 01:00:00,0.10277573365703624,0.01268771724985883
2024-05-03 02:00:00,0.05625724178622327,0.0440721369531499
2024-05-03 03:00:00,0.06310068084744906,0.09858066285792978
2024-05-03 04:00:00,0.042100418858561875,0.09499555016989664
2024-05-03 05:00:00,0.05292787281815512,0.16201819934111364
2024-05-03 06:00:00,0.0,0.192221063659283
2024-05-03 07:00:00,0.0,0.22734514423603647
2024-05-03 08:00:00,0.04466668130091434,0.2651108080172122
2024-05-03 09:00:00,0.0,0.1115231751359388
2024-05-03 10:00:00,0.022486113189241267,0.042141348326540415
2024-05-03 11:00:00,0.0,0.16159380032167564
2024-05-03 12:00:00,0.009187187287803784,0.09985213198487965
2024-05-03 13:00:00,0.0554416871323702,0.0525334810390347
2024-05-03 14:00:00,0.0,0.12896295154993856
2024-05-03 15:00:00,0.0,0.10288148423985383
2024-05-03 16:00:00,0.0,0.05074075696046136
2024-05-03 17:00:00,0.21052268988016584,0.0896320370711618
2024-05-03 18:00:00,0.5993212570164076,0.24084262234874168
2024-05-03 19:00:00,0.896127341961237,0.28919673354235403
2024-05-03 20:00:00,1.0,0.2358691043665015
2024-05-03 21:00:00,0.7070785382312945,0.028840233142558333
2024-05-03 22:00:00,0.40243619631027844,0.07950211429696452
2024-05-03 23:00:00,0.005386081551047681,0.06270472058731869
2024-05-04 00:00:00,0.2739517259123776,0.15384331542918778
2024-05-04 01:00:00,0.09170253245626046,0.12367164228800878
2024-05-04 02:00:00,0.1424669345997713,0.08367991803743635
2024-05-04 03:00:00,0.15954950894394637,0.043712715054863446
2024-05-04 04:00:00,0.10576771742689461,0.1384406216537652
2024-05-04 05:00:00,0.06267001912746917,0.12252597817799785
2024-05-04 06:00:00,0.05572224140510551,0.33819421382408177
2024-05-04 07:00:00,0.03644595134653678,0.36166267151289333
2024-05-04 08:00:00,0.0,0.27188761584012183
2024-05-04 09:00:00,0.08524882287120264,0.14777859928251472
2024-05-04 10:00:00,0.0,0.10139394359347341
2024-05-04 11:00:00,0.0,0.0905574121312468
2024-05-04 12:00:00,0.03327076742368088,0.11841775266204628
2024-05-04 13:00:00,0.0,0.12374356253300707
2024-05-04 14:00:00,0.002086644150595348,0.1113955497899344
2024-05-04 15:00:00,0.0,0.13810527806453518
2024-05-04 16:00:00,0.053905594810335834,0.12561747157357872
2024-05-04 17:00:00,0.20337825905082715,0.22302553887094048
2024-05-04 18:00:00,0.5598647959786069,0.2715621670258238
2024-05-04 19:00:00,0.9160876790583874,0.23390608839142202
2024-05-04 20:00:00,1.0,0.24156957825047942
2024-05-04 21:00:00,0.7534402750228854,0.16190231152031997
2024-05-04 22:00:00,0.46244159387456907,0.0924878660638494
2024-05-04 23:00:00,0.0,0.14033935380159268
2024-05-05 00:00:00,0.3304461397051574,0.0823559918131066
2024-05-05 01:00:00,0.09007115268554904,0.16666865546588971
2024-05-05 02:00:00,0.10109354961882178,0.14208285662754094
2024-05-05 03:00:00,0.010222674676187031,0.13959536898349323
2024-05-05 04:00:00,0.08390528551796327,0.05044819776941479
2024-05-05 05:00:00,0.047599220008355286,0.10753125554838629
2024-05-05 06:00:00,0.0,0.14282881348542198
2024-05-05 07:00:00,0.019910814466475798,0.29975239947725996
2024-05-05 08:00:00,0.0,0.1982983605536081
2024-05-05 09:00:00,0.0,0.14965212510525575
2024-05-05 10:00:00,0.0,0.07670749662463298
2024-05-05 11:00:00,0.0,0.12457665477034591
2024-05-05 12:00:00,0.012607493649964916,0.056025101513751105
2024-05-05 13:00:00,0.0,0.0490838891383147
2024-05-05 14:00:00,0.019932752401455048,0.12202038135314207
2024-05-05 15:00:00,0.0,0.12761130839645557
2024-05-05 16:00:00,0.0,0.18628632745883295
2024-05-05 17:00:00,0.21275828983610098,0.2820591496850464
2024-05-05 18:00:00,0.5770757242601714,0.26416583186783354
2024-05-05 19:00:00,0.9070638313346339,0.33621932024960444
2024-05-05 20:00:00,0.9469103124180647,0.27435368379292246
2024-05-05 21:00:00,0.7473041320560898,0.06028895388442211
2024-05-05 22:00:00,0.3901693058123473,0.056690061077762074
2024-05-05 23:00:00,0.0,0.193272356079582
2024-05-06 00:00:00,0.06912331176367997,0.08971592418215639
2024-05-06 01:00:00,0.07256363674297438,0.07444133897994734
2024-05-06 02:00:00,0.028971997012278386,0.187901517772689
2024-05-06 03:00:00,0.12873458004961694,0.11179418180925081
2024-05-06 04:00:00,0.07845383473315838,0.12785114656318014
2024-05-06 05:00:00,0.06402658898219236,0.07223538074231671
2024-05-06 06:00:00,0.0,0.26775517458885123
2024-05-06 07:00:00,0.0,0.3112900073862695
2024-05-06 08:00:00,0.033898553832799105,0.12702140851940236
2024-05-06 09:00:00,0.0,0.09891703485213568
2024-05-06 10:00:00,0.0,0.14446442947816943
2024-05-06 11:00:00,0.05864033938090313,0.10183293490263579
2024-05-06 12:00:00,0.029962644329980356,0.14656899161327278
2024-05-06 13:00:00,0.0,0.07606990244668976
2024-05-06 14:00:00,0.0038204169334599847,0.2165727863117971
2024-05-06 15:00:00,0.02380432865171685,0.12755676048669234
2024-05-06 16:00:00,0.0,0.1574697954822736
2024-05-06 17:00:00,0.18840070281638116,0.1700950857338109
2024-05-06 18:00:00,0.6584412250537826,0.2190701304074947
2024-05-06 19:00:00,0.7656504437698852,0.23178772223453464
2024-05-06 20:00:00,0.9484064706099111,0.07152782032131422
2024-05-06 21:00:00,0.8476553917402477,0.042338742907677224
2024-05-06 22:00:00,0.37752029051828095,0.09523973639595713
2024-05-06 23:00:00,0.03808845587186965,0.11800953794152824
2024-05-07 00:00:00,0.2366402638002515,0.12520729516605394
2024-05-07 01:00:00,0.18159885901429595,0.12292519710062297
2024-05-07 02:00:00,0.07919343715279985,0.12915611610772376
2024-05-07 03:00:00,0.05561296539955322,0.0
2024-05-07 04:00:00,0.06426302268896475,0.02568304157308643
2024-05-07 05:00:00,0.016591730409065995,0.13072554464582548
2024-05-07 06:00:00,0.0,0.2194664855690597
2024-05-07 07:00:00,0.029611080359624616,0.373423254991661
2024-05-07 08:00:00,0.0,0.19953395318881273
2024-05-07 09:00:00,0.0,0.14886895617350637
2024-05-07 10:00:00,0.05249827721132068,0.1794436734777209
2024-05-07 11:00:00,0.019552485035737425,0.08990930812489314
2024-05-07 12:00:00,0.03274051971190598,0.07703629705323417
2024-05-07 13:00:00,0.007586626188955947,0.1537961219726205
2024-05-07 14:00:00,0.0,0.060936976411607814
2024-05-07 15:00:00,0.039632124902609416,0.10699310507248949
2024-05-07 16:00:00,0.0,0.07787893442981458
2024-05-07 17:00:00,0.2476830447321754,0.25441237626346297
2024-05-07 18:00:00,0.5910409594474856,0.234758979444629
2024-05-07 19:00:00,0.8417775376007619,0.2000869632685415
2024-05-07 20:00:00,1.0,0.24175086098056872
2024-05-07 21:00:00,0.7291779940308687,0.16048275794565028
2024-05-07 22:00:00,0.48044098169839144,0.04534764816561999
2024-05-07 23:00:00,0.019461734349994392,0.04415920471711707
2024-05-08 00:00:00,0.1618741044284155,0.1664769271351615
2024-05-08 01:00:00,0.12505804374886004,0.1182927892816753
2024-05-08 02:00:00,0.11172951418244573,0.09515009424249052
2024-05-08 03:00:00,0.06472739321085008,0.0511335786058018
2024-05-08 04:00:00,0.04218950611558397,0.11269532621497606
2024-05-08 05:00:00,0.07191656851137003,0.025014702096428032
2024-05-08 06:00:00,0.0,0.2091922157733623
2024-05-08 07:00:00,0.0,0.316126507052427
2024-05-08 08:00:00,0.0,0.10881195063660795
2024-05-08 09:00:00,0.0,0.13054750250773833
2024-05-08 10:00:00,0.0,0.18378963075292612
2024-05-08 11:00:00,0.0,0.07433466637029863
2024-05-08 12:00:00,0.0,0.16023005783331512
2024-05-08 13:00:00,0.0,0.10540888396660704
2024-05-08 14:00:00,0.0,0.11494098691322419
2024-05-08 15:00:00,0.0,0.1001876610690443
2024-05-08 16:00:00,0.0,0.0005097112737897785
2024-05-08 17:00:00,0.17882831640575386,0.16544186883185646
2024-05-08 18:00:00,0.5990686938093507,0.19773213404084578
2024-05-08 19:00:00,0.9538771861886439,0.2535680843940378
2024-05-08 20:00:00,1.0,0.22615229072249843
2024-05-08 21:00:00,0.7736984299875264,0.04434793072017308
2024-05-08 22:00:00,0.3671928199749427,0.14970931090582995
2024-05-08 23:00:00,0.025772583564020957,0.16475816407207317
2024-05-09 00:00:00,0.24709677003064365,0.11214472143660142
2024-05-09 01:00:00,0.1367886642692258,0.026078856983782497
2024-05-09 02:00:00,0.19320993246107382,0.0672000847609854
2024-05-09 03:00:00,0.05974729045656763,0.142260721639178
2024-05-09 04:00:00,0.08600985683707414,0.0
2024-05-09 05:00:00,0.01130943752950192,0.07483624201463358
2024-05-09 06:00:00,0.0,0.2597893262569364
2024-05-09 07:00:00,0.05608496520989292,0.19745002626909108
2024-05-09 08:00:00,0.03531767021652651,0.15047647666096794
2024-05-09 09:00:00,0.0,0.04305604173679296
2024-05-09 10:00:00,0.0,0.1038454669974739
2024-05-09 11:00:00,0.0,0.12378545330349051
2024-05-09 12:00:00,0.022065452440842348,0.05599607779485762
2024-05-09 13:00:00,0.05861531273780615,0.0
2024-05-09 14:00:00,0.0,0.08165537588072998
2024-05-09 15:00:00,0.06887727540088494,0.07556350000434284
2024-05-09 16:00:00,0.06646407620512237,0.02245660806156506
2024-05-09 17:00:00,0.12478614850944122,0.12188456172337311
2024-05-09 18:00:00,0.6190141790246082,0.20374347170325185
2024-05-09 19:00:00,0.8050823733864998,0.24254753512930266
2024-05-09 20:00:00,1.0,0.12486360302756733
2024-05-09 21:00:00,0.7443279359200989,0.0
2024-05-09 22:00:00,0.40296089896374965,0.06944315173843661
2024-05-09 23:00:00,0.05928388913440771,0.21345882053760495
2024-05-10 00:00:00,0.20211834327504707,0.15921305595173213
2024-05-10 01:00:00,0.05112905835891568,0.11223424633496859
2024-05-10 02:00:00,0.08111214990710171,0.09365270558357694
2024-05-10 03:00:00,0.05845148267920013,0.02994401084066211
2024-05-10 04:00:00,0.0,0.0896808630719854
2024-05-10 05:00:00,0.05043847631865416,0.10815150499715363
2024-05-10 06:00:00,0.0072340347852505,0.2382460822127237
2024-05-10 07:00:00,0.017866715349989404,0.2766194315478665
2024-05-10 08:00:00,0.0,0.25233541901237044
2024-05-10 09:00:00,0.037387970919415106,0.06767682541657648
2024-05-10 10:00:00,0.08623159134743463,0.17161218009086296
2024-05-10 11:00:00,0.04451376066450714,0.004775620801023409
2024-05-10 12:00:00,0.0,0.05913145128326566
2024-05-10 13:00:00,0.03609090472568038,0.027517469496637095
2024-05-10 14:00:00,0.0,0.09453246043544841
2024-05-10 15:00:00,0.029671352047957646,0.07950509046087
2024-05-10 16:00:00,0.0,0.0
2024-05-10 17:00:00,0.13738722970340012,0.23442256290268038
2024-05-10 18:00:00,0.5697770384189949,0.1059929452207651
2024-05-10 19:00:00,0.7955967929503062,0.29242621968859484
2024-05-10 20:00:00,1.0,0.17124273175567029
2024-05-10 21:00:00,0.7676832960156994,0.12398452860438094
2024-05-10 22:00:00,0.397263368505435,0.10816223714665091
2024-05-10 23:00:00,0.12011973314574063,0.08875828834115136
2024-05-11 00:00:00,0.17099327142775306,0.0868609480228719
2024-05-11 01:00:00,0.11561520955248751,0.05527097154918942
2024-05-11 02:00:00,0.063178938082565,0.10200138959301662
2024-05-11 03:00:00,0.05692020264815902,0.07031159256581108
2024-05-11 04:00:00,0.021862061585692046,0.1411453511237033
2024-05-11 05:00:00,0.010836056539536051,0.12391991443490742
2024-05-11 06:00:00,0.08715135279075284,0.22641742558289774
2024-05-11 07:00:00,0.0,0.3493053799891568
2024-05-11 08:00:00,0.0,0.23001385567424207
2024-05-11 09:00:00,0.022032155460682466,0.0
2024-05-11 10:00:00,0.0,0.07899082117800103
2024-05-11 11:00:00,0.041028806316662794,0.03603525301363451
2024-05-11 12:00:00,0.00950837219394297,0.13621752552628769
2024-05-11 13:00:00,0.0,0.14310279115439767
2024-05-11 14:00:00,0.030718747374549937,0.12743123389710564
2024-05-11 15:00:00,0.0,0.14071990120023808
2024-05-11 16:00:00,0.03617464639884313,0.14507969208592952
2024-05-11 17:00:00,0.21751258554094427,0.12777407129346696
2024-05-11 18:00:00,0.5720843017692486,0.24776718784172136
2024-05-11 19:00:00,0.8373966120714411,0.23534640885997618
2024-05-11 20:00:00,0.9735456396858572,0.258019766733593
2024-05-11 21:00:00,0.7951786209976979,0.12122628534492533
2024-05-11 22:00:00,0.40156550806441427,0.045655874230760805
2024-05-11 23:00:00,0.0,0.042885493871943146
2024-05-12 00:00:00,0.1849501038434033,0.0
2024-05-12 01:00:00,0.07717925182326246,0.03044429838189156
2024-05-12 02:00:00,0.03941490512991826,0.060335985953256795
2024-05-12 03:00:00,0.0,0.08091461208693555
2024-05-12 04:00:00,0.13680664592478453,0.11211994473492311
2024-05-12 05:00:00,0.07679335847270122,0.12343371807778686
2024-05-12 06:00:00,0.12128629422234274,0.19495961534435083
2024-05-12 07:00:00,0.0,0.2951260295455115
2024-05-12 08:00:00,0.08947541079036893,0.1436143709022502
2024-05-12 09:00:00,0.012985688900272102,0.030361157950509088
2024-05-12 10:00:00,0.0,0.16047295272255496
2024-05-12 11:00:00,0.008204096853998961,0.09518365160691356
2024-05-12 12:00:00,0.021724068911772476,0.06918180981671346
2024-05-12 13:00:00,0.0,0.12199267534232786
2024-05-12 14:00:00,0.0026654865818064874,0.0
2024-05-12 15:00:00,0.0,0.08602765612722096
2024-05-12 16:00:00,0.0,0.1052062266960581
2024-05-12 17:00:00,0.17900883638529855,0.11280945487858299
2024-05-12 18:00:00,0.5321828826944144,0.15353276306260766
2024-05-12 19:00:00,0.9786779054184,0.24505526250977863
2024-05-12 20:00:00,0.9929510645505485,0.20474751175335887
2024-05-12 21:00:00,0.8080718348371875,0.07742475578838666
2024-05-12 22:00:00,0.35814752538578487,0.0027530555712069055
2024-05-12 23:00:00,0.031124680029316523,0.10089006335779804
2024-05-13 00:00:00,0.2646503260957404,0.1585062601931475
2024-05-13 01:00:00,0.05415346355529235,0.005442129874625293
2024-05-13 02:00:00,0.09693667348649843,0.1805077337596681
2024-05-13 03:00:00,0.1360178943127821,0.07600608231463611
2024-05-13 04:00:00,0.028303634560941596,0.04489437804330169
2024-05-13 05:00:00,0.0,0.07013219196116335
2024-05-13 06:00:00,0.06501639071724273,0.10887049151349076
2024-05-13 07:00:00,0.0,0.2501515167484803
2024-05-13 08:00:00,0.00293085715721946,0.16270084322617537
2024-05-13 09:00:00,0.0,0.0
2024-05-13 10:00:00,0.0,0.0
2024-05-13 11:00:00,0.016360827153303396,0.03928233412819525
2024-05-13 12:00:00,0.02892882247408651,0.11721712748810781
2024-05-13 13:00:00,0.0,0.08461564047702894
2024-05-13 14:00:00,0.0,0.14047502256277597
2024-05-13 15:00:00,0.0,0.13126817476116012
2024-05-13 16:00:00,0.0,0.10772124835040789
2024-05-13 17:00:00,0.1460776891213867,0.2152847875152311
2024-05-13 18:00:00,0.6841922065495225,0.31584441534349317
2024-05-13 19:00:00,0.8999921699515925,0.34985383028883915
2024-05-13 20:00:00,0.9707943628456162,0.2518130563067253
2024-05-13 21:00:00,0.7449291719176618,0.0802924674706935
2024-05-13 22:00:00,0.48695878174311436,0.14642300004832126
2024-05-13 23:00:00,0.00391637398460071,0.0
2024-05-14 00:00:00,0.24877453210919084,0.05274507681199786
2024-05-14 01:00:00,0.17146799081462089,0.04819649950928809
2024-05-14 02:00:00,0.1568192802471453,0.2022127924301405
2024-05-14 03:00:00,0.06736152497339515,0.02240640192028505
2024-05-14 04:00:00,0.13756050335787473,0.21956964796502948
2024-05-14 05:00:00,0.0725888625154028,0.04594293282478242
2024-05-14 06:00:00,0.0,0.2125359171549189
2024-05-14 07:00:00,0.0,0.2896396972962477
2024-05-14 08:00:00,0.0,0.19885460231474686
2024-05-14 09:00:00,0.0,0.021295995952103144
2024-05-14 10:00:00,0.03818030400202235,0.1908427195140926
2024-05-14 11:00:00,0.01175603290987092,0.10582025895877219
2024-05-14 12:00:00,0.019809231656446293,0.08373100537113778
2024-05-14 13:00:00,0.0,0.07233286367014774
2024-05-14 14:00:00,0.04297311260200498,0.1255727185040292
2024-05-14 15:00:00,0.06311232615730013,0.0
2024-05-14 16:00:00,0.032585309670899225,0.1337141328677471
2024-05-14 17:00:00,0.2105358538031093,0.1643278721588344
2024-05-14 18:00:00,0.6517230322894407,0.20627198584136772
2024-05-14 19:00:00,1.0,0.2724798752374266
2024-05-14 20:00:00,1.0,0.1778381212190081
2024-05-14 21:00:00,0.6881707576584036,0.1049940649484452
2024-05-14 22:00:00,0.4054572628837999,0.1205620899050041
2024-05-14 23:00:00,0.034653097500854865,0.10956608563254609
2024-05-15 00:00:00,0.15707866724558409,0.013646222647674455
2024-05-15 01:00:00,0.04842063982012691,0.15519862911139132
2024-05-15 02:00:00,0.1454211435394606,0.01717259841980153
2024-05-15 03:00:00,0.0,0.08604625362465287
2024-05-15 04:00:00,0.1053497776802826,0.14545236888873242
2024-05-15 05:00:00,0.07241178899459652,0.21172979000224307
2024-05-15 06:00:00,0.0,0.18435873107131792
2024-05-15 07:00:00,0.04078161492701738,0.21786626971225287
2024-05-15 08:00:00,0.06819206805270225,0.14892912560913646
2024-05-15 09:00:00,0.0,0.09453208649605391
2024-05-15 10:00:00,0.0,0.09145156829341339
2024-05-15 11:00:00,0.031135049672542686,0.01896860849194091
2024-05-15 12:00:00,0.0,0.015373066038067915
2024-05-15 13:00:00,0.05950474958168842,0.06922730045085368
2024-05-15 14:00:00,0.039574767921846665,0.07276186352768262
2024-05-15 15:00:00,0.0,0.1667294401538023
2024-05-15 16:00:00,0.03674176669939649,0.10295331937549407
2024-05-15 17:00:00,0.15441584463225894,0.1877705400320073
2024-05-15 18:00:00,0.5916611013140912,0.27618959739958776
2024-05-15 19:00:00,0.935669836272846,0.21759017803142383
2024-05-15 20:00:00,1.0,0.20656161547744156
2024-05-15 21:00:00,0.8111181715341735,0.02252409437111201
2024-05-15 22:00:00,0.40595218298233327,0.05495999347383443
2024-05-15 23:00:00,0.0,0.03212060654205397
2024-05-16 00:00:00,0.13205637577288115,0.09548700060917267
2024-05-16 01:00:00,0.18194738909418617,0.11376680577160965
2024-05-16 02:00:00,0.013004912103441776,0.06818440716033546
2024-05-16 03:00:00,0.020281257108655516,0.1159487331271953
2024-05-16 04:00:00,0.08642355915439162,0.15122837681346546
2024-05-16 05:00:00,0.0,0.06384543584080861
2024-05-16 06:00:00,0.004641773038375442,0.21183695808620545
2024-05-16 07:00:00,0.0,0.24869180327759857
2024-05-16 08:00:00,0.0,0.10007396259489
2024-05-16 09:00:00,0.0,0.08710399358785867
2024-05-16 10:00:00,0.0,0.09230049910479193
2024-05-16 11:00:00,0.09329396106753256,0.06625095020012658
2024-05-16 12:00:00,0.0,0.044135455718615754
2024-05-16 13:00:00,0.0,0.06790031795842047
2024-05-16 14:00:00,0.0,0.19258209023482314
2024-05-16 15:00:00,0.0003992255523216212,0.06983237375268192
2024-05-16 16:00:00,0.06723927044732583,0.14872707173740102
2024-05-16 17:00:00,0.14729363066930717,0.11914141797640497
2024-05-16 18:00:00,0.6028347387033256,0.1666889813498613
2024-05-16 19:00:00,0.9514409591116469,0.31048212284657145
2024-05-16 20:00:00,0.9679538259501628,0.12241082565773878
2024-05-16 21:00:00,0.7933266165354507,0.015868698432284153
2024-05-16 22:00:00,0.36346771276722856,0.12592805633868842
2024-05-16 23:00:00,0.00881098877682609,0.029826036543898385
2024-05-17 00:00:00,0.22429748894614682,0.004098571707771781
2024-05-17 01:00:00,0.1458031421050869,0.0
2024-05-17 02:00:00,0.06577066252109498,0.0
2024-05-17 03:00:00,0.09735013623098915,0.061045907284499025
2024-05-17 04:00:00,0.0396063580247705,0.08674608603585883
2024-05-17 05:00:00,0.03448524590472406,0.02367300078109208
2024-05-17 06:00:00,0.0,0.09674626711300383
2024-05-17 07:00:00,0.05141445014658404,0.2545502886413012
2024-05-17 08:00:00,0.010648579177231108,0.24876687066500963
2024-05-17 09:00:00,0.10247694820224854,0.04783141898588501
2024-05-17 10:00:00,0.09981816136914734,0.04549111904262369
2024-05-17 11:00:00,0.008086704108497628,0.018712660576139586
2024-05-17 12:00:00,0.0,0.046023281459712725
2024-05-17 13:00:00,0.0,0.1301963300056645
2024-05-17 14:00:00,0.0,0.0979422847508994
2024-05-17 15:00:00,0.0,0.0950938935360132
2024-05-17 16:00:00,0.0,0.0912169367971414
2024-05-17 17:00:00,0.18862119932345864,0.21753927741603427
2024-05-17 18:00:00,0.6225310127801483,0.20690419230915436
2024-05-17 19:00:00,0.8907237586481461,0.23830481619594207
2024-05-17 20:00:00,0.9708052826002749,0.2533251644335897
2024-05-17 21:00:00,0.773323645137486,0.056476384233813855
2024-05-17 22:00:00,0.4418443069270033,0.03990020319140293
2024-05-17 23:00:00,0.006886850087012026,0.06771415941057592
2024-05-18 00:00:00,0.1727209800790553,0.0878297111665204
2024-05-18 01:00:00,0.1156835558974101,0.0756123843165774
2024-05-18 02:00:00,0.037825402278306955,0.058082558614894364
2024-05-18 03:00:00,0.06576191202382796,0.027781615394993082
2024-05-18 04:00:00,0.004575543991181444,0.03778814194434185
2024-05-18 05:00:00,0.0913611234765909,0.12236501386841259
2024-05-18 06:00:00,0.01720768088674347,0.19083483675210894
2024-05-18 07:00:00,0.0,0.295723360018731
2024-05-18 08:00:00,0.0,0.05294212252550369
2024-05-18 09:00:00,0.0,0.0
2024-05-18 10:00:00,0.0064045833091273974,0.056548507256101485
2024-05-18 11:00:00,0.0,0.03188766548602473
2024-05-18 12:00:00,0.09923338611375188,0.06616385796459927
2024-05-18 13:00:00,0.0,0.03909299988401321
2024-05-18 14:00:00,0.0,0.048652235236778835
2024-05-18 15:00:00,0.05736503034241933,0.12436822138252776
2024-05-18 16:00:00,0.0,0.1535471442569254
2024-05-18 17:00:00,0.13672762133579297,0.14316957576851802
2024-05-18 18:00:00,0.6339348984838519,0.3056745640659978
2024-05-18 19:00:00,0.8843566816494254,0.05991629760795525
2024-05-18 20:00:00,1.0,0.20847753901641772
2024-05-18 21:00:00,0.804905158719036,0.006936417789756413
2024-05-18 22:00:00,0.37134963246558594,0.07258468193434668
2024-05-18 23:00:00,0.0,0.03232436892896998
2024-05-19 00:00:00,0.15048481399237418,0.0
2024-05-19 01:00:00,0.09991614208647255,0.06927506878241922
2024-05-19 02:00:00,0.08651031279500049,0.08304451975065946
2024-05-19 03:00:00,0.05906928756343219,0.12548081164140168
2024-05-19 04:00:00,0.09136691028185258,0.07458971128643553
2024-05-19 05:00:00,0.05328676983048826,0.07016600821956973
2024-05-19 06:00:00,0.0,0.1867295753892679
2024-05-19 07:00:00,0.02738958372300057,0.21891678138448667
2024-05-19 08:00:00,0.07551615392814572,0.20506404733031386
2024-05-19 09:00:00,0.06487641202275014,0.04977047612778808
2024-05-19 10:00:00,0.0014367160845282583,0.054551829909919636
2024-05-19 11:00:00,0.03538201625299614,0.04631309784771766
2024-05-19 12:00:00,0.0,0.05262072381885953
2024-05-19 13:00:00,0.028567468191901202,0.06156339960645702
2024-05-19 14:00:00,0.008587980332057132,0.06350143368407744
2024-05-19 15:00:00,0.004610572607037697,0.06394569052761069
2024-05-19 16:00:00,0.03782781858607029,0.0
2024-05-19 17:00:00,0.12427966331133879,0.06550319991546759
2024-05-19 18:00:00,0.5945365901451489,0.196811948526482
2024-05-19 19:00:00,0.98911108170768,0.12170356777131086
2024-05-19 20:00:00,1.0,0.16988307270418276
2024-05-19 21:00:00,0.7501240879612394,0.057051183856434144
2024-05-19 22:00:00,0.3633588786745677,0.046044521440089164
2024-05-19 23:00:00,0.0,0.016856849605043987
2024-05-20 00:00:00,0.2026791664423036,0.0
2024-05-20 01:00:00,0.10715745165631642,0.07788597797829153
2024-05-20 02:00:00,0.1006623025405451,0.0598378264320167
2024-05-20 03:00:00,0.029797914620404473,0.08240013573113146
2024-05-20 04:00:00,0.046900172044007545,0.1306034955467704
2024-05-20 05:00:00,0.0,0.053493190244396575
2024-05-20 06:00:00,0.08701150500535987,0.14230162820535314
2024-05-20 07:00:00,0.0,0.25849562182481656
2024-05-20 08:00:00,0.0,0.17992508711520813
2024-05-20 09:00:00,0.023623185506341907,0.09798178110923911
2024-05-20 10:00:00,0.025714006406271746,0.0345214495256941
2024-05-20 11:00:00,0.0,0.005804393328809769
2024-05-20 12:00:00,0.0864415584063047,0.10411222433192249
2024-05-20 13:00:00,0.0,0.14214258804767121
2024-05-20 14:00:00,0.0,0.07630045624071308
2024-05-20 15:00:00,0.0,0.030835827691202425
2024-05-20 16:00:00,0.0,0.09778826200124843
2024-05-20 17:00:00,0.1836105798996702,0.17867970223974994
2024-05-20 18:00:00,0.5606525019533714,0.1486131350591335
2024-05-20 19:00:00,0.8755517466650897,0.14853645638887594
2024-05-20 20:00:00,1.0,0.11712619808058244
2024-05-20 21:00:00,0.8824752005391466,0.0
2024-05-20 22:00:00,0.4531552609009213,0.05147050815803861
2024-05-20 23:00:00,0.03180596369490526,0.060217461195812505
2024-05-21 00:00:00,0.21159701661004196,0.04471978855525073
2024-05-21 01:00:00,0.17924175455208777,0.13090165244764457
2024-05-21 02:00:00,0.03918530580785193,0.1545441152498785
2024-05-21 03:00:00,0.02638073547685573,0.020661800500838642
2024-05-21 04:00:00,0.0689930145450655,0.06381575725097323
2024-05-21 05:00:00,0.07538385094979153,0.023465008608567373
2024-05-21 06:00:00,0.03996508039808563,0.13878648685171552
2024-05-21 07:00:00,0.02760852467119078,0.2128983237322536
2024-05-21 08:00:00,0.01979058074458663,0.13209651730012667
2024-05-21 09:00:00,0.06454440572709637,0.0817833155168364
2024-05-21 10:00:00,0.0,0.04241267793606249
2024-05-21 11:00:00,0.034003177639032656,0.0
2024-05-21 12:00:00,0.0,0.09800262079551603
2024-05-21 13:00:00,0.06430077874138884,0.0802752374981108
2024-05-21 14:00:00,0.07299005828579708,0.01664350585957617
2024-05-21 15:00:00,0.0,0.03622045369079862
2024-05-21 16:00:00,0.0,0.13266638526205501
2024-05-21 17:00:00,0.2339971666747171,0.195174751554256
2024-05-21 18:00:00,0.5924950648229899,0.2482641508570803
2024-05-21 19:00:00,0.8946099954091231,0.18597313010594707
2024-05-21 20:00:00,1.0,0.2609709593793116
2024-05-21 21:00:00,0.7376492701879832,0.06009250600139896
2024-05-21 22:00:00,0.33624454625557376,0.08108966896298148
2024-05-21 23:00:00,0.002118212062375541,0.012057913739142757
2024-05-22 00:00:00,0.18609981185660993,0.03954454163710657
2024-05-22 01:00:00,0.03761108218318642,0.0914079207670046
2024-05-22 02:00:00,0.010928301986461927,0.0
2024-05-22 03:00:00,0.029591937099741752,0.034568895937510766
2024-05-22 04:00:00,0.07596729950488848,0.01973423946814737
2024-05-22 05:00:00,0.08269243122341108,0.026919096843219345
2024-05-22 06:00:00,0.17826544124844312,0.16656580082133052
2024-05-22 07:00:00,0.03774389550908522,0.16221955334745594
2024-05-22 08:00:00,0.039420269965326174,0.08602618443916003
2024-05-22 09:00:00,0.0,0.017078752775421126
2024-05-22 10:00:00,0.0,0.1192042874700886
2024-05-22 11:00:00,0.0,0.06367438134023938
2024-05-22 12:00:00,0.0033816779768089836,0.06275672295301346
2024-05-22 13:00:00,0.0646226842871965,0.09438296843242133
2024-05-22 14:00:00,0.0,0.06858159203705111
2024-05-22 15:00:00,0.0,0.10432063389855654
2024-05-22 16:00:00,0.030581596311217124,0.0
2024-05-22 17:00:00,0.1507193401260735,0.15945784570587407
2024-05-22 18:00:00,0.644658365691176,0.19981438683033417
2024-05-22 19:00:00,0.7871171107924944,0.1496718101351543
2024-05-22 20:00:00,0.9888511570111833,0.15713729525249853
2024-05-22 21:00:00,0.8125195560015361,0.053174424600937575
2024-05-22 22:00:00,0.3287437004116152,0.022380354767839235
2024-05-22 23:00:00,0.0,0.06233432127702393
2024-05-23 00:00:00,0.24911526816433135,0.07358881773060529
2024-05-23 01:00:00,0.10136147222743902,0.0
2024-05-23 02:00:00,0.03172652430421016,0.0409292302973072
2024-05-23 03:00:00,0.10119517845375026,0.05455786266973747
2024-05-23 04:00:00,0.0881876841157473,0.0029138468821612584
2024-05-23 05:00:00,0.13068631132687702,0.0
2024-05-23 06:00:00,0.0,0.18059213430128584
2024-05-23 07:00:00,0.0,0.08742039388167586
2024-05-23 08:00:00,0.026178031652463546,0.1570288087182828
2024-05-23 09:00:00,0.0,0.13979173566890124
2024-05-23 10:00:00,0.0,0.041236638275435576
2024-05-23 11:00:00,0.06294198208665788,0.09389294174549656
2024-05-23 12:00:00,0.0730976092787932,0.05055500380859997
2024-05-23 13:00:00,0.012461180670510223,0.10600267847928739
2024-05-23 14:00:00,0.0008631235816584123,0.09172898457743597
2024-05-23 15:00:00,0.0,0.06488689743372114
2024-05-23 16:00:00,0.0,0.1590844105885021
2024-05-23 17:00:00,0.2830415401219643,0.1566506577544785
2024-05-23 18:00:00,0.6052950439765693,0.11567570887655669
2024-05-23 19:00:00,0.918405783927744,0.1726791131072645
2024-05-23 20:00:00,1.0,0.08676590198631196
2024-05-23 21:00:00,0.8067739304079182,0.05573283967156825
2024-05-23 22:00:00,0.37910811619302925,0.12883255489546863
2024-05-23 23:00:00,0.0,0.1017362434646227
2024-05-24 00:00:00,0.2199391895048567,0.0007854913235056035
2024-05-24 01:00:00,0.10478519168051777,0.0
2024-05-24 02:00:00,0.12652150197065382,0.0
2024-05-24 03:00:00,0.10528741521786956,0.1047595782561806
2024-05-24 04:00:00,0.079294411600848,0.07089566418548862
2024-05-24 05:00:00,0.05767629094611947,0.0719786233200932
2024-05-24 06:00:00,0.0,0.16049548342912062
2024-05-24 07:00:00,0.024894078860752077,0.16191225337440374
2024-05-24 08:00:00,0.0,0.030213031308589294
2024-05-24 09:00:00,0.026309951427202178,0.052171786226157695
2024-05-24 10:00:00,0.02214211436632695,0.0
2024-05-24 11:00:00,0.004647086882843462,0.06899293482190164
2024-05-24 12:00:00,0.014402972161762388,0.07293608587435194
2024-05-24 13:00:00,0.0,0.008786900582466638
2024-05-24 14:00:00,0.0,0.05498085642166326
2024-05-24 15:00:00,0.028511603153690276,0.042553737603201754
2024-05-24 16:00:00,0.0,0.09962774358005701
2024-05-24 17:00:00,0.18983235119347694,0.02825407685286692
2024-05-24 18:00:00,0.5613238105588675,0.11633454897056633
2024-05-24 19:00:00,0.8827221836593575,0.22681441533244961
2024-05-24 20:00:00,1.0,0.07752238002971144
2024-05-24 21:00:00,0.8641745645395639,0.099021087371847
2024-05-24 22:00:00,0.4010947117105305,0.006298785900998104
2024-05-24 23:00:00,0.009469747610353605,0.03912178227054214
2024-05-25 00:00:00,0.23448489256114477,0.07075202630720692
2024-05-25 01:00:00,0.09527319681522994,0.07204742099000276
2024-05-25 02:00:00,0.0365728317061646,0.05456553242450776
2024-05-25 03:00:00,0.0,0.09901455972609988
2024-05-25 04:00:00,0.10214951470118197,0.038830769535144395
2024-05-25 05:00:00,0.0,0.08739364522830304
2024-05-25 06:00:00,0.0,0.13498642504154781
2024-05-25 07:00:00,0.010800991913323787,0.16650395106729826
2024-05-25 08:00:00,0.0,0.15550404889984892
2024-05-25 09:00:00,0.0,0.0978931122031665
2024-05-25 10:00:00,0.010370247785780332,0.036123890052239635
2024-05-25 11:00:00,0.0,0.07930319364512209
2024-05-25 12:00:00,0.05063655247995759,0.009088123518305784
2024-05-25 13:00:00,0.030697256791662242,0.06106175024066108
2024-05-25 14:00:00,0.0,0.02471897856785358
2024-05-25 15:00:00,0.041697067113417745,0.10312179775199837
2024-05-25 16:00:00,0.0,0.040295919838382946
2024-05-25 17:00:00,0.1786051250715752,0.18301610719554195
2024-05-25 18:00:00,0.5972862779655338,0.18250536738424805
2024-05-25 19:00:00,0.8722310701337945,0.15178843244670595
2024-05-25 20:00:00,1.0,0.08861857993156907
2024-05-25 21:00:00,0.8770269551713,0.1103551209018553
2024-05-25 22:00:00,0.41220530629155433,0.10818308324814102
2024-05-25 23:00:00,0.041781544954005184,0.09445761877391852
2024-05-26 00:00:00,0.24066783171323639,0.006180021365076095
2024-05-26 01:00:00,0.1089095891538771,0.09854104124028878
2024-05-26 02:00:00,0.17717304448661553,0.030328859924951233
2024-05-26 03:00:00,0.07648028294554274,0.0225298171790652
2024-05-26 04:00:00,0.1547255077339093,0.0007545372300822792
2024-05-26 05:00:00,0.0,0.08973025482941588
2024-05-26 06:00:00,0.05066088114887523,0.1369871766175135
2024-05-26 07:00:00,0.0,0.15894955598839822
2024-05-26 08:00:00,0.0,0.12897131255273825
2024-05-26 09:00:00,0.0,0.043468828195780324
2024-05-26 10:00:00,0.0,0.0
2024-05-26 11:00:00,0.0,0.13464003949888184
2024-05-26 12:00:00,0.02535564233571987,0.04995540447688889
2024-05-26 13:00:00,0.02792135352116143,0.1319556753418166
2024-05-26 14:00:00,0.0,0.06600374733260853
2024-05-26 15:00:00,0.0,0.07663829550789884
2024-05-26 16:00:00,0.0,0.04070586027380832
2024-05-26 17:00:00,0.20325091196438066,0.1765610203418222
2024-05-26 18:00:00,0.5680906288485186,0.18420975412840776
2024-05-26 19:00:00,0.854342487787187,0.1477010704615539
2024-05-26 20:00:00,1.0,0.15186225967349426
2024-05-26 21:00:00,0.7780115574938987,0.035878171453442936
2024-05-26 22:00:00,0.37309140134253027,0.06486686591279824
2024-05-26 23:00:00,0.05439258519005474,0.16620312384105546
2024-05-27 00:00:00,0.21251106251596652,0.0
2024-05-27 01:00:00,0.18352179833162402,0.04695217000260393
2024-05-27 02:00:00,0.014217139252778385,0.09320958478421659
2024-05-27 03:00:00,0.08145918312232472,0.045812666167328334
2024-05-27 04:00:00,0.13791858620461972,0.07124395777348616
2024-05-27 05:00:00,0.06654402198133383,0.12361115321098803
2024-05-27 06:00:00,0.0,0.09479080739432667
2024-05-27 07:00:00,0.0,0.18092589963015948
2024-05-27 08:00:00,0.026817608816414082,0.07339728449132203
2024-05-27 09:00:00,0.0,0.03693778450675595
2024-05-27 10:00:00,0.038294564873677134,0.011953094498232876
2024-05-27 11:00:00,0.0,0.07183188454187883
2024-05-27 12:00:00,0.0,0.10243062348924654
2024-05-27 13:00:00,0.0,0.0
2024-05-27 14:00:00,0.0,0.016409303718316004
2024-05-27 15:00:00,0.04757222095574015,0.08004009718617539
2024-05-27 16:00:00,0.0,0.01859985694322712
2024-05-27 17:00:00,0.23197722176387375,0.08302648305761015
2024-05-27 18:00:00,0.6201918758069723,0.06506129015425892
2024-05-27 19:00:00,0.9548486626907503,0.1384819880397655
2024-05-27 20:00:00,0.9456951744306398,0.1410906317450049
2024-05-27 21:00:00,0.6688868857571504,0.0
2024-05-27 22:00:00,0.34089963864566863,0.05658224901636112
2024-05-27 23:00:00,0.0,0.03427217537920619
2024-05-28 00:00:00,0.18776129529250146,0.08065867883372169
2024-05-28 01:00:00,0.10279369406779956,0.06875698548942918
2024-05-28 02:00:00,0.1516886459587718,0.0587708679540025
2024-05-28 03:00:00,0.07417475674261209,0.10955944920075554
2024-05-28 04:00:00,0.025063977656592046,0.07142460219359881
2024-05-28 05:00:00,0.04948686759932268,0.0
2024-05-28 06:00:00,0.0,0.08453291226839496
2024-05-28 07:00:00,0.004792623144472586,0.1592895340800905
2024-05-28 08:00:00,0.018140683876492165,0.08719523916344375
2024-05-28 09:00:00,0.03289790890781282,0.028805194507307664
2024-05-28 10:00:00,0.0,0.013627035511892586
2024-05-28 11:00:00,0.03372597282818943,0.0
2024-05-28 12:00:00,0.0,0.03892388252178162
2024-05-28 13:00:00,0.0889039134004656,0.0
2024-05-28 14:00:00,0.0,0.08400416953397713
2024-05-28 15:00:00,0.0,0.0
2024-05-28 16:00:00,0.08795539640498261,0.0031427025425163624
2024-05-28 17:00:00,0.23437106973944877,0.12587005249034935
2024-05-28 18:00:00,0.5769350928893725,0.05642170765423293
2024-05-28 19:00:00,0.9205259894435697,0.05059558683787316
2024-05-28 20:00:00,0.9211217153555044,0.08161598851032667
2024-05-28 21:00:00,0.7898449794770891,0.060975802984496744
2024-05-28 22:00:00,0.44109113639481634,0.0
2024-05-28 23:00:00,0.07307635051102011,0.0
2024-05-29 00:00:00,0.14343057566991047,0.05914282198909409
2024-05-29 01:00:00,0.16373783229674396,0.0
2024-05-29 02:00:00,0.15126156622153447,0.051438588758693775
2024-05-29 03:00:00,0.015519953919813347,0.1146919341972309
2024-05-29 04:00:00,0.0,0.05007113397279117
2024-05-29 05:00:00,0.04943382624643631,0.05969975619138421
2024-05-29 06:00:00,0.0,0.17358363885816525
2024-05-29 07:00:00,0.0,0.1445612987071293
2024-05-29 08:00:00,0.0,0.046150786809624755
2024-05-29 09:00:00,0.0,0.08268335912547357
2024-05-29 10:00:00,0.03750833810816734,0.05881821023078308
2024-05-29 11:00:00,0.0,0.015210452380188456
2024-05-29 12:00:00,0.0075588665837224836,0.04954573877230348
2024-05-29 13:00:00,0.0,0.0494643556156749
2024-05-29 14:00:00,0.0,0.0895923658573
2024-05-29 15:00:00,0.0,0.1054182933856038
2024-05-29 16:00:00,0.0,0.0
2024-05-29 17:00:00,0.17182451541154015,0.1883573013063925
2024-05-29 18:00:00,0.6184875846626825,0.2359635486312513
2024-05-29 19:00:00,0.9528840769897126,0.07111883347707637
2024-05-29 20:00:00,1.0,0.1497033861916761
2024-05-29 21:00:00,0.7518968624976714,0.0
2024-05-29 22:00:00,0.40700319184228495,0.01723112077089512
2024-05-29 23:00:00,0.0,0.05045178585980984
2024-05-30 00:00:00,0.10903205387800331,0.0103875265154132
2024-05-30 01:00:00,0.16702357994893263,0.012202310367489942
2024-05-30 02:00:00,0.037668498295603176,0.01141147193630121
2024-05-30 03:00:00,0.0,0.0
2024-05-30 04:00:00,0.03252130740431623,0.13037042099843413
2024-05-30 05:00:00,0.10445214820292606,0.12278959646859061
2024-05-30 06:00:00,0.0,0.1412831795379988
2024-05-30 07:00:00,0.0,0.10180893998674209
2024-05-30 08:00:00,0.0,0.08348388908338994
2024-05-30 09:00:00,0.009470797613559633,0.035058673756220474
2024-05-30 10:00:00,0.0,0.06961264851894852
2024-05-30 11:00:00,0.11292641097802113,0.16769982783416928
2024-05-30 12:00:00,0.021284230574433214,0.06197446212849381
2024-05-30 13:00:00,0.0570072136995772,0.0
2024-05-30 14:00:00,0.0,0.10066765797837005
2024-05-30 15:00:00,0.0,0.031710054336620164
2024-05-30 16:00:00,0.07878401929294845,0.12664402681958836
2024-05-30 17:00:00,0.22571525635746834,0.07163657414810609
2024-05-30 18:00:00,0.6213421670586134,0.06563341946540976
2024-05-30 19:00:00,0.8320958541983455,0.17701312576397032
2024-05-30 20:00:00,0.9717445923260681,0.14555251727072288
2024-05-30 21:00:00,0.8034201515848601,0.0
2024-05-30 22:00:00,0.45368716708152745,0.09832785630077484
2024-05-30 23:00:00,0.0641988833066097,0.12560677695942862
2024-05-31 00:00:00,0.2002671327089633,0.048819843478655006
2024-05-31 01:00:00,0.05511990472240974,0.061835193803411584
2024-05-31 02:00:00,0.0,0.0
2024-05-31 03:00:00,0.049421583343491934,0.0
2024-05-31 04:00:00,0.02688274116389177,0.11214963831302174
2024-05-31 05:00:00,0.10367904511563887,0.06947752883181699
2024-05-31 06:00:00,0.0,0.15755608483948824
2024-05-31 07:00:00,0.0,0.11868164501871942
2024-05-31 08:00:00,0.06085183595203434,0.10556865374866528
2024-05-31 09:00:00,0.0,0.0
2024-05-31 10:00:00,0.03342943069627012,0.0
2024-05-31 11:00:00,0.10542324914396886,0.06873806450505482
2024-05-31 12:00:00,0.014776980604929725,0.0729981747244817
2024-05-31 13:00:00,0.0,0.07113585356423544
2024-05-31 14:00:00,0.0,0.06608119209077255
2024-05-31 15:00:00,0.0,0.06501783088140439
2024-05-31 16:00:00,0.005667051552680331,0.10521357629905323
2024-05-31 17:00:00,0.22940079599842364,0.16049054569154547
2024-05-31 18:00:00,0.629623640702765,0.13068007746472712
2024-05-31 19:00:00,0.8800115440215595,0.21610421581094516
2024-05-31 20:00:00,1.0,0.14876967499907778
2024-05-31 21:00:00,0.8062347406051578,0.10259060180400417
2024-05-31 22:00:00,0.4207191263385212,0.12284460340791054
2024-05-31 23:00:00,0.017827312225454552,0.005915695909912012
2024-06-01 00:00:00,0.23294849680693522,0.0
2024-06-01 01:00:00,0.0,0.024631341158362588
2024-06-01 02:00:00,0.07197724930276464,0.05554317399442332
2024-06-01 03:00:00,0.1242721332458156,0.0043641053790414025
2024-06-01 04:00:00,0.05992840192058771,0.07045288615188466
2024-06-01 05:00:00,0.0289265977481125,0.06421760884736517
2024-06-01 06:00:00,0.0,0.07785679650445088
2024-06-01 07:00:00,0.037558166472526605,0.11591704035869335
2024-06-01 08:00:00,0.0,0.03742315981182455
2024-06-01 09:00:00,0.061563622636253645,0.0
2024-06-01 10:00:00,0.0,0.04475147512488231
2024-06-01 11:00:00,0.03457328110779796,0.08996248626247762
2024-06-01 12:00:00,0.0,0.0
2024-06-01 13:00:00,0.0,0.0
2024-06-01 14:00:00,0.0,0.0
2024-06-01 15:00:00,0.07140105102953606,0.07624671089313531
2024-06-01 16:00:00,0.0,0.08803521403299655
2024-06-01 17:00:00,0.20119298356152454,0.10025027787702792
2024-06-01 18:00:00,0.6076813375763103,0.0
2024-06-01 19:00:00,0.8857948776904112,0.15472247773222048
2024-06-01 20:00:00,1.0,0.07583481019107687
2024-06-01 21:00:00,0.7638378010507529,0.053434793910221726
2024-06-01 22:00:00,0.4440258128915619,0.05422278969975113
2024-06-01 23:00:00,0.0,0.07115869944824221
2024-06-02 00:00:00,0.1572782397969144,0.04687966958778466
2024-06-02 01:00:00,0.118716341759243,0.05441687915252787
2024-06-02 02:00:00,0.08280252775742991,0.0
2024-06-02 03:00:00,0.0,0.06531239782877901
2024-06-02 04:00:00,0.02237089455322133,0.060868448685552495
2024-06-02 05:00:00,0.06430722214398027,0.1150124419688304
2024-06-02 06:00:00,0.0673374524481089,0.09698277482704147
2024-06-02 07:00:00,0.0,0.054482855532947266
2024-06-02 08:00:00,0.08241983323776864,0.13656970306458088
2024-06-02 09:00:00,0.016841687677881703,0.0
2024-06-02 10:00:00,0.0,0.08672835677273175
2024-06-02 11:00:00,0.0,0.014679718608144533
2024-06-02 12:00:00,0.022644428593623103,0.07465729721396774
2024-06-02 13:00:00,0.020113620235003016,0.03289104625002544
2024-06-02 14:00:00,0.0,0.0
2024-06-02 15:00:00,0.04327428352679422,0.05741805909622538
2024-06-02 16:00:00,0.04996532429471724,0.07672821624664292
2024-06-02 17:00:00,0.1528125249931274,0.1293004375414443
2024-06-02 18:00:00,0.5707369324530174,0.06528932232955156
2024-06-02 19:00:00,0.9146769515087152,0.09874623144911335
2024-06-02 20:00:00,0.9333079602523212,0.07631543179340045
2024-06-02 21:00:00,0.8368029328848057,0.0
2024-06-02 22:00:00,0.3447985044998642,0.10832290452158622
2024-06-02 23:00:00,0.006777288608131734,0.012946379334811131
2024-06-03 00:00:00,0.20484479658848478,0.06531099527761637
2024-06-03 01:00:00,0.002657737465840429,0.05846026887856909
2024-06-03 02:00:00,0.11012948737935942,0.07248193010311965
2024-06-03 03:00:00,0.0,0.03676052929826321
2024-06-03 04:00:00,0.028228342771001995,0.07660324090303663
2024-06-03 05:00:00,0.10400953560957177,0.06998228311386201
2024-06-03 06:00:00,0.0,0.07188319161049608
2024-06-03 07:00:00,0.013100678795032997,0.04735031553988754
2024-06-03 08:00:00,0.0,0.08015917275275487
2024-06-03 09:00:00,0.0,0.03387406573511476
2024-06-03 10:00:00,0.03332163311961214,0.011354104571755293
2024-06-03 11:00:00,0.0,0.048533490613902316
2024-06-03 12:00:00,0.1066476148591824,0.07464882718430532
2024-06-03 13:00:00,0.0,0.0
2024-06-03 14:00:00,0.0,0.01945313085482611
2024-06-03 15:00:00,0.015552350064195981,0.16458478811162947
2024-06-03 16:00:00,0.0,0.06730947841982135
2024-06-03 17:00:00,0.07793286343597297,0.04486591891355705
2024-06-03 18:00:00,0.6336760733526672,0.06475054296488492
2024-06-03 19:00:00,0.900233819917322,0.07646416197755762
2024-06-03 20:00:00,1.0,0.14657734787052856
2024-06-03 21:00:00,0.7559567416957158,0.0
2024-06-03 22:00:00,0.2805828556118368,0.0885704907288444
2024-06-03 23:00:00,0.03558756838292025,0.08102227387522598
2024-06-04 00:00:00,0.2163172745817986,0.0
2024-06-04 01:00:00,0.16101540313301055,0.03728266530906124
2024-06-04 02:00:00,0.15331889197266307,0.12869033294352536
2024-06-04 03:00:00,0.0,0.0751446773417433
2024-06-04 04:00:00,0.07811259180145558,0.0
2024-06-04 05:00:00,0.0,0.06123701339995595
2024-06-04 06:00:00,0.009309212051927916,0.08074666750494627
2024-06-04 07:00:00,0.015484725206229857,0.12876286373478155
2024-06-04 08:00:00,0.0,0.09749770010525027
2024-06-04 09:00:00,0.02438393794215329,0.0010167795672060415
2024-06-04 10:00:00,0.054070400681533785,0.056972408263156894
2024-06-04 11:00:00,0.010892350173797624,0.09155250200522558
2024-06-04 12:00:00,0.0,0.03891944639084047
2024-06-04 13:00:00,0.02180920342245153,0.0318867812858003
2024-06-04 14:00:00,0.044347757188906385,0.033293771503808314
2024-06-04 15:00:00,0.0582473130272092,0.06508229619167563
2024-06-04 16:00:00,0.0,0.025865062398927212
2024-06-04 17:00:00,0.21217302576475208,0.046386384607323694
2024-06-04 18:00:00,0.577075258114417,0.10935006170333023
2024-06-04 19:00:00,0.8570492115581588,0.013583946579970294
2024-06-04 20:00:00,0.9126219560348745,0.09101291356207981
2024-06-04 21:00:00,0.8245599006622948,0.035046756895906715
2024-06-04 22:00:00,0.3052470872069995,0.028829460705187097
2024-06-04 23:00:00,0.0829349279994271,0.027922817841386567
2024-06-05 00:00:00,0.18129976506725182,0.017973231374916732
2024-06-05 01:00:00,0.08936459353887961,0.01974384679606519
2024-06-05 02:00:00,0.06977320793357424,0.09127418993589229
2024-06-05 03:00:00,0.0,0.07468554241539851
2024-06-05 04:00:00,0.027590071947942486,0.0
2024-06-05 05:00:00,0.0,0.04776723548498186
2024-06-05 06:00:00,0.0,0.0635964256057103
2024-06-05 07:00:00,0.06678375652621937,0.11863914752559745
2024-06-05 08:00:00,0.0,0.1949166082598337
2024-06-05 09:00:00,0.0,0.10857505307528194
2024-06-05 10:00:00,0.0,0.04365316283462593
2024-06-05 11:00:00,0.0,0.037858970817585776
2024-06-05 12:00:00,0.024921769313325935,0.0
2024-06-05 13:00:00,0.0,0.11138205338544548
2024-06-05 14:00:00,0.0,0.08297437044379068
2024-06-05 15:00:00,0.0,0.02342106111093112
2024-06-05 16:00:00,0.0,0.016002527719164328
2024-06-05 17:00:00,0.2274503359403754,0.17576994030021337
2024-06-05 18:00:00,0.6662686251185721,0.15163678838893366
2024-06-05 19:00:00,0.8869821778118369,0.12922099142795485
2024-06-05 20:00:00,1.0,0.08728774910893233
2024-06-05 21:00:00,0.7639746568634167,0.01843464844087885
2024-06-05 22:00:00,0.3396958730633427,0.03635528757823983
2024-06-05 23:00:00,0.08019049652561044,0.06536693332031723
2024-06-06 00:00:00,0.16843493373114435,0.0
2024-06-06 01:00:00,0.1291997207437354,0.06856879759427856
2024-06-06 02:00:00,0.10819065034088124,0.10745987773431592
2024-06-06 03:00:00,0.010839204590707169,0.024298001945206274
2024-06-06 04:00:00,0.0,0.00020557309609633978
2024-06-06 05:00:00,0.022762331403458458,0.08608921975141198
2024-06-06 06:00:00,0.06863069856935397,0.06414802548414843
2024-06-06 07:00:00,0.0,0.11889507091283114
2024-06-06 08:00:00,0.0,0.023867052410358913
2024-06-06 09:00:00,0.03421100926184531,0.11014190847222546
2024-06-06 10:00:00,0.044475900480733695,0.08927530002164613
2024-06-06 11:00:00,0.0,0.04819437613621233
2024-06-06 12:00:00,0.0,0.0
2024-06-06 13:00:00,0.0,0.0
2024-06-06 14:00:00,0.032540653297920275,0.059186339266818586
2024-06-06 15:00:00,0.0437708126102926,0.0
2024-06-06 16:00:00,0.0,0.0614433963922994
2024-06-06 17:00:00,0.2586855462871378,0.04803016392125752
2024-06-06 18:00:00,0.6234927066136021,0.0
2024-06-06 19:00:00,1.0,0.1021760274404887
2024-06-06 20:00:00,0.9719338351403584,0.14349361613035044
2024-06-06 21:00:00,0.7493627785674299,0.0
2024-06-06 22:00:00,0.40433498797097733,0.07630319894945316
2024-06-06 23:00:00,0.0,0.19137900229342958
2024-06-07 00:00:00,0.20533875465652301,0.013871078366470113
2024-06-07 01:00:00,0.21070779239362858,0.019601030683866268
2024-06-07 02:00:00,0.16234580958092976,0.09518776492010092
2024-06-07 03:00:00,0.04449826713409533,0.01811807140661952
2024-06-07 04:00:00,0.04585813655295,0.01712297854712891
2024-06-07 05:00:00,0.08862885816309134,0.07760550400896143
2024-06-07 06:00:00,0.05918628417373731,0.10005869218678004
2024-06-07 07:00:00,0.0,0.11018102365586005
2024-06-07 08:00:00,0.0,0.16275726572980248
2024-06-07 09:00:00,0.019017487314732233,0.14329986581625032
2024-06-07 10:00:00,0.0,0.042674816018696354
2024-06-07 11:00:00,0.011814433091925387,0.04581023238004426
2024-06-07 12:00:00,0.0,0.031711977200236934
2024-06-07 13:00:00,0.0,0.017933416901602467
2024-06-07 14:00:00,0.0,0.0412909237918712
2024-06-07 15:00:00,0.025153680049111622,0.13089796021810002
2024-06-07 16:00:00,0.037990580731405384,0.03163000423354261
2024-06-07 17:00:00,0.19616349983045284,0.061914160940990316
2024-06-07 18:00:00,0.5530127749758599,0.0603034285622409
2024-06-07 19:00:00,0.8848021441088546,0.14201691098651376
2024-06-07 20:00:00,0.9590041165770623,0.04276598781063926
2024-06-07 21:00:00,0.7625367141442229,0.0
2024-06-07 22:00:00,0.3855739975985508,0.15006006660992025
2024-06-07 23:00:00,0.14802346779730566,0.055352037379677116
2024-06-08 00:00:00,0.13120553087393888,0.0
2024-06-08 01:00:00,0.05064603082599464,0.0
2024-06-08 02:00:00,0.08252570752511815,0.032351328229101986
2024-06-08 03:00:00,0.08733910599924125,0.005428854728164879
2024-06-08 04:00:00,0.06652258238260479,0.0
2024-06-08 05:00:00,0.0,0.0
2024-06-08 06:00:00,0.0,0.04449501894043673
2024-06-08 07:00:00,0.0,0.07278660782748939
2024-06-08 08:00:00,0.0,0.1375224413202675
2024-06-08 09:00:00,0.0,0.02554397824997116
2024-06-08 10:00:00,0.0,0.06609979489596395
2024-06-08 11:00:00,0.0,0.0
2024-06-08 12:00:00,0.0,0.1564586800598423
2024-06-08 13:00:00,0.05247105913370867,0.08462000274889582
2024-06-08 14:00:00,0.0,0.10412872452249226
2024-06-08 15:00:00,0.12226261521221574,0.0
2024-06-08 16:00:00,0.0,0.08203644230143778
2024-06-08 17:00:00,0.08406154214874231,0.0
2024-06-08 18:00:00,0.659888767276769,0.12545479128330522
2024-06-08 19:00:00,0.8617868868515732,0.10172504358570394
2024-06-08 20:00:00,1.0,0.025467184702581462
2024-06-08 21:00:00,0.7911503673290525,0.0
2024-06-08 22:00:00,0.21459560521379914,0.015927771700916415
2024-06-08 23:00:00,0.0,0.03238646308504198
2024-06-09 00:00:00,0.22808830139529257,0.06148703680833661
2024-06-09 01:00:00,0.09011756123006882,0.01658884988340948
2024-06-09 02:00:00,0.0731002148098024,0.021945595385580774
2024-06-09 03:00:00,0.10012451162226538,0.10497320958322061
2024-06-09 04:00:00,0.11279512686520657,0.028782849646738193
2024-06-09 05:00:00,0.0,0.054015335333417874
2024-06-09 06:00:00,0.0,0.04904262786718773
2024-06-09 07:00:00,0.0,0.1227103101904437
2024-06-09 08:00:00,0.0,0.017969542262332466
2024-06-09 09:00:00,0.049129274646342175,0.17956392579130104
2024-06-09 10:00:00,0.009421628508536294,0.10577346198680408
2024-06-09 11:00:00,0.03548265339506718,0.061001541151166266
2024-06-09 12:00:00,0.12800948809738155,0.03473415012161945
2024-06-09 13:00:00,0.0,0.0521442571178891
2024-06-09 14:00:00,0.032111557075203516,0.0605070411509491
2024-06-09 15:00:00,0.0,0.0
2024-06-09 16:00:00,0.0,0.09680750191410721
2024-06-09 17:00:00,0.12294010873743891,0.020722433878870704
2024-06-09 18:00:00,0.6445413238915938,0.07357152119217335
2024-06-09 19:00:00,0.8820848242867,0.11111652484707664
2024-06-09 20:00:00,0.946302013088267,0.15009530129257903
2024-06-09 21:00:00,0.7595174983213032,0.04067262210861936
2024-06-09 22:00:00,0.36320033862935136,0.08156743069652204
2024-06-09 23:00:00,0.008322372565277018,0.04606043809363132
2024-06-10 00:00:00,0.1777302960955261,0.015137412287997727
2024-06-10 01:00:00,0.10613489261764819,0.048206085692146114
2024-06-10 02:00:00,0.16044752077817698,0.004124643785108233
2024-06-10 03:00:00,0.13089976077731502,0.011710899534599837
2024-06-10 04:00:00,0.022522275632597358,0.0
2024-06-10 05:00:00,0.0275864966162479,0.05766179106200135
2024-06-10 06:00:00,0.014985281160294607,0.08012172917751187
2024-06-10 07:00:00,0.0,0.09347606707750178
2024-06-10 08:00:00,0.02163840092940726,0.054899720441131034
2024-06-10 09:00:00,0.0,0.07104904291914554
2024-06-10 10:00:00,0.017100702467035166,0.026747398576965765
2024-06-10 11:00:00,0.0,0.010520946919800784
2024-06-10 12:00:00,0.0,0.06821116158181235
2024-06-10 13:00:00,0.0,0.0
2024-06-10 14:00:00,0.0,0.011286463844548584
2024-06-10 15:00:00,0.023667094932186484,0.0
2024-06-10 16:00:00,0.05352602927296033,0.0
2024-06-10 17:00:00,0.24421853556926643,0.0556469230153286
2024-06-10 18:00:00,0.6480644685424735,0.06889538578996232
2024-06-10 19:00:00,0.8731230071678099,0.0
2024-06-10 20:00:00,0.9920073923407478,0.11942262778187916
2024-06-10 21:00:00,0.9039860365687681,0.0
2024-06-10 22:00:00,0.4448639521398313,0.06568495705162286
2024-06-10 23:00:00,0.06098624448443234,0.06649032299860713
2024-06-11 00:00:00,0.24388804079058066,0.055203614928704736
2024-06-11 01:00:00,0.18545883292018805,0.0
2024-06-11 02:00:00,0.14161143217381486,0.06822642620588684
2024-06-11 03:00:00,0.06320962463163729,0.0
2024-06-11 04:00:00,0.0,0.003156078348647822
2024-06-11 05:00:00,0.0,0.002791726100603187
2024-06-11 06:00:00,0.0,0.0432220634941449
2024-06-11 07:00:00,0.0,0.09356579909069158
2024-06-11 08:00:00,0.0,0.0
2024-06-11 09:00:00,0.0573179523461374,0.07309970892870504
2024-06-11 10:00:00,0.0,0.08810245010589335
2024-06-11 11:00:00,0.0,0.02423771678253779
2024-06-11 12:00:00,0.0,0.05201082214629299
2024-06-11 13:00:00,0.0,0.020242213952879236
2024-06-11 14:00:00,0.029073254901159026,0.050939972507741446
2024-06-11 15:00:00,0.0,0.0
2024-06-11 16:00:00,0.014793795831837753,0.0
2024-06-11 17:00:00,0.26283582734344535,0.10260835989475284
2024-06-11 18:00:00,0.5599834434732887,0.023769035008497162
2024-06-11 19:00:00,1.0,0.06706719568750842
2024-06-11 20:00:00,1.0,0.05730433957754481
2024-06-11 21:00:00,0.8062044951303433,0.057605805308018274
2024-06-11 22:00:00,0.3922046295841624,0.0
2024-06-11 23:00:00,0.0,0.11126211811837017
2024-06-12 00:00:00,0.0980794690271565,0.0
2024-06-12 01:00:00,0.07205803621793398,0.03802274999495501
2024-06-12 02:00:00,0.09402443589528313,0.06733052748246186
2024-06-12 03:00:00,0.056503581476220345,0.058328958464324454
2024-06-12 04:00:00,0.13003027095770575,0.0
2024-06-12 05:00:00,0.12125707932418489,0.05736873762755773
2024-06-12 06:00:00,0.0,0.062003247175326424
2024-06-12 07:00:00,0.0,0.0985398498181982
2024-06-12 08:00:00,0.013720920663402454,0.0
2024-06-12 09:00:00,0.01335875083351437,0.0
2024-06-12 10:00:00,0.0,0.012750266862387925
2024-06-12 11:00:00,0.0,0.09388043955829653
2024-06-12 12:00:00,0.0,0.003049498030248291
2024-06-12 13:00:00,0.019620769989574082,0.02777588107659737
2024-06-12 14:00:00,0.0,0.0
2024-06-12 15:00:00,0.025124694467541443,0.0
2024-06-12 16:00:00,0.0,0.0
2024-06-12 17:00:00,0.09198578250463166,0.04772021896283721
2024-06-12 18:00:00,0.5535975451115138,0.041552298823052024
2024-06-12 19:00:00,0.8920017245188161,0.12768569903998225
2024-06-12 20:00:00,1.0,0.048477819440765554
2024-06-12 21:00:00,0.7517025465760357,0.038032656283158446
2024-06-12 22:00:00,0.3780797131673859,0.01963697969902877
2024-06-12 23:00:00,0.0,0.05325588770665313
2024-06-13 00:00:00,0.20218558181351187,0.0696734413042655
2024-06-13 01:00:00,0.07366762395519588,0.06233760859314268
2024-06-13 02:00:00,0.030251836585147823,0.0
2024-06-13 03:00:00,0.046222946221212716,0.0
2024-06-13 04:00:00,0.0,0.03390333942140609
2024-06-13 05:00:00,0.08076681796964649,0.07905847290076828
2024-06-13 06:00:00,0.0,0.047526764075542426
2024-06-13 07:00:00,0.009164976726182179,0.12891019558006384
2024-06-13 08:00:00,0.00828562088254963,0.13016009628236108
2024-06-13 09:00:00,0.02653353008937759,0.03645749089600369
2024-06-13 10:00:00,0.0,0.04868350621342024
2024-06-13 11:00:00,0.04354067369674672,0.028481803345741807
2024-06-13 12:00:00,0.01578563195150553,0.04234694786165698
2024-06-13 13:00:00,0.004078079967501741,0.04005100560941456
2024-06-13 14:00:00,0.0,0.04014343927838517
2024-06-13 15:00:00,0.0,0.0
2024-06-13 16:00:00,0.0,0.0715511370563369
2024-06-13 17:00:00,0.1818483024262785,0.09381179073678508
2024-06-13 18:00:00,0.6089344649435907,0.08774803920542756
2024-06-13 19:00:00,0.9311256631169614,0.11872114115352517
2024-06-13 20:00:00,1.0,0.15667628668864492
2024-06-13 21:00:00,0.7063936078227813,0.010520197008729415
2024-06-13 22:00:00,0.4968490337622435,0.1355497013504877
2024-06-13 23:00:00,0.03749518367523207,0.0
2024-06-14 00:00:00,0.23299049575592118,0.0
2024-06-14 01:00:00,0.06713443059658875,0.0825178535078063
2024-06-14 02:00:00,0.10899905520197781,0.0290693234527981
2024-06-14 03:00:00,0.006222303615912417,0.027342218635212318
2024-06-14 04:00:00,0.059997554777411456,0.046166463364867995
2024-06-14 05:00:00,0.0658379379421625,0.07400279859424957
2024-06-14 06:00:00,0.0,0.0
2024-06-14 07:00:00,0.0,0.032878994293792034
2024-06-14 08:00:00,0.0742893797761527,0.07432034401816387
2024-06-14 09:00:00,0.029516002978546403,0.013075184419084448
2024-06-14 10:00:00,0.026217759072104465,0.0
2024-06-14 11:00:00,0.0,0.0
2024-06-14 12:00:00,0.03503455094698773,0.06662673311109998
2024-06-14 13:00:00,0.0,0.03204937942998977
2024-06-14 14:00:00,0.09001875497526812,0.1039431895493144
2024-06-14 15:00:00,0.056575897271151254,0.0
2024-06-14 16:00:00,0.0,0.06927225019012644
2024-06-14 17:00:00,0.1591463974395159,0.09699890737285599
2024-06-14 18:00:00,0.5334043893224906,0.1459464385043635
2024-06-14 19:00:00,0.8509047993766308,0.0781865723554297
2024-06-14 20:00:00,1.0,0.07323767722061568
2024-06-14 21:00:00,0.702872610423293,0.09804182097524934
2024-06-14 22:00:00,0.3817922788940081,0.04564953471569711
2024-06-14 23:00:00,0.07937103180923571,0.10752779089610466
2024-06-15 00:00:00,0.1531464468749787,0.0
2024-06-15 01:00:00,0.09240075825729394,0.08621419987115618
2024-06-15 02:00:00,0.10324071445989212,0.0
2024-06-15 03:00:00,0.011462955559323793,0.005900268087051935
2024-06-15 04:00:00,0.0,0.15819498361477394
2024-06-15 05:00:00,0.0,0.0
2024-06-15 06:00:00,0.0,0.0400286618053681
2024-06-15 07:00:00,0.023373979992906562,0.03928896622798714
2024-06-15 08:00:00,0.056829526150051435,0.12303647237757732
2024-06-15 09:00:00,0.04085606873836101,0.015186134777150886
2024-06-15 10:00:00,0.035691828590195616,0.09105087205956269
2024-06-15 11:00:00,0.05213959761040981,0.08974248930939792
2024-06-15 12:00:00,0.009137745816579725,0.020239016063845955
2024-06-15 13:00:00,0.038530737263473155,0.044051703058667326
2024-06-15 14:00:00,0.0,0.0973057527023883
2024-06-15 15:00:00,0.0,0.0
2024-06-15 16:00:00,0.030390426292032882,0.0
2024-06-15 17:00:00,0.25656549252668737,0.053389275301339245
2024-06-15 18:00:00,0.5685922601233017,0.0
2024-06-15 19:00:00,0.8598811474138448,0.06181908138937857
2024-06-15 20:00:00,1.0,0.0
2024-06-15 21:00:00,0.7653636244157271,0.045164165192313394
2024-06-15 22:00:00,0.3667563423081146,0.0
2024-06-15 23:00:00,0.053095375847893526,0.026149383578309763
2024-06-16 00:00:00,0.09389046480903161,0.014267490144975716
2024-06-16 01:00:00,0.030850958818920554,0.008639208716896603
2024-06-16 02:00:00,0.14416466553435153,0.06905706607249207
2024-06-16 03:00:00,0.08635272661632822,0.041387462572578894
2024-06-16 04:00:00,0.0,0.04060075796813667
2024-06-16 05:00:00,0.01243584901023681,0.057431702750935676
2024-06-16 06:00:00,0.03299598905879452,0.10069070690447768
2024-06-16 07:00:00,0.0,0.06421492500648254
2024-06-16 08:00:00,0.0,0.04465946405230135
2024-06-16 09:00:00,0.0,0.0675125220624889
2024-06-16 10:00:00,0.10142320661535238,0.0
2024-06-16 11:00:00,0.0,0.1266841739333944
2024-06-16 12:00:00,0.0,0.0
2024-06-16 13:00:00,0.00048279648551336347,0.0021022076150387127
2024-06-16 14:00:00,0.0,0.07410079589176813
2024-06-16 15:00:00,0.0077362428014476105,0.0
2024-06-16 16:00:00,0.0,0.0
2024-06-16 17:00:00,0.24948571953375917,0.04076524149024878
2024-06-16 18:00:00,0.5813685802142928,0.07392382368336176
2024-06-16 19:00:00,0.8877506637605868,0.08079935993612963
2024-06-16 20:00:00,0.9412027519084103,0.04973260654368576
2024-06-16 21:00:00,0.7894647603525291,0.0
2024-06-16 22:00:00,0.4667332497030534,0.04726165873461667
2024-06-16 23:00:00,0.03716396909690357,0.044152223237644075
2024-06-17 00:00:00,0.1170528383453638,0.024966765411908416
2024-06-17 01:00:00,0.07916650798622374,0.0011453620880204282
2024-06-17 02:00:00,0.11671659960987255,0.03377684128489021
2024-06-17 03:00:00,0.07714238936285081,0.04012598306655072
2024-06-17 04:00:00,0.0,0.07638417423949742
2024-06-17 05:00:00,0.03249630520614919,0.056251036228206736
2024-06-17 06:00:00,0.04236266454584643,0.07742003763827526
2024-06-17 07:00:00,0.03848984951256487,0.06430589572685803
2024-06-17 08:00:00,0.0,0.052923249218861455
2024-06-17 09:00:00,0.00211048779055315,0.019315859648582373
2024-06-17 10:00:00,0.04824905264799113,0.0604970716853369
2024-06-17 11:00:00,0.05039841401957508,0.06521630377095441
2024-06-17 12:00:00,0.07157004908517536,0.0
2024-06-17 13:00:00,0.01060412406766093,0.06056754650737843
2024-06-17 14:00:00,0.03472319904441067,0.0153256519343327
2024-06-17 15:00:00,0.009522798625337562,0.0
2024-06-17 16:00:00,0.08714909021197242,0.10128829658293254
2024-06-17 17:00:00,0.2460217706704065,0.009766402756251874
2024-06-17 18:00:00,0.6242952840344509,0.15578331873904847
2024-06-17 19:00:00,0.8939902508153945,0.06067052095523831
2024-06-17 20:00:00,1.0,0.0
2024-06-17 21:00:00,0.7446486690233702,0.028878979693300028
2024-06-17 22:00:00,0.41275948564410053,0.0
2024-06-17 23:00:00,0.06576656093870334,0.012648623088210607
2024-06-18 00:00:00,0.24432278559524354,0.00560209323011485
2024-06-18 01:00:00,0.19579360492004866,0.1581003572427391
2024-06-18 02:00:00,0.14183316314265607,0.13349631835967052
2024-06-18 03:00:00,0.005315813634425612,0.04803068451317699
2024-06-18 04:00:00,0.1846977822290798,0.07774177855967598
2024-06-18 05:00:00,0.02855024911138519,0.0
2024-06-18 06:00:00,0.0,0.13957675071155473
2024-06-18 07:00:00,0.0,0.11619375949043514
2024-06-18 08:00:00,0.0,0.057610465128359975
2024-06-18 09:00:00,0.0,0.0011271843972418295
2024-06-18 10:00:00,0.0,0.048466731389830396
2024-06-18 11:00:00,0.0,0.046194630032454276
2024-06-18 12:00:00,0.05805513206856847,0.0
2024-06-18 13:00:00,0.041013317902419744,0.0
2024-06-18 14:00:00,0.014060812092687653,0.0488442035491889
2024-06-18 15:00:00,0.0,0.029743672206160657
2024-06-18 16:00:00,0.0,0.10165235252761609
2024-06-18 17:00:00,0.17931197437292534,0.03638409662923555
2024-06-18 18:00:00,0.5617826499708001,0.09781140686792322
2024-06-18 19:00:00,0.8519131450121641,0.035362791208803285
2024-06-18 20:00:00,0.9437039932036382,0.04033364665933009
2024-06-18 21:00:00,0.811395428060773,0.054624220871028445
2024-06-18 22:00:00,0.4487117718065278,0.002390664297715655
2024-06-18 23:00:00,0.0,0.1530069787145575
2024-06-19 00:00:00,0.24873868064476004,0.09444639890669629
2024-06-19 01:00:00,0.20281889324701408,0.0
2024-06-19 02:00:00,0.13226628254540043,0.0
2024-06-19 03:00:00,0.06734968223721108,0.04069874715897808
2024-06-19 04:00:00,0.05478397072850529,0.05816218057226609
2024-06-19 05:00:00,0.15980545292955756,0.06708961950331763
2024-06-19 06:00:00,0.0,0.1235020450883434
2024-06-19 07:00:00,0.0,0.09103252119922918
2024-06-19 08:00:00,0.0,0.07839060175099884
2024-06-19 09:00:00,0.02602908362079135,0.0
2024-06-19 10:00:00,0.0,0.061068343929748525
2024-06-19 11:00:00,0.06236827867309284,0.0
2024-06-19 12:00:00,0.009324430954599446,0.007871016958302328
2024-06-19 13:00:00,0.039026645439114285,0.0581133661723571
2024-06-19 14:00:00,0.01592388915320003,0.0
2024-06-19 15:00:00,0.0,0.0
2024-06-19 16:00:00,0.0,0.042007974062309564
2024-06-19 17:00:00,0.21109875846246978,0.031828372862971285
2024-06-19 18:00:00,0.5760698743356152,0.025361211007566373
2024-06-19 19:00:00,0.8320713266066073,0.13058465290275634
2024-06-19 20:00:00,0.9814934993979919,0.05271389725166719
2024-06-19 21:00:00,0.816845397066988,0.07701611382007242
2024-06-19 22:00:00,0.2998947575243672,0.0
2024-06-19 23:00:00,0.0,0.035487854455776215
2024-06-20 00:00:00,0.1969380786835946,0.023570720760652416
2024-06-20 01:00:00,0.09899176730197107,0.038434703161784226
2024-06-20 02:00:00,0.15585571074888807,0.13240401672122296
2024-06-20 03:00:00,0.09110359095177804,0.10913901629055081
2024-06-20 04:00:00,0.04565482733293403,0.024127411718001507
2024-06-20 05:00:00,0.08336283925650913,0.03694760012813165
2024-06-20 06:00:00,0.050684700628712887,0.11023682761425796
2024-06-20 07:00:00,0.0,0.08243642491628965
2024-06-20 08:00:00,0.13159841603264738,0.0
2024-06-20 09:00:00,0.0,0.04645166338146746
2024-06-20 10:00:00,0.0,0.016486138182974334
2024-06-20 11:00:00,0.012798833403900171,0.0
2024-06-20 12:00:00,0.0,0.0
2024-06-20 13:00:00,0.042443742602789734,0.05356223112867179
2024-06-20 14:00:00,0.0,0.017206110733341856
2024-06-20 15:00:00,0.0,0.1620983605130844
2024-06-20 16:00:00,0.015003475144705142,0.06279349343188118
2024-06-20 17:00:00,0.13227834576076694,0.07791185377061305
2024-06-20 18:00:00,0.5886893790241816,0.12423536588007497
2024-06-20 19:00:00,0.9037465014092765,0.0922582293492551
2024-06-20 20:00:00,1.0,0.0
2024-06-20 21:00:00,0.8536030548662492,0.043289350071922014
2024-06-20 22:00:00,0.4271337340570221,0.03250725295370367
2024-06-20 23:00:00,0.0,0.05317481667913032
2024-06-21 00:00:00,0.2214902421651414,0.12432862472126517
2024-06-21 01:00:00,0.03652711584736498,0.0
2024-06-21 02:00:00,0.01626997163744215,0.02108208816383139
2024-06-21 03:00:00,0.016034340718898532,0.03271960434764799
2024-06-21 04:00:00,0.19098751293273952,0.0
2024-06-21 05:00:00,0.03988489798782446,0.08671442881249242
2024-06-21 06:00:00,0.08207389659337584,0.028612241704726038
2024-06-21 07:00:00,0.10713820108018679,0.11101148762589386
2024-06-21 08:00:00,0.0635152050770265,0.08617739049135387
2024-06-21 09:00:00,0.0692929339149099,0.0
2024-06-21 10:00:00,0.009104520857902329,0.02787397535339331
2024-06-21 11:00:00,0.057229050538976124,0.0
2024-06-21 12:00:00,0.0,0.15430152978184483
2024-06-21 13:00:00,0.0,0.0184253237771297
2024-06-21 14:00:00,0.0,0.06042705304806334
2024-06-21 15:00:00,0.0,0.0381240171778942
2024-06-21 16:00:00,0.0,0.02694886573568085
2024-06-21 17:00:00,0.22664402691695498,0.14467585889414591
2024-06-21 18:00:00,0.5930671475836229,0.0
2024-06-21 19:00:00,0.9076125463231194,0.11597119391755888
2024-06-21 20:00:00,0.9449284957877571,0.0
2024-06-21 21:00:00,0.9108922928236717,0.028624026014941566
2024-06-21 22:00:00,0.3377759520671927,0.08166046052059475
2024-06-21 23:00:00,0.07673997772179493,0.028524285601839595
2024-06-22 00:00:00,0.21025163864055776,0.0016481671744835204
2024-06-22 01:00:00,0.11418004661239628,0.08744942952098828
2024-06-22 02:00:00,0.07634634290990219,0.0822148817750935
2024-06-22 03:00:00,0.020052360145333556,0.007472583300181298
2024-06-22 04:00:00,0.025012184829312514,0.028629487474975224
2024-06-22 05:00:00,0.06656210950368441,0.12578242990688368
2024-06-22 06:00:00,0.022105106088564433,0.1587333680062603
2024-06-22 07:00:00,0.017494935837320476,0.13244509204248978
2024-06-22 08:00:00,0.0,0.09590406096924559
2024-06-22 09:00:00,0.0,0.0
2024-06-22 10:00:00,0.01322040765935858,0.032766411253494256
2024-06-22 11:00:00,0.0,0.03374218928860427
2024-06-22 12:00:00,0.0,0.12025178156600815
2024-06-22 13:00:00,0.036348316044615046,0.009682044162564019
2024-06-22 14:00:00,0.0,0.07621428623735071
2024-06-22 15:00:00,0.012684674238198832,0.0
2024-06-22 16:00:00,0.05370707225310376,0.030491248528163362
2024-06-22 17:00:00,0.25187177962172536,0.13636345883498135
2024-06-22 18:00:00,0.5576828432575914,0.08228550331942018
2024-06-22 19:00:00,0.8399443284521203,0.056554744472462705
2024-06-22 20:00:00,0.9654430746703255,0.15559800812886862
2024-06-22 21:00:00,0.7853621767673752,0.027947770768732273
2024-06-22 22:00:00,0.442192318064801,0.014121308411583034
2024-06-22 23:00:00,0.0,0.0
2024-06-23 00:00:00,0.13417883081264687,0.08569132541446983
2024-06-23 01:00:00,0.13043220404348638,0.05895067855085244
2024-06-23 02:00:00,0.044753468311676536,0.0
2024-06-23 03:00:00,0.039399645609648495,0.0
2024-06-23 04:00:00,0.0480242462144049,0.07407316046270239
2024-06-23 05:00:00,0.10439501946566708,0.07657234156256426
2024-06-23 06:00:00,0.0,0.0
2024-06-23 07:00:00,0.0570232727104755,0.09450812020983791
2024-06-23 08:00:00,0.10388345225142044,0.05863795763713177
2024-06-23 09:00:00,0.0,0.04111829938574539
2024-06-23 10:00:00,0.06880957225657278,0.0516125575987442
2024-06-23 11:00:00,0.0,0.050182749532033215
2024-06-23 12:00:00,0.0,0.0
2024-06-23 13:00:00,0.0,0.07460383291564816
2024-06-23 14:00:00,0.07506002541209365,0.09896447289885285
2024-06-23 15:00:00,0.0,0.019592634078256205
2024-06-23 16:00:00,0.05168153863334262,0.07219832648179056
2024-06-23 17:00:00,0.237040028016644,0.09557158418301592
2024-06-23 18:00:00,0.5313157105600429,0.07415797532010641
2024-06-23 19:00:00,0.9305293513297369,0.0986231301356556
2024-06-23 20:00:00,1.0,0.08270359174542577
2024-06-23 21:00:00,0.8348637889064984,0.0744152158665413
2024-06-23 22:00:00,0.392795783786269,0.0027443561739988673
2024-06-23 23:00:00,0.0,0.016494082977987767
2024-06-24 00:00:00,0.1309708891761213,0.05321333693620499
2024-06-24 01:00:00,0.1226376656047111,0.03841845782484464
2024-06-24 02:00:00,0.12943931796254832,0.01882988136212855
2024-06-24 03:00:00,0.06252156976485351,0.08997992899669752
2024-06-24 04:00:00,0.07814569514389164,0.04171348038372636
2024-06-24 05:00:00,0.06884635662887842,0.030568915110103668
2024-06-24 06:00:00,0.06421921204313974,0.03116430315994348
2024-06-24 07:00:00,0.12152521976986855,0.043265098930777374
2024-06-24 08:00:00,0.0,0.0020316003534598115
2024-06-24 09:00:00,0.021297167984768484,0.13211261637271648
2024-06-24 10:00:00,0.0,0.0
2024-06-24 11:00:00,0.0,0.0559638318042911
2024-06-24 12:00:00,0.050299946033540904,0.0
2024-06-24 13:00:00,0.0,0.05138765052950803
2024-06-24 14:00:00,0.0,0.019242464285698965
2024-06-24 15:00:00,0.02130234686482286,0.0
2024-06-24 16:00:00,0.0,0.0
2024-06-24 17:00:00,0.2183563290531839,0.047923065596037026
2024-06-24 18:00:00,0.5158732328391412,0.15327299987099113
2024-06-24 19:00:00,0.8435992599608947,0.12542479477746424
2024-06-24 20:00:00,1.0,0.13354253994739157
2024-06-24 21:00:00,0.8489999430124872,0.0
2024-06-24 22:00:00,0.37333539895128987,0.03308009008035514
2024-06-24 23:00:00,0.03951262364402266,0.014966814044444445
2024-06-25 00:00:00,0.17751038097305663,0.0031988697836525665
2024-06-25 01:00:00,0.12996952735320746,0.07601751451795827
2024-06-25 02:00:00,0.02798668920294843,0.0368790343855708
2024-06-25 03:00:00,0.09186988024761517,0.1207388846441568
2024-06-25 04:00:00,0.0,0.056949830090635964
2024-06-25 05:00:00,0.10582431991252743,0.11536654984679018
2024-06-25 06:00:00,0.0,0.07797987708147062
2024-06-25 07:00:00,0.015454722374401434,0.10478411356110837
2024-06-25 08:00:00,0.07129558673217093,0.14852738067339305
2024-06-25 09:00:00,0.05633565281076308,0.0
2024-06-25 10:00:00,0.0,0.04617516592945996
2024-06-25 11:00:00,0.0,0.0
2024-06-25 12:00:00,0.041509134431823705,0.0
2024-06-25 13:00:00,0.0335187624140162,0.0
2024-06-25 14:00:00,0.022570518941910436,0.018382443301622357
2024-06-25 15:00:00,0.03968232401431443,0.07848072314984311
2024-06-25 16:00:00,0.0,0.015893388614668748
2024-06-25 17:00:00,0.13823744860888648,0.10370618876387125
2024-06-25 18:00:00,0.6125857133808376,0.03795365052820995
2024-06-25 19:00:00,0.9268740335830495,0.14035705546781357
2024-06-25 20:00:00,0.9431514775151648,0.04158761450780325
2024-06-25 21:00:00,0.8340688268041655,0.009420208456608386
2024-06-25 22:00:00,0.30411864340543326,0.08298608723123735
2024-06-25 23:00:00,0.0,0.12172550706591753
2024-06-26 00:00:00,0.2087421119555082,0.0
2024-06-26 01:00:00,0.06829688488157216,0.0
2024-06-26 02:00:00,0.10760212915319303,0.0
2024-06-26 03:00:00,0.09520114409891234,0.0
2024-06-26 04:00:00,0.025817519458916336,0.0
2024-06-26 05:00:00,0.07558364982118872,0.07788402941202997
2024-06-26 06:00:00,0.040122110744143465,0.008543315222052254
2024-06-26 07:00:00,0.0,0.07492979834745382
2024-06-26 08:00:00,0.033935061048045806,0.06461192191422836
2024-06-26 09:00:00,0.02662027639614401,0.00967443940285416
2024-06-26 10:00:00,0.07758653979695634,0.002456547147976839
2024-06-26 11:00:00,0.06420062279266887,0.0
2024-06-26 12:00:00,0.04693886206698478,0.15414788174788707
2024-06-26 13:00:00,0.12645233499222416,0.07783667426924437
2024-06-26 14:00:00,0.0,0.11745660346472983
2024-06-26 15:00:00,0.0,0.04353827544412767
2024-06-26 16:00:00,0.013824578875427825,0.003869747012523305
2024-06-26 17:00:00,0.26811359533733486,0.03279410755546325
2024-06-26 18:00:00,0.5645259646709276,0.18187340446230613
2024-06-26 19:00:00,0.8496401366468647,0.1284931878940465
2024-06-26 20:00:00,0.9990545903151712,0.10976260273865349
2024-06-26 21:00:00,0.8106955220542956,0.0030562138967756003
2024-06-26 22:00:00,0.3743947613905946,0.016728810110243242
2024-06-26 23:00:00,0.024635139595076207,0.043779031198564286
2024-06-27 00:00:00,0.1771830243422065,0.08584224500195337
2024-06-27 01:00:00,0.10304208388281556,0.010069127659928945
2024-06-27 02:00:00,0.12979119409608386,0.06269292471951422
2024-06-27 03:00:00,0.04990617778601274,0.0
2024-06-27 04:00:00,0.04176369874108498,0.01491349161943454
2024-06-27 05:00:00,0.0,0.07542493307206577
2024-06-27 06:00:00,0.0,0.08116870932111687
2024-06-27 07:00:00,0.0,0.02857606891435073
2024-06-27 08:00:00,0.0,0.06926462233079263
2024-06-27 09:00:00,0.0,0.0
2024-06-27 10:00:00,0.0,0.0
2024-06-27 11:00:00,0.0,0.06751161174717141
2024-06-27 12:00:00,0.0,0.0
2024-06-27 13:00:00,0.0,0.006356760545805109
2024-06-27 14:00:00,0.0,0.027429687479708278
2024-06-27 15:00:00,0.003422828824328985,0.0
2024-06-27 16:00:00,0.0,0.0018417575151319782
2024-06-27 17:00:00,0.21823693617232215,0.0
2024-06-27 18:00:00,0.6472996672794642,0.020122377825897625
2024-06-27 19:00:00,0.8986414383915722,0.08320164511908093
2024-06-27 20:00:00,1.0,0.057407301636602945
2024-06-27 21:00:00,0.7554749193398005,0.0
2024-06-27 22:00:00,0.43905699958521616,0.0
2024-06-27 23:00:00,0.0038218362817053425,0.0
2024-06-28 00:00:00,0.14235760654896606,0.0
2024-06-28 01:00:00,0.05346303569899494,0.02887691490967241
2024-06-28 02:00:00,0.059733032333781744,0.0030779444307259575
2024-06-28 03:00:00,0.2116544164006025,0.11062130981572607
2024-06-28 04:00:00,0.026765950743391706,0.0721943068017448
2024-06-28 05:00:00,0.06740368150470795,0.09938696422643778
2024-06-28 06:00:00,0.01989609447615534,0.0765636814776381
2024-06-28 07:00:00,0.0741678157759434,0.08649495288845849
2024-06-28 08:00:00,0.0,0.05970125994533867
2024-06-28 09:00:00,0.0,0.05026119805902601
2024-06-28 10:00:00,0.053431076279545346,0.0
2024-06-28 11:00:00,0.013085904786024689,0.08853061915828941
2024-06-28 12:00:00,0.0,0.03905651948477943
2024-06-28 13:00:00,0.0,0.06584877358131333
2024-06-28 14:00:00,0.040473130092388274,0.0
2024-06-28 15:00:00,0.016219195325488933,0.0
2024-06-28 16:00:00,0.04766930438142096,0.0
2024-06-28 17:00:00,0.19408779958138545,0.08700132798101011
2024-06-28 18:00:00,0.6098561311574227,0.011583728852007188
2024-06-28 19:00:00,0.9505532042965714,0.10860519562183878
2024-06-28 20:00:00,0.9913009715045314,0.05267402194390527
2024-06-28 21:00:00,0.8627835636535073,0.0
2024-06-28 22:00:00,0.36252417026631895,0.12276431088083119
2024-06-28 23:00:00,0.023607279120576963,0.0537001070187247
2024-06-29 00:00:00,0.18196949402147178,0.0043852094988340515
2024-06-29 01:00:00,0.0,0.0
2024-06-29 02:00:00,0.06753403501106217,0.0
2024-06-29 03:00:00,0.0659634529115191,0.07246647227295788
2024-06-29 04:00:00,0.009864796569598322,0.005042614009674373
2024-06-29 05:00:00,0.0,0.002755729308079661
2024-06-29 06:00:00,0.0,0.05934623604480416
2024-06-29 07:00:00,0.0,0.05248039282392457
2024-06-29 08:00:00,0.02062952190420013,0.022591466097754816
2024-06-29 09:00:00,0.01972424273189395,0.016496410267515207
2024-06-29 10:00:00,0.0,0.0
2024-06-29 11:00:00,0.01780507134576714,0.024051754897893178
2024-06-29 12:00:00,0.07449856866852227,0.07761895716302075
2024-06-29 13:00:00,0.0,0.03790523811813401
2024-06-29 14:00:00,0.0,0.08767116715973326
2024-06-29 15:00:00,0.0,0.0
2024-06-29 16:00:00,0.022353116067115215,0.007818915836076086
2024-06-29 17:00:00,0.19357938854968504,0.13902618063572403
2024-06-29 18:00:00,0.47449541960072134,0.14982761770352832
2024-06-29 19:00:00,0.9003904971298339,0.10162096083121111
2024-06-29 20:00:00,1.0,0.020449166757404505
2024-06-29 21:00:00,0.7890154751313274,0.0
2024-06-29 22:00:00,0.3287737294124808,0.10386468383628057
2024-06-29 23:00:00,0.030474822254355695,0.03655531172587112
2024-06-30 00:00:00,0.25765474220371454,0.1204068987662114
2024-06-30 01:00:00,0.10244523122574048,0.0
2024-06-30 02:00:00,0.033126944994395155,0.10365871295910922
2024-06-30 03:00:00,0.0842366560971822,0.0
2024-06-30 04:00:00,0.05127659304290689,0.0
2024-06-30 05:00:00,0.07509628927301502,0.05709956859003876
2024-06-30 06:00:00,0.006765581336703941,0.01691319959274236
2024-06-30 07:00:00,0.09128193895678398,0.04708762320514363
2024-06-30 08:00:00,0.0,0.04385751764644747
2024-06-30 09:00:00,0.0,0.0
2024-06-30 10:00:00,0.0,0.009031819621840548
2024-06-30 11:00:00,0.037606638207394155,0.0
2024-06-30 12:00:00,0.024930767949662234,0.12309537720907063
2024-06-30 13:00:00,0.0,0.10699982317892223
2024-06-30 14:00:00,0.0,0.06494977417835399
2024-06-30 15:00:00,0.0,0.15392534265542682
2024-06-30 16:00:00,0.03661432511519196,0.0
2024-06-30 17:00:00,0.22349183929933467,0.07027994832732867
2024-06-30 18:00:00,0.5886829071002081,0.11510225465726645
2024-06-30 19:00:00,0.8692838348735702,0.10561193328526533
2024-06-30 20:00:00,1.0,0.0023639233350024047
2024-06-30 21:00:00,0.8299597558038458,0.0
2024-06-30 22:00:00,0.4016866908968895,0.0029548559350522467
2024-06-30 23:00:00,0.0,0.0772367612962144
2024-07-01 00:00:00,0.13095115975677757,0.0
2024-07-01 01:00:00,0.04997368645418703,0.05679829118338528
2024-07-01 02:00:00,0.11631102304442446,0.0
2024-07-01 03:00:00,0.08447050097110231,0.0
2024-07-01 04:00:00,0.02168341273944188,0.013122075977319184
2024-07-01 05:00:00,0.0,0.05735888911525544
2024-07-01 06:00:00,0.018437101015316943,0.11419756381847959
2024-07-01 07:00:00,0.05053387368549697,0.0
2024-07-01 08:00:00,0.09571012066545984,0.026923291645767164
2024-07-01 09:00:00,0.04146528468688181,0.058643802444676374
2024-07-01 10:00:00,0.06492486016766039,0.03360461043493221
2024-07-01 11:00:00,0.0,0.04135758849998662
2024-07-01 12:00:00,0.0,0.008336152323356934
2024-07-01 13:00:00,0.04920412931338826,0.09856336048615984
2024-07-01 14:00:00,0.058442102414606505,0.014407381266679306
2024-07-01 15:00:00,0.023586854032826933,0.0
2024-07-01 16:00:00,0.037120626765743334,0.05308404832567551
2024-07-01 17:00:00,0.19745954080684505,0.03763540591135674
2024-07-01 18:00:00,0.6748388842562512,0.0
2024-07-01 19:00:00,0.9200937842208806,0.08027812456957904
2024-07-01 20:00:00,0.9277684629784195,0.03049271444554672
2024-07-01 21:00:00,0.8016819779203381,0.02083415913605942
2024-07-01 22:00:00,0.4303352683429763,0.0
2024-07-01 23:00:00,0.0709429081630521,0.10278082966392732
2024-07-02 00:00:00,0.2015542280614361,0.05394151217516227
2024-07-02 01:00:00,0.0,0.03719171018742671
2024-07-02 02:00:00,0.08055718809845139,0.032119188925931366
2024-07-02 03:00:00,0.02336677269724043,0.00498648833332466
2024-07-02 04:00:00,0.03581247498447169,0.0658667608216845
2024-07-02 05:00:00,0.06987028401793946,0.009259831022699401
2024-07-02 06:00:00,0.0,0.061004604078003004
2024-07-02 07:00:00,0.0,0.04800027887341501
2024-07-02 08:00:00,0.10080360629086366,0.08837232119637373
2024-07-02 09:00:00,0.07600236740900697,0.09253698255240664
2024-07-02 10:00:00,0.0,0.0021934393652768384
2024-07-02 11:00:00,0.0020313325940703817,0.09746801866055996
2024-07-02 12:00:00,0.0,0.04968813109072578
2024-07-02 13:00:00,0.0,0.0
2024-07-02 14:00:00,0.01728145346318305,0.06977647091000946
2024-07-02 15:00:00,0.06009600841371654,0.06835723576039313
2024-07-02 16:00:00,0.05198784301192908,0.0
2024-07-02 17:00:00,0.15865503961443136,0.03926185850757259
2024-07-02 18:00:00,0.6122133452671382,0.11397842598201172
2024-07-02 19:00:00,0.9429473108518877,0.12170369896259566
2024-07-02 20:00:00,1.0,0.012447225513436716
2024-07-02 21:00:00,0.7574623680166618,0.09127863890546671
2024-07-02 22:00:00,0.4313825654063119,0.034193070999114644
2024-07-02 23:00:00,0.023874704106331475,0.0036677203418889782
2024-07-03 00:00:00,0.18996418493467512,0.0
2024-07-03 01:00:00,0.047289720971521704,0.05840641989950618
2024-07-03 02:00:00,0.0747746141991688,0.05134238316775888
2024-07-03 03:00:00,0.08311370251967976,0.0
2024-07-03 04:00:00,0.03667703733953674,0.18981769441993662
2024-07-03 05:00:00,0.05399518152843905,0.020980705743641574
2024-07-03 06:00:00,0.0,0.09560923375370452
2024-07-03 07:00:00,0.0,0.17714273508414635
2024-07-03 08:00:00,0.0,0.0
2024-07-03 09:00:00,0.0,0.006647122712128931
2024-07-03 10:00:00,0.135648050024723,0.0
2024-07-03 11:00:00,0.0,0.10991820518671948
2024-07-03 12:00:00,0.0,0.03921414092354049
2024-07-03 13:00:00,0.026481606887330107,0.02607830071261783
2024-07-03 14:00:00,0.0,0.08261032528501827
2024-07-03 15:00:00,0.0011338549813200113,0.052023635116467584
2024-07-03 16:00:00,0.0,0.07518182448527054
2024-07-03 17:00:00,0.19941402224102547,0.03125368796725077
2024-07-03 18:00:00,0.6561946251618507,0.0
2024-07-03 19:00:00,0.9797279161250094,0.1581078079335986
2024-07-03 20:00:00,0.9711508762328135,0.02671415426124253
2024-07-03 21:00:00,0.7957809156472206,0.04800685939304164
2024-07-03 22:00:00,0.3885025884835185,0.022187216955704043
2024-07-03 23:00:00,0.03736130770939095,0.13823397499946194
2024-07-04 00:00:00,0.20747311399940505,0.0
2024-07-04 01:00:00,0.04807875735995161,0.05931898732673074
2024-07-04 02:00:00,0.08079218304104217,0.14041026704905238
2024-07-04 03:00:00,0.0005265545845884317,0.04969295411951982
2024-07-04 04:00:00,0.07170363314814536,0.004352425302463318
2024-07-04 05:00:00,0.01880194341717909,0.0
2024-07-04 06:00:00,0.0,0.08855703179877418
2024-07-04 07:00:00,0.07177180676697086,0.03875606408363076
2024-07-04 08:00:00,0.0,0.1052854002370304
2024-07-04 09:00:00,0.0,0.09283013481489251
2024-07-04 10:00:00,0.0,0.0
2024-07-04 11:00:00,0.058478602919497906,0.04854375732593362
2024-07-04 12:00:00,0.022771297759750647,0.0394911335701045
2024-07-04 13:00:00,0.03691316338757116,0.006723355332121914
2024-07-04 14:00:00,0.0,0.0
2024-07-04 15:00:00,0.02473128963402786,0.008844242283884852
2024-07-04 16:00:00,0.0,0.07483509475092978
2024-07-04 17:00:00,0.17330919362624744,0.06090799330133673
2024-07-04 18:00:00,0.5666406697615997,0.10149139819279408
2024-07-04 19:00:00,0.8600124940548554,0.09092288580385788
2024-07-04 20:00:00,1.0,0.14270139917182212
2024-07-04 21:00:00,0.8089939810768388,0.09762730032158967
2024-07-04 22:00:00,0.36189127220827905,0.06737107463859862
2024-07-04 23:00:00,0.013208807122198976,0.0002873569378725391
2024-07-05 00:00:00,0.1744055032018993,0.13689801000965135
2024-07-05 01:00:00,0.07833849286655871,0.08708803586490849
2024-07-05 02:00:00,0.16767474201777866,0.020864306252045876
2024-07-05 03:00:00,0.13052270902705873,0.01022079147167185
2024-07-05 04:00:00,0.042053183413052114,0.038375697174046285
2024-07-05 05:00:00,0.0,0.0
2024-07-05 06:00:00,0.0,0.032535311818536125
2024-07-05 07:00:00,0.0,0.05262778702129497
2024-07-05 08:00:00,0.0,0.0
2024-07-05 09:00:00,0.0,0.022771392969249047
2024-07-05 10:00:00,0.0,0.06199986034647277
2024-07-05 11:00:00,0.0,0.042923735008067676
2024-07-05 12:00:00,0.0,0.028504698288503643
2024-07-05 13:00:00,0.027981362781411934,0.0
2024-07-05 14:00:00,0.05789729917337935,0.026431093165074616
2024-07-05 15:00:00,0.0,0.11836073720993551
2024-07-05 16:00:00,0.0,0.08236437394750909
2024-07-05 17:00:00,0.30158814717941024,0.16101502562242676
2024-07-05 18:00:00,0.5864016064461568,0.12347067497749784
2024-07-05 19:00:00,0.9195397430692664,0.054868601084611744
2024-07-05 20:00:00,1.0,0.07460115267943855
2024-07-05 21:00:00,0.9184593325960496,0.0020662906042019126
2024-07-05 22:00:00,0.39438173842310914,0.023117423606358604
2024-07-05 23:00:00,0.08332014292302235,0.0824741349661116
2024-07-06 00:00:00,0.17943966166715083,0.07468673458942593
2024-07-06 01:00:00,0.07364553514516271,0.0
2024-07-06 02:00:00,0.06980653844828802,0.05796906488918642
2024-07-06 03:00:00,0.034172091131408885,0.0
2024-07-06 04:00:00,0.11185418753482033,0.15214048576398836
2024-07-06 05:00:00,0.05262202451251547,0.01931153820684823
2024-07-06 06:00:00,0.0,0.0992229702199083
2024-07-06 07:00:00,0.0,0.0551877224725683
2024-07-06 08:00:00,0.0,0.035963969266654225
2024-07-06 09:00:00,0.0,0.05478011681495002
2024-07-06 10:00:00,0.0,0.0
2024-07-06 11:00:00,0.0,0.039273466702383845
2024-07-06 12:00:00,0.0,0.0
2024-07-06 13:00:00,0.0,0.02005194546679397
2024-07-06 14:00:00,0.0027372997000742116,0.0
2024-07-06 15:00:00,0.0,0.0874413787263911
2024-07-06 16:00:00,0.0,0.05518113581370328
2024-07-06 17:00:00,0.22443354554531444,0.0720610734814561
2024-07-06 18:00:00,0.5316130955641533,0.14306899740023293
2024-07-06 19:00:00,0.8917509794895561,0.13145234497683242
2024-07-06 20:00:00,1.0,0.09650529969080317
2024-07-06 21:00:00,0.7939885147784151,0.0
2024-07-06 22:00:00,0.3996138055589721,0.03359833425934053
2024-07-06 23:00:00,0.01720403830989174,0.0
2024-07-07 00:00:00,0.2597039028401717,0.0
2024-07-07 01:00:00,0.09583846297725616,0.06482824225659692
2024-07-07 02:00:00,0.04748976881419015,0.09177108631934242
2024-07-07 03:00:00,0.12272098714668327,0.05616985175118874
2024-07-07 04:00:00,0.04807804369782148,0.03879161142835616
2024-07-07 05:00:00,0.039392374909762363,0.07427325834704346
2024-07-07 06:00:00,0.0,0.09800681444140628
2024-07-07 07:00:00,0.07081020448035451,0.20208782475475529
2024-07-07 08:00:00,0.01682946388100875,0.1510028058563674
2024-07-07 09:00:00,0.08247524999943304,0.1262326715282659
2024-07-07 10:00:00,0.05492711250235798,0.0
2024-07-07 11:00:00,0.0,0.0392824921329483
2024-07-07 12:00:00,0.0,0.0
2024-07-07 13:00:00,0.032638480834469685,0.026422471747852814
2024-07-07 14:00:00,0.0,0.060572281645863736
2024-07-07 15:00:00,0.008369914193108528,0.09344141776551647
2024-07-07 16:00:00,0.02195339553753216,0.0
2024-07-07 17:00:00,0.20999175869577813,0.10754333181678502
2024-07-07 18:00:00,0.5868805274953682,0.08489573131118296
2024-07-07 19:00:00,0.9072477480282695,0.08035923353599986
2024-07-07 20:00:00,1.0,0.0896170750380791
2024-07-07 21:00:00,0.7897077921975747,0.0
2024-07-07 22:00:00,0.3645848840495778,0.011842005284316177
2024-07-07 23:00:00,0.05337351907746818,0.014161115660791798
2024-07-08 00:00:00,0.2451489416022692,0.056911980096119585
2024-07-08 01:00:00,0.12586286732164895,0.06667325941937985
2024-07-08 02:00:00,0.11723552692188055,0.12642700077456248
2024-07-08 03:00:00,0.0,0.050459617319331414
2024-07-08 04:00:00,0.07614163988989245,0.15669607296457622
2024-07-08 05:00:00,0.0,0.0786982876608756
2024-07-08 06:00:00,0.0,0.07691835598852098
2024-07-08 07:00:00,0.0,0.020200785553602787
2024-07-08 08:00:00,0.018071237051553526,0.004493014572415022
2024-07-08 09:00:00,0.025761477367709125,0.10461704796340604
2024-07-08 10:00:00,0.028549934549888883,0.11409167991576803
2024-07-08 11:00:00,0.0,0.0
2024-07-08 12:00:00,0.0,0.12767910748803304
2024-07-08 13:00:00,0.0,0.10029118252861956
2024-07-08 14:00:00,0.0,0.0
2024-07-08 15:00:00,0.049650033596635744,0.08450698271669296
2024-07-08 16:00:00,0.03306482285664304,0.04899133746612486
2024-07-08 17:00:00,0.17445990702515768,0.053337476568834405
2024-07-08 18:00:00,0.5770859615764127,0.07393610277621294
2024-07-08 19:00:00,0.8423815291791419,0.13041675768815875
2024-07-08 20:00:00,0.9167807244611222,0.08471402034172758
2024-07-08 21:00:00,0.7364407865351645,0.06729514301655025
2024-07-08 22:00:00,0.44278892611838094,0.051895475251320274
2024-07-08 23:00:00,0.0,0.03922686877997226
2024-07-09 00:00:00,0.25274031414660614,0.054604024429566675
2024-07-09 01:00:00,0.15293533880273374,0.07545866719668566
2024-07-09 02:00:00,0.04060193764298158,0.05516335492482251
2024-07-09 03:00:00,0.11295350548456762,0.04230141898448281
2024-07-09 04:00:00,0.07274431631571349,0.022411702656381247
2024-07-09 05:00:00,0.023239993590170822,0.06282715762115013
2024-07-09 06:00:00,0.0,0.004602102725376908
2024-07-09 07:00:00,0.010701465779716503,0.09266670838104592
2024-07-09 08:00:00,0.0,0.05382223032433548
2024-07-09 09:00:00,0.0,0.07425483502640429
2024-07-09 10:00:00,0.0,0.026625018472815738
2024-07-09 11:00:00,0.0,0.004718619766641771
2024-07-09 12:00:00,0.06085037625324995,0.0
2024-07-09 13:00:00,0.0,0.0017668572423590358
2024-07-09 14:00:00,0.0,0.13459997843481106
2024-07-09 15:00:00,0.0,0.011417501806804176
2024-07-09 16:00:00,0.0,0.13341926007626562
2024-07-09 17:00:00,0.17616047673379995,0.02561092680901987
2024-07-09 18:00:00,0.5325730245364365,0.0
2024-07-09 19:00:00,0.8448111456447402,0.12394353968632107
2024-07-09 20:00:00,1.0,0.1317196540159997
2024-07-09 21:00:00,0.7659591531481903,0.06364076991702025
2024-07-09 22:00:00,0.42963184484879524,0.04243208433556518
2024-07-09 23:00:00,0.008777295115031721,0.0
2024-07-10 00:00:00,0.1716124760173547,0.04385383786594463
2024-07-10 01:00:00,0.11329893564110702,0.0
2024-07-10 02:00:00,0.07472700789793599,0.08009943342497232
2024-07-10 03:00:00,0.057650326029863044,0.03180672203619564
2024-07-10 04:00:00,0.002687331799169336,0.02432096863264601
2024-07-10 05:00:00,0.07264369143688545,0.0
2024-07-10 06:00:00,0.013684604338103763,0.10691753446821886
2024-07-10 07:00:00,0.028005310725978994,0.04765317631918968
2024-07-10 08:00:00,0.009823509326656774,0.010348101644312643
2024-07-10 09:00:00,0.0,0.0
2024-07-10 10:00:00,0.0,0.03982702164670578
2024-07-10 11:00:00,0.0,0.0253705428129126
2024-07-10 12:00:00,0.0,0.09158779223815632
2024-07-10 13:00:00,0.08402233982308342,0.09918923054695154
2024-07-10 14:00:00,0.010472755596917798,0.07446694641249098
2024-07-10 15:00:00,0.0,0.07827447453905649
2024-07-10 16:00:00,0.04947201701893145,0.006580563089189015
2024-07-10 17:00:00,0.24733476101426632,0.14113003708685667
2024-07-10 18:00:00,0.6423719841901833,0.0
2024-07-10 19:00:00,0.9082569192353644,0.18920024336964564
2024-07-10 20:00:00,1.0,0.06484183768110502
2024-07-10 21:00:00,0.8030284767261886,0.06370382681722174
2024-07-10 22:00:00,0.3344632179305558,0.005335291391017231
2024-07-10 23:00:00,0.059093824047528665,0.03039130162017319
2024-07-11 00:00:00,0.17253577758221605,0.05803885936953149
2024-07-11 01:00:00,0.009697461647837066,0.012029828404781166
2024-07-11 02:00:00,0.0984292033179751,0.0
2024-07-11 03:00:00,0.06481389407208911,0.10590314021158755
2024-07-11 04:00:00,0.09520854494311375,0.03197548212403899
2024-07-11 05:00:00,0.04850159725898653,0.055239622456550966
2024-07-11 06:00:00,0.007021031304032456,0.006521727532453378
2024-07-11 07:00:00,0.022139770696835807,0.05636529520325699
2024-07-11 08:00:00,0.062362805535544276,0.1634406999312401
2024-07-11 09:00:00,0.006965599989340092,0.037841214935887296
2024-07-11 10:00:00,0.0,0.0918173479042283
2024-07-11 11:00:00,0.0,0.021068070949966176
2024-07-11 12:00:00,0.011097739004999536,0.06147427917062278
2024-07-11 13:00:00,0.048627346246968704,0.0
2024-07-11 14:00:00,0.0,0.035531819664026215
2024-07-11 15:00:00,0.0,0.12112714884354137
2024-07-11 16:00:00,0.0959904586052028,0.06262117229368752
2024-07-11 17:00:00,0.14768126047799884,0.0
2024-07-11 18:00:00,0.6363453567635221,0.015679837954747214
2024-07-11 19:00:00,0.9699766432687466,0.11293651597989865
2024-07-11 20:00:00,1.0,0.05159247309712685
2024-07-11 21:00:00,0.7869163032630032,0.0
2024-07-11 22:00:00,0.3371623419834085,0.10210836989341066
2024-07-11 23:00:00,0.03688932837074427,0.04783780599438803
2024-07-12 00:00:00,0.07769673064384995,0.028884075810705106
2024-07-12 01:00:00,0.0699237304118519,0.0860544356871222
2024-07-12 02:00:00,0.05560792305819121,0.0
2024-07-12 03:00:00,0.08920637569275688,0.0
2024-07-12 04:00:00,0.062037194094793774,0.11627617749081412
2024-07-12 05:00:00,0.042541097857972825,0.0622349151571098
2024-07-12 06:00:00,0.03404089503071211,0.1686793339180764
2024-07-12 07:00:00,0.030736604858821334,0.11346385321614644
2024-07-12 08:00:00,0.04055420208502109,0.11734574502415764
2024-07-12 09:00:00,0.04067446465625583,0.0
2024-07-12 10:00:00,0.18924075517632025,0.019903327430185205
2024-07-12 11:00:00,0.0,0.06526736765091579
2024-07-12 12:00:00,0.005405501134263529,0.002116812600942944
2024-07-12 13:00:00,0.0,0.06831198705263186
2024-07-12 14:00:00,0.09857203365437753,0.05421196539210106
2024-07-12 15:00:00,0.0,0.01450734525639042
2024-07-12 16:00:00,0.038228450568337353,0.0
2024-07-12 17:00:00,0.16562641480549323,0.01816188447759346
2024-07-12 18:00:00,0.5949404035671132,0.023437563154767943
2024-07-12 19:00:00,0.917315952797303,0.04909879823230736
2024-07-12 20:00:00,0.9918479581569211,0.0646399008318021
2024-07-12 21:00:00,0.7119368027318284,0.01934018934925169
2024-07-12 22:00:00,0.37158292162623974,0.060466952389591655
2024-07-12 23:00:00,0.08455044741673298,0.0
2024-07-13 00:00:00,0.20293702751113607,0.1397519477026405
2024-07-13 01:00:00,0.10257161248774463,0.0324485558784327
2024-07-13 02:00:00,0.08283962946166802,0.028129745102695194
2024-07-13 03:00:00,0.0,0.08584805341077067
2024-07-13 04:00:00,0.20225364447320854,0.0
2024-07-13 05:00:00,0.02931587296362292,0.013779984215041542
2024-07-13 06:00:00,0.0014588564147673905,0.0637884526438826
2024-07-13 07:00:00,0.00839443611328578,0.039832644086355964
2024-07-13 08:00:00,0.030433157978798815,0.03762802841773611
2024-07-13 09:00:00,0.0,0.0
2024-07-13 10:00:00,0.01515072567820882,0.08890859430203182
2024-07-13 11:00:00,0.0,0.04260436701906825
2024-07-13 12:00:00,0.0,0.0625028356387198
2024-07-13 13:00:00,0.0,0.018434029120205475
2024-07-13 14:00:00,0.014630831884270133,0.05826163453180073
2024-07-13 15:00:00,0.00798804349375368,0.0
2024-07-13 16:00:00,0.0714928345420716,0.023904866090099754
2024-07-13 17:00:00,0.2722567036482324,0.11529382664442019
2024-07-13 18:00:00,0.6403337450352535,0.02258428852025946
2024-07-13 19:00:00,0.8913671385610074,0.05444383058286359
2024-07-13 20:00:00,1.0,0.08823541426385936
2024-07-13 21:00:00,0.8440249687463098,0.03276199882023271
2024-07-13 22:00:00,0.36323876590099824,0.00651546396282009
2024-07-13 23:00:00,0.0050333439289933675,0.06392244001094677
2024-07-14 00:00:00,0.1298914611623082,0.0
2024-07-14 01:00:00,0.03250035289941271,0.044056095850424054
2024-07-14 02:00:00,0.10266206818537946,0.03277561889406223
2024-07-14 03:00:00,0.036163135965475116,0.07811013525171995
2024-07-14 04:00:00,0.0025213308927706304,0.15963035835584843
2024-07-14 05:00:00,0.03494590576884013,0.032313373325782525
2024-07-14 06:00:00,0.025593806699802157,0.025346834624181615
2024-07-14 07:00:00,0.0,0.1459356867875523
2024-07-14 08:00:00,0.06253099344860955,0.07567965155488775
2024-07-14 09:00:00,0.0,0.0
2024-07-14 10:00:00,0.02854354579942492,0.006338135269048563
2024-07-14 11:00:00,0.07860866122909418,0.01287034865297193
2024-07-14 12:00:00,0.02330513200686751,0.019354023893139415
2024-07-14 13:00:00,0.06332583024288378,0.013971787284285116
2024-07-14 14:00:00,0.07853832661802382,0.0
2024-07-14 15:00:00,0.0,0.03800653223189983
2024-07-14 16:00:00,0.0,0.09606319994802494
2024-07-14 17:00:00,0.246687110351824,0.08691911106655459
2024-07-14 18:00:00,0.646442526549927,0.1827813836506395
2024-07-14 19:00:00,0.9389931647775709,0.08709856170776362
2024-07-14 20:00:00,1.0,0.1297460556183192
2024-07-14 21:00:00,0.8636356412890717,0.0915346199353793
2024-07-14 22:00:00,0.41517905149731116,0.08010297511802228
2024-07-14 23:00:00,0.0,0.0
2024-07-15 00:00:00,0.24407995093565163,0.04155125030467271
2024-07-15 01:00:00,0.19004746116690135,0.005984546378718564
2024-07-15 02:00:00,0.22292602658423558,0.0
2024-07-15 03:00:00,0.07316421731861773,0.030516819310388466
2024-07-15 04:00:00,0.0423637479554793,0.12169673239770762
2024-07-15 05:00:00,0.15245226417538918,0.03448384692612987
2024-07-15 06:00:00,0.006399912016427155,0.05157693664687166
2024-07-15 07:00:00,0.0,0.09727993113829231
2024-07-15 08:00:00,0.0898817717443654,0.09153653956713154
2024-07-15 09:00:00,0.0,0.10120364248431953
2024-07-15 10:00:00,0.0,0.003070218099648761
2024-07-15 11:00:00,0.025626607192468592,0.0
2024-07-15 12:00:00,0.010854858141327485,0.04000497842847966
2024-07-15 13:00:00,0.0752627951986056,0.06982156208001447
2024-07-15 14:00:00,0.0,0.08966220407251423
2024-07-15 15:00:00,0.08852840458565664,0.048488097794404016
2024-07-15 16:00:00,0.043179049667769615,0.03698400989604863
2024-07-15 17:00:00,0.23126701559745244,0.0
2024-07-15 18:00:00,0.6932676346960358,0.1520399505680142
2024-07-15 19:00:00,0.8929066868588686,0.08000662242076528
2024-07-15 20:00:00,1.0,0.0808312966426891
2024-07-15 21:00:00,0.7716138515340428,0.05434853949764103
2024-07-15 22:00:00,0.4041689166635141,0.03487489784451864
2024-07-15 23:00:00,0.0,0.0
2024-07-16 00:00:00,0.2047538598027092,0.037008577094725534
2024-07-16 01:00:00,0.09084238818999175,0.11362298326744752
2024-07-16 02:00:00,0.1594792565249617,0.0
2024-07-16 03:00:00,0.06110475205988137,0.0031875430139018043
2024-07-16 04:00:00,0.0,0.0
2024-07-16 05:00:00,0.01964223033061098,0.0
2024-07-16 06:00:00,0.0,0.17150412742362664
2024-07-16 07:00:00,0.0,0.15055167208259468
2024-07-16 08:00:00,0.10876088941062079,0.04041248082189966
2024-07-16 09:00:00,0.0,0.0
2024-07-16 10:00:00,0.0,0.10102376045166524
2024-07-16 11:00:00,0.0,0.0
2024-07-16 12:00:00,0.009211840417286796,0.07141062400674694
2024-07-16 13:00:00,0.005417056694248024,0.0
2024-07-16 14:00:00,0.021623713552540967,0.09043206829350242
2024-07-16 15:00:00,0.0,0.0
2024-07-16 16:00:00,0.013653845465742664,0.053236984964449785
2024-07-16 17:00:00,0.18878422239251147,0.08010937611898505
2024-07-16 18:00:00,0.6097863747724895,0.07898082300683708
2024-07-16 19:00:00,0.8861644842295582,0.11431640266335559
2024-07-16 20:00:00,0.9534494814690807,0.04722236577940957
2024-07-16 21:00:00,0.853871762396642,0.0
2024-07-16 22:00:00,0.35324113016889946,0.03892333545670266
2024-07-16 23:00:00,0.03967637722028273,0.06424448664461188
2024-07-17 00:00:00,0.160655125684814,0.07441836087713832
2024-07-17 01:00:00,0.10596643094208914,0.08469300611709024
2024-07-17 02:00:00,0.20995599794109882,0.0
2024-07-17 03:00:00,0.11891507017894871,0.0
2024-07-17 04:00:00,0.03690457534959819,0.0012524737937455663
2024-07-17 05:00:00,0.0,0.0
2024-07-17 06:00:00,0.0,0.09643885750819181
2024-07-17 07:00:00,0.0,0.15157317368613157
2024-07-17 08:00:00,0.0,0.045330102189877056
2024-07-17 09:00:00,0.06968162126746734,0.0
2024-07-17 10:00:00,0.01761773313653103,0.0
2024-07-17 11:00:00,0.0,0.06965556492792006
2024-07-17 12:00:00,0.058644627306967484,0.10032115718082797
2024-07-17 13:00:00,0.0,0.0
2024-07-17 14:00:00,0.03921995200313822,0.0535034026728365
2024-07-17 15:00:00,0.02828961204960578,0.0
2024-07-17 16:00:00,0.0,0.04716180767719471
2024-07-17 17:00:00,0.25330726452653285,0.04090778503287609
2024-07-17 18:00:00,0.5120540370629422,0.1442841594486238
2024-07-17 19:00:00,0.9835251190937134,0.1050099240684434
2024-07-17 20:00:00,0.9596984519520536,0.03779881015399525
2024-07-17 21:00:00,0.7831602400319105,0.03400502646551192
2024-07-17 22:00:00,0.3502071630706282,0.04341874277201762
2024-07-17 23:00:00,0.024433804611551358,0.025768136234153267
2024-07-18 00:00:00,0.18199921977367617,0.07597242706807192
2024-07-18 01:00:00,0.16725316441053434,0.0
2024-07-18 02:00:00,0.10237389080939993,0.0
2024-07-18 03:00:00,0.039717151073324006,0.09785447567001473
2024-07-18 04:00:00,0.04258516758408307,0.0
2024-07-18 05:00:00,0.054259383566938824,0.13230168827400723
2024-07-18 06:00:00,0.0,0.04447680312972831
2024-07-18 07:00:00,0.07562255088371524,0.059358821977980675
2024-07-18 08:00:00,0.0,0.07640896623686984
2024-07-18 09:00:00,0.0,0.02303414239715212
2024-07-18 10:00:00,0.0,0.054416018813343944
2024-07-18 11:00:00,0.0,0.055790832633764866
2024-07-18 12:00:00,0.0,0.09518742966030831
2024-07-18 13:00:00,0.031501482639488564,0.0
2024-07-18 14:00:00,0.02983845163524051,0.04079780859304881
2024-07-18 15:00:00,0.0,0.09764014084680567
2024-07-18 16:00:00,0.0,0.03233909448602472
2024-07-18 17:00:00,0.18782697224786857,0.06787911565134949
2024-07-18 18:00:00,0.5531800316444047,0.09259479429989928
2024-07-18 19:00:00,0.9174707796409178,0.10120605103554489
2024-07-18 20:00:00,1.0,0.05730572913962777
2024-07-18 21:00:00,0.7002118889107495,0.0
2024-07-18 22:00:00,0.40920492345129095,0.010046553767126175
2024-07-18 23:00:00,0.027409431927582308,0.036059437606979744
2024-07-19 00:00:00,0.2531933186176249,0.02709726014893759
2024-07-19 01:00:00,0.1312655692968409,0.0
2024-07-19 02:00:00,0.11172963943082898,0.08865195976495815
2024-07-19 03:00:00,0.10506225547552364,0.0
2024-07-19 04:00:00,0.06303881742663722,0.0
2024-07-19 05:00:00,0.06443386084964785,0.041058958384596514
2024-07-19 06:00:00,0.0,0.08305849357707074
2024-07-19 07:00:00,0.025907345176870007,0.01791515941250829
2024-07-19 08:00:00,0.0,0.02243976756237845
2024-07-19 09:00:00,0.080292057301879,0.03797434607638474
2024-07-19 10:00:00,0.0,0.0
2024-07-19 11:00:00,0.0,0.025992489450901598
2024-07-19 12:00:00,0.0,0.0
2024-07-19 13:00:00,0.0,0.12006866086431324
2024-07-19 14:00:00,0.0,0.08847628689317807
2024-07-19 15:00:00,0.010874071812538424,0.05188668162962411
2024-07-19 16:00:00,0.0,0.04539019487535998
2024-07-19 17:00:00,0.17570752301915799,0.12300140579266176
2024-07-19 18:00:00,0.5609716004351175,0.07946954309425013
2024-07-19 19:00:00,0.8366942955369389,0.12799748020354468
2024-07-19 20:00:00,1.0,0.11477386454860726
2024-07-19 21:00:00,0.8660836400152523,0.04299644790069093
2024-07-19 22:00:00,0.38151233729127915,0.0
2024-07-19 23:00:00,0.0,0.0
2024-07-20 00:00:00,0.20865495676917012,0.10613926013982182
2024-07-20 01:00:00,0.03184119990139046,0.0
2024-07-20 02:00:00,0.13713958257486536,0.09114636147510134
2024-07-20 03:00:00,0.10846929205021348,0.0
2024-07-20 04:00:00,0.12219113414511303,0.0
2024-07-20 05:00:00,0.0,0.00264915744324961
2024-07-20 06:00:00,0.015297049628988335,0.033522675845943324
2024-07-20 07:00:00,0.06328518156243834,0.09471362659635138
2024-07-20 08:00:00,0.031483927723389864,0.03029185140530294
2024-07-20 09:00:00,0.014583843330318978,0.024299714857492345
2024-07-20 10:00:00,0.0,0.0
2024-07-20 11:00:00,0.009205993139426208,0.004205555453624148
2024-07-20 12:00:00,0.037183788643882096,0.08104616970364756
2024-07-20 13:00:00,0.013295599434215764,0.07241954653588664
2024-07-20 14:00:00,0.013757845528681107,0.057822716334328575
2024-07-20 15:00:00,0.0,0.02142390116740591
2024-07-20 16:00:00,0.05514030359749833,0.03215685693991347
2024-07-20 17:00:00,0.18031977464399265,0.037119762614294644
2024-07-20 18:00:00,0.6623403940612697,0.08428690926807407
2024-07-20 19:00:00,0.9355010670596771,0.07347395414318722
2024-07-20 20:00:00,0.9809981601764342,0.07502474403488409
2024-07-20 21:00:00,0.8512679971250202,0.0
2024-07-20 22:00:00,0.41332671456637143,0.0
2024-07-20 23:00:00,0.0,0.058491494455510724
2024-07-21 00:00:00,0.2644845655356606,0.02942480213799552
2024-07-21 01:00:00,0.21490837130764148,0.036038068704025664
2024-07-21 02:00:00,0.1785886508476816,0.0
2024-07-21 03:00:00,0.0,0.02839779577704441
2024-07-21 04:00:00,0.0,0.05485557119403483
2024-07-21 05:00:00,0.024156984679699733,0.03629673467406248
2024-07-21 06:00:00,0.04831974181100308,0.1754038458986107
2024-07-21 07:00:00,0.0,0.09639353002654853
2024-07-21 08:00:00,0.0,0.05675482387225388
2024-07-21 09:00:00,0.018520669857383078,0.021352000497983338
2024-07-21 10:00:00,0.0,0.0
2024-07-21 11:00:00,0.0,0.05707566829558329
2024-07-21 12:00:00,0.000944820048182461,0.03577741947838932
2024-07-21 13:00:00,0.04011487270171114,0.06065706696466658
2024-07-21 14:00:00,0.09031879846659696,0.05702484165384801
2024-07-21 15:00:00,0.0,0.07367798187137346
2024-07-21 16:00:00,0.0,0.008107596948285896
2024-07-21 17:00:00,0.16425536813785543,0.0
2024-07-21 18:00:00,0.6546095776893974,0.09054096802534445
2024-07-21 19:00:00,0.9118826083346379,0.04100541937663315
2024-07-21 20:00:00,0.8457895854778972,0.1311958805565137
2024-07-21 21:00:00,0.8437392750134459,0.04979543272064525
2024-07-21 22:00:00,0.3887229629259875,0.07108286395362408
2024-07-21 23:00:00,0.06991557349859617,0.08664340455861999
2024-07-22 00:00:00,0.2335685086309179,0.02455084933797958
2024-07-22 01:00:00,0.08218583346454475,0.01590991786831745
2024-07-22 02:00:00,0.11361135415531341,0.0
2024-07-22 03:00:00,0.09781206266833425,0.0165033435809031
2024-07-22 04:00:00,0.0432093892516468,0.0
2024-07-22 05:00:00,0.016396358725041443,0.0
2024-07-22 06:00:00,0.0,0.1367519443479361
2024-07-22 07:00:00,0.0,0.0339620958892001
2024-07-22 08:00:00,0.02131603324007203,0.09587059439388297
2024-07-22 09:00:00,0.0,0.0
2024-07-22 10:00:00,0.0,0.05409710182329981
2024-07-22 11:00:00,0.041986354869188204,0.014149128186599327
2024-07-22 12:00:00,0.0,0.0
2024-07-22 13:00:00,0.01168239266189453,0.025213789575829523
2024-07-22 14:00:00,0.0,0.05278803614353733
2024-07-22 15:00:00,0.0,0.061797181996584516
2024-07-22 16:00:00,0.0,0.04655661498655461
2024-07-22 17:00:00,0.15803967692486043,0.13609100893932025
2024-07-22 18:00:00,0.5560183428596763,0.053253996901951664
2024-07-22 19:00:00,0.9591266176441842,0.1589575219173724
2024-07-22 20:00:00,1.0,0.00791701016581113
2024-07-22 21:00:00,0.8037638672008949,0.09241904899676631
2024-07-22 22:00:00,0.38706864293922133,0.02659260765582673
2024-07-22 23:00:00,0.01579949348781863,0.05063954345311142
2024-07-23 00:00:00,0.18392559616547965,0.042198019864794656
2024-07-23 01:00:00,0.1265766445814328,0.0
2024-07-23 02:00:00,0.09194605978968681,0.0
2024-07-23 03:00:00,0.03333948064879966,0.13887344030497986
2024-07-23 04:00:00,0.056601364873591985,0.0649714161086063
2024-07-23 05:00:00,0.032420712167276836,0.0
2024-07-23 06:00:00,0.0,0.03087693714295274
2024-07-23 07:00:00,0.0,0.11788547992665124
2024-07-23 08:00:00,0.0013571073405209697,0.178739093162758
2024-07-23 09:00:00,0.019666211354352262,0.0
2024-07-23 10:00:00,0.005249102385351659,0.04820838906645242
2024-07-23 11:00:00,0.03618696396266245,0.0
2024-07-23 12:00:00,0.07956044839481495,0.04673475006744135
2024-07-23 13:00:00,0.0,0.07117369280044483
2024-07-23 14:00:00,0.07372444265059123,0.0
2024-07-23 15:00:00,0.0,0.00048243345589529113
2024-07-23 16:00:00,0.0,0.06476530210375486
2024-07-23 17:00:00,0.19460664626564458,0.08509874843930018
2024-07-23 18:00:00,0.6452382968397199,0.14009649093664817
2024-07-23 19:00:00,0.8825050754616913,0.13060194501435515
2024-07-23 20:00:00,1.0,0.1450225222217204
2024-07-23 21:00:00,0.7509612636207685,0.0
2024-07-23 22:00:00,0.3914313259425861,0.1150349873546321
2024-07-23 23:00:00,0.0,0.033967597019649826
2024-07-24 00:00:00,0.23111946455052373,0.06481936225066533
2024-07-24 01:00:00,0.16980388667757185,0.0
2024-07-24 02:00:00,0.1146629750467224,0.09829998280631987
2024-07-24 03:00:00,0.0668988402984089,0.0
2024-07-24 04:00:00,0.05740963459382346,0.08084705244951854
2024-07-24 05:00:00,0.07836058133530127,0.0
2024-07-24 06:00:00,0.0,0.09805519506032265
2024-07-24 07:00:00,0.017724780116655858,0.1345069458814826
2024-07-24 08:00:00,0.0,0.06664340656338075
2024-07-24 09:00:00,0.044656279755518356,0.0
2024-07-24 10:00:00,0.10692514081788702,0.0
2024-07-24 11:00:00,0.06499238676957504,0.0
2024-07-24 12:00:00,0.011899626459866024,0.04839163024217036
2024-07-24 13:00:00,0.009694717066945548,0.09448720325059533
2024-07-24 14:00:00,0.000846407327143865,0.05967058776914974
2024-07-24 15:00:00,0.0,0.0
2024-07-24 16:00:00,0.0,0.020817475979120863
2024-07-24 17:00:00,0.13120673406655847,0.0151415397859447
2024-07-24 18:00:00,0.547412070436516,0.06290934941867386
2024-07-24 19:00:00,0.8893399057527873,0.19290179729000437
2024-07-24 20:00:00,1.0,0.08845237130415526
2024-07-24 21:00:00,0.8217673215622286,0.0
2024-07-24 22:00:00,0.4762240736932998,0.07925402117315926
2024-07-24 23:00:00,0.06874641732256538,0.020063882800538127
2024-07-25 00:00:00,0.2016974438503586,0.04725315025339409
2024-07-25 01:00:00,0.16541595817004845,0.0
2024-07-25 02:00:00,0.1837027261760788,0.10350339893104298
2024-07-25 03:00:00,0.0008208781121513756,0.03157149831289463
2024-07-25 04:00:00,0.06584557438261797,0.0
2024-07-25 05:00:00,0.025299760127901506,0.02153817480590963
2024-07-25 06:00:00,0.0,0.08067977040339813
2024-07-25 07:00:00,0.0,0.09784847480234556
2024-07-25 08:00:00,0.023740577460216822,0.1607477517007248
2024-07-25 09:00:00,0.0,0.0
2024-07-25 10:00:00,0.0,0.054546485171599934
2024-07-25 11:00:00,0.0,0.0
2024-07-25 12:00:00,0.0,0.07078104693722914
2024-07-25 13:00:00,0.0798759025687402,0.0
2024-07-25 14:00:00,0.0,0.08090302651156958
2024-07-25 15:00:00,0.0,0.0
2024-07-25 16:00:00,0.0,0.08248667668598367
2024-07-25 17:00:00,0.21883653428028033,0.0
2024-07-25 18:00:00,0.5702092300253504,0.02409596597092891
2024-07-25 19:00:00,0.9250066376309068,0.060288403417966444
2024-07-25 20:00:00,0.9713344109800616,0.041829197225087135
2024-07-25 21:00:00,0.7650852732409341,0.09092682086719805
2024-07-25 22:00:00,0.45286656655032587,0.0
2024-07-25 23:00:00,0.04678414873095986,0.0
2024-07-26 00:00:00,0.22206872328105706,0.0
2024-07-26 01:00:00,0.2006784656482382,0.0686674332693156
2024-07-26 02:00:00,0.1313532122909367,0.0
2024-07-26 03:00:00,0.017930697521565495,0.0
2024-07-26 04:00:00,0.07686686009883711,0.0
2024-07-26 05:00:00,0.0,0.0552915396998883
2024-07-26 06:00:00,0.06655241470425192,0.062296253394731785
2024-07-26 07:00:00,0.0,0.0823983955580932
2024-07-26 08:00:00,0.04289261801114788,0.022571274829891914
2024-07-26 09:00:00,0.026143863011415094,0.052174645499204184
2024-07-26 10:00:00,0.0,0.05110349628508754
2024-07-26 11:00:00,0.03503887123030074,0.0
2024-07-26 12:00:00,0.014467844548602669,0.0
2024-07-26 13:00:00,0.04708303518389887,0.02572625645813806
2024-07-26 14:00:00,0.0,0.0
2024-07-26 15:00:00,0.0,0.08338267737470867
2024-07-26 16:00:00,0.08276238584718607,0.12137255710946815
2024-07-26 17:00:00,0.14360735384872853,0.045925406613177275
2024-07-26 18:00:00,0.5925164742856699,0.14154980857016006
2024-07-26 19:00:00,0.9388649007320792,0.10927123359711742
2024-07-26 20:00:00,0.9766831166713571,0.07676857691004206
2024-07-26 21:00:00,0.7786013681614908,0.030428414814908863
2024-07-26 22:00:00,0.3819659247176688,0.012952502114098367
2024-07-26 23:00:00,0.0,0.0
2024-07-27 00:00:00,0.12989709969342655,0.02134146645636968
2024-07-27 01:00:00,0.09193542269974449,0.030831895020057197
2024-07-27 02:00:00,0.033452813791726876,0.04804069811862082
2024-07-27 03:00:00,0.03596093231701927,0.10278742177524498
2024-07-27 04:00:00,0.07779549657023353,0.0
2024-07-27 05:00:00,0.0,0.0
2024-07-27 06:00:00,0.0,0.013286788649093675
2024-07-27 07:00:00,0.02362177641608142,0.06778180657579148
2024-07-27 08:00:00,0.0,0.037993281234662474
2024-07-27 09:00:00,0.0,0.04886893253348936
2024-07-27 10:00:00,0.020186965124239727,0.019724588757112457
2024-07-27 11:00:00,0.0,0.015212018710768199
2024-07-27 12:00:00,0.0,0.0
2024-07-27 13:00:00,0.0,0.0
2024-07-27 14:00:00,0.0,0.0
2024-07-27 15:00:00,0.029034336489395463,0.056602274950716625
2024-07-27 16:00:00,0.0,0.06948061863215825
2024-07-27 17:00:00,0.16616785526861733,0.0
2024-07-27 18:00:00,0.5772389344635118,0.14094784268070948
2024-07-27 19:00:00,0.9730807246939652,0.044702526986083194
2024-07-27 20:00:00,1.0,0.028054020165842034
2024-07-27 21:00:00,0.73691901235576,0.04559556110678875
2024-07-27 22:00:00,0.52368734572853,0.0
2024-07-27 23:00:00,0.0,0.0
2024-07-28 00:00:00,0.18204776990122373,0.03962811529338402
2024-07-28 01:00:00,0.14759057291306338,0.054203634225025984
2024-07-28 02:00:00,0.06488946944742406,0.021248651153920915
2024-07-28 03:00:00,0.07529215122008084,0.0
2024-07-28 04:00:00,0.00829910458727507,0.050209001509871065
2024-07-28 05:00:00,0.0748203630699731,0.04064210405970661
2024-07-28 06:00:00,0.02361249805724666,0.04815134555916907
2024-07-28 07:00:00,0.0,0.12031619221768784
2024-07-28 08:00:00,0.0,0.061655681651803414
2024-07-28 09:00:00,0.07282676675524184,0.026316639230790917
2024-07-28 10:00:00,0.01688300210739079,0.03252100243594114
2024-07-28 11:00:00,0.0,0.04760710124675059
2024-07-28 12:00:00,0.035381143997749824,0.0
2024-07-28 13:00:00,0.0026525206390646122,0.01915155551129122
2024-07-28 14:00:00,0.08370893852695503,0.06779035383642901
2024-07-28 15:00:00,0.043734712373308525,0.037138206049712026
2024-07-28 16:00:00,0.032967152390283645,0.07997852593662652
2024-07-28 17:00:00,0.23920213550527694,0.0
2024-07-28 18:00:00,0.5190598144594976,0.08914171284052491
2024-07-28 19:00:00,0.927450989541311,0.12746469120232423
2024-07-28 20:00:00,0.9558705138547422,0.0038551790010762366
2024-07-28 21:00:00,0.8248999414771017,0.12264504423018328
2024-07-28 22:00:00,0.44382466302787527,0.06339887968332267
2024-07-28 23:00:00,0.0,0.0
2024-07-29 00:00:00,0.20775708309969318,0.030849292872478156
2024-07-29 01:00:00,0.1017382414743606,0.0
2024-07-29 02:00:00,0.03888374153275506,0.0
2024-07-29 03:00:00,0.041247951816658864,0.026659960468740924
2024-07-29 04:00:00,0.08043537088608935,0.013653405661195554
2024-07-29 05:00:00,0.04521751013228167,0.05719599012002595
2024-07-29 06:00:00,0.030275447883829354,0.08748566548453464
2024-07-29 07:00:00,0.10876224141258542,0.049140732282270345
2024-07-29 08:00:00,0.0,0.08943071466724474
2024-07-29 09:00:00,0.0,0.0005707332519438654
2024-07-29 10:00:00,0.07637745743494423,0.0
2024-07-29 11:00:00,0.04160904405449592,0.10435406893917104
2024-07-29 12:00:00,0.021319642090548877,0.0
2024-07-29 13:00:00,0.0,0.008170157978176246
2024-07-29 14:00:00,0.06190487304650902,0.15328513617398382
2024-07-29 15:00:00,0.0,0.004676513802136059
2024-07-29 16:00:00,0.00578643235922138,0.08477942660451919
2024-07-29 17:00:00,0.2960429870252754,0.10770192697029296
2024-07-29 18:00:00,0.6102679058787619,0.12173552127598883
2024-07-29 19:00:00,0.8886368106202649,0.06961371436080738
2024-07-29 20:00:00,1.0,0.09791260330194351
2024-07-29 21:00:00,0.8788541501920121,0.0
2024-07-29 22:00:00,0.3983260234375588,0.08528078476729989
2024-07-29 23:00:00,0.12858186458866813,0.0
2024-07-30 00:00:00,0.14956923758548019,0.024922375445383005
2024-07-30 01:00:00,0.1787115177288264,0.021695092880745837
2024-07-30 02:00:00,0.07326405308265302,0.0
2024-07-30 03:00:00,0.05476013393624336,0.005865238082783462
2024-07-30 04:00:00,0.017868908972480814,0.040771169859439224
2024-07-30 05:00:00,0.017596793573409465,0.03414645331248122
2024-07-30 06:00:00,0.04870682729039634,0.10347852598804955
2024-07-30 07:00:00,0.02160536250583501,0.06934571738090983
2024-07-30 08:00:00,0.0,0.0644356899736953
2024-07-30 09:00:00,0.049735492873324016,0.031790162054639054
2024-07-30 10:00:00,0.0,0.0
2024-07-30 11:00:00,0.0,0.0
2024-07-30 12:00:00,0.0,0.025325210326411815
2024-07-30 13:00:00,0.03224937869913366,0.0
2024-07-30 14:00:00,0.06435177878343094,0.0
2024-07-30 15:00:00,0.0,0.0
2024-07-30 16:00:00,0.01455903386967928,0.0
2024-07-30 17:00:00,0.17247385479761976,0.045701998571845016
2024-07-30 18:00:00,0.6529736538614453,0.09669752798177327
2024-07-30 19:00:00,0.8550469995935902,0.14925840200513105
2024-07-30 20:00:00,1.0,0.018035477604102353
2024-07-30 21:00:00,0.8324158092934366,0.03369531961651904
2024-07-30 22:00:00,0.38530005049540883,0.06655288677309289
2024-07-30 23:00:00,0.0,0.03282390000049654
2024-07-31 00:00:00,0.14572828622403655,0.0
2024-07-31 01:00:00,0.12731168054079933,0.057276672466827536
2024-07-31 02:00:00,0.05369984644782175,0.0
2024-07-31 03:00:00,0.0,0.03297601992308543
2024-07-31 04:00:00,0.02729699367198457,0.0
2024-07-31 05:00:00,0.046463734791724484,0.0
2024-07-31 06:00:00,0.0,0.07276317147652893
2024-07-31 07:00:00,0.0,0.1446108554662538
2024-07-31 08:00:00,0.002632149682799556,0.07533410215061642
2024-07-31 09:00:00,0.0,0.06938202575990315
2024-07-31 10:00:00,0.048909311076022685,0.010151453291502823
2024-07-31 11:00:00,0.0,0.0
2024-07-31 12:00:00,0.0,0.049499429006185175
2024-07-31 13:00:00,0.0,0.1047158825354305
2024-07-31 14:00:00,0.004058150261600048,0.08889314210172337
2024-07-31 15:00:00,0.05958182651668956,0.009878040505835892
2024-07-31 16:00:00,0.06155893129904402,0.0
2024-07-31 17:00:00,0.2171170530178804,0.041765236500541265
2024-07-31 18:00:00,0.721793237969597,0.040781712721324
2024-07-31 19:00:00,0.879101986957861,0.18492073270387535
2024-07-31 20:00:00,1.0,0.15539644193024293
2024-07-31 21:00:00,0.775234138064525,0.05167902098924179
2024-07-31 22:00:00,0.43513624492811365,0.05021511270933113
2024-07-31 23:00:00,0.0,0.0076790384391588265
2024-08-01 00:00:00,0.2329656648650616,0.04844089363420391
2024-08-01 01:00:00,0.07304514056019663,0.0
2024-08-01 02:00:00,0.15634836800761875,0.029359545545641692
2024-08-01 03:00:00,0.08084263819355993,0.0530306170698886
2024-08-01 04:00:00,0.09780950478301878,0.10348591785767043
2024-08-01 05:00:00,0.13936310794161094,0.12449710262801619
2024-08-01 06:00:00,0.03398052026887002,0.08845515769613974
2024-08-01 07:00:00,0.0,0.06905330284225374
2024-08-01 08:00:00,0.0327127433848029,0.0
2024-08-01 09:00:00,0.0,0.07037756180269525
2024-08-01 10:00:00,0.02632147346902951,0.0
2024-08-01 11:00:00,0.0,0.11555729563770045
2024-08-01 12:00:00,0.0,0.0
2024-08-01 13:00:00,0.0,0.12372272746766436
2024-08-01 14:00:00,0.0,0.0
2024-08-01 15:00:00,0.0,0.03835202372830507
2024-08-01 16:00:00,0.03256856378893274,0.022672876081209114
2024-08-01 17:00:00,0.16995636163757236,0.031071013612800527
2024-08-01 18:00:00,0.5968195665212737,0.10529971004243557
2024-08-01 19:00:00,0.8109518698710323,0.03225173893918381
2024-08-01 20:00:00,1.0,0.04378476292975379
2024-08-01 21:00:00,0.685310852316992,0.032008345244785956
2024-08-01 22:00:00,0.3847000724226084,0.03637027619375086
2024-08-01 23:00:00,0.0,0.016398154273359927
2024-08-02 00:00:00,0.2810014840402007,0.028273372153621096
2024-08-02 01:00:00,0.06975043477841314,0.04638288946826131
2024-08-02 02:00:00,0.06791563873940365,0.05417214592036396
2024-08-02 03:00:00,0.07992117485872938,0.10510738175432809
2024-08-02 04:00:00,0.010889382182965333,0.08073454379680764
2024-08-02 05:00:00,0.08018161901570518,0.01131799918194756
2024-08-02 06:00:00,0.0,0.05776089618368493
2024-08-02 07:00:00,0.0,0.06680057744381537
2024-08-02 08:00:00,0.0,0.01545464560288938
2024-08-02 09:00:00,0.02996408860147617,0.0
2024-08-02 10:00:00,0.016392216166921915,0.0
2024-08-02 11:00:00,0.007852111755267384,0.021087100685882085
2024-08-02 12:00:00,0.0,0.0
2024-08-02 13:00:00,0.06582294665168363,0.0
2024-08-02 14:00:00,0.04220416380095589,0.0
2024-08-02 15:00:00,0.0,0.0
2024-08-02 16:00:00,0.0,0.03976952881613875
2024-08-02 17:00:00,0.14704179334962214,0.04123677226660604
2024-08-02 18:00:00,0.5743711132608674,0.15624198476255147
2024-08-02 19:00:00,0.9614027472466453,0.0
2024-08-02 20:00:00,1.0,0.057681048666947496
2024-08-02 21:00:00,0.76457751548984,0.0254774016261214
2024-08-02 22:00:00,0.36682505764116446,0.036549601401570125
2024-08-02 23:00:00,0.029102347455084263,0.09497335540705487
2024-08-03 00:00:00,0.1867546654938377,0.037691020952351
2024-08-03 01:00:00,0.050520984335592246,0.03511686008569033
2024-08-03 02:00:00,0.10659508056882996,0.0941136900020579
2024-08-03 03:00:00,0.07894036135262722,0.04703802587580362
2024-08-03 04:00:00,0.056075476892541665,0.009848281532884605
2024-08-03 05:00:00,0.04847458403271527,0.1006419313005962
2024-08-03 06:00:00,0.03358408294685957,0.042327487794378754
2024-08-03 07:00:00,0.0,0.041892334029025716
2024-08-03 08:00:00,0.0,0.004289874698607442
2024-08-03 09:00:00,0.020661643750686597,0.054911962978359416
2024-08-03 10:00:00,0.0,0.0
2024-08-03 11:00:00,0.06919923744265413,0.047343238119974054
2024-08-03 12:00:00,0.0,0.010855907303622084
2024-08-03 13:00:00,0.0,0.09802820467359737
2024-08-03 14:00:00,0.0,0.03997171292828667
2024-08-03 15:00:00,0.004354737939473898,0.1401820705491849
2024-08-03 16:00:00,0.010583860158068522,0.0
2024-08-03 17:00:00,0.13878002313221632,0.0
2024-08-03 18:00:00,0.5444495297983849,0.01440625214046426
2024-08-03 19:00:00,0.8689030188255451,0.18412849441826273
2024-08-03 20:00:00,0.9841294903868383,0.10688217277542801
2024-08-03 21:00:00,0.8123342992056667,0.07696912931223315
2024-08-03 22:00:00,0.3488578767611604,0.028963315806236425
2024-08-03 23:00:00,0.0,0.0012276908594061643
2024-08-04 00:00:00,0.2663355554338773,0.020319392801490095
2024-08-04 01:00:00,0.030469809838247056,0.0
2024-08-04 02:00:00,0.07195345882053408,0.0
2024-08-04 03:00:00,0.0,0.0
2024-08-04 04:00:00,0.062078212465406776,0.053875713200425515
2024-08-04 05:00:00,0.08548100914866669,0.035474814779475415
2024-08-04 06:00:00,0.03830916471983362,0.0
2024-08-04 07:00:00,0.0,0.019866384944301096
2024-08-04 08:00:00,0.025129387069333042,0.0
2024-08-04 09:00:00,0.03111217548357306,0.0
2024-08-04 10:00:00,0.06615476375257454,0.0
2024-08-04 11:00:00,0.0,0.0
2024-08-04 12:00:00,0.0,0.010260440285309508
2024-08-04 13:00:00,0.021193020377235892,0.06481844678117452
2024-08-04 14:00:00,0.0,0.019799704163465163
2024-08-04 15:00:00,0.0,0.024785134689454282
2024-08-04 16:00:00,0.0,0.061237584852083624
2024-08-04 17:00:00,0.25810311495766786,0.029937365559248672
2024-08-04 18:00:00,0.6376471788213501,0.06709420844680106
2024-08-04 19:00:00,0.8620781397838467,0.10147598841386993
2024-08-04 20:00:00,1.0,0.11067119386584007
2024-08-04 21:00:00,0.8501755487884356,0.03804002614727158
2024-08-04 22:00:00,0.4083722868002551,0.0
2024-08-04 23:00:00,0.0,0.05936638118073696
2024-08-05 00:00:00,0.11934477655950028,0.05008221832291487
2024-08-05 01:00:00,0.009288850507269353,0.0
2024-08-05 02:00:00,0.1125861365625984,0.0
2024-08-05 03:00:00,0.0,0.04414369044826411
2024-08-05 04:00:00,0.08788671593447606,0.028822012599333736
2024-08-05 05:00:00,0.053395426988797685,0.0
2024-08-05 06:00:00,0.0,0.06048360421750899
2024-08-05 07:00:00,0.01396028832599271,0.07294437346306124
2024-08-05 08:00:00,0.0914826434175089,0.11852692784925217
2024-08-05 09:00:00,0.0,0.0
2024-08-05 10:00:00,0.038849984195629614,0.0
2024-08-05 11:00:00,0.020357252653604177,0.12367595042163929
2024-08-05 12:00:00,0.0,0.07393751789013156
2024-08-05 13:00:00,0.0,0.08789360483096892
2024-08-05 14:00:00,0.0,0.0
2024-08-05 15:00:00,0.0209122180167552,0.054302537795857406
2024-08-05 16:00:00,0.016540940976573205,0.046687665463146205
2024-08-05 17:00:00,0.19757436425178343,0.0033287325572902704
2024-08-05 18:00:00,0.6108039040038471,0.07153618298002581
2024-08-05 19:00:00,0.9239536644136513,0.09602475730346867
2024-08-05 20:00:00,0.9266637482132236,0.15491097875298815
2024-08-05 21:00:00,0.8101066118476763,0.08700838206633026
2024-08-05 22:00:00,0.4107202765728042,0.058209157552317675
2024-08-05 23:00:00,0.0,0.0194302020413291
2024-08-06 00:00:00,0.2845706930982639,0.017483691867518525
2024-08-06 01:00:00,0.15367039395668117,0.0
2024-08-06 02:00:00,0.06365443499563142,0.018534488535627884
2024-08-06 03:00:00,0.05558945087214867,0.06633218807572663
2024-08-06 04:00:00,0.06835408209890012,0.0
2024-08-06 05:00:00,0.0,0.0
2024-08-06 06:00:00,0.03828282756371793,0.07847924816273888
2024-08-06 07:00:00,0.0,0.022439827505130044
2024-08-06 08:00:00,0.0,0.06646954787041864
2024-08-06 09:00:00,0.0,0.024965061709456948
2024-08-06 10:00:00,0.0,0.09405313413600729
2024-08-06 11:00:00,0.08471439148193582,0.0
2024-08-06 12:00:00,0.0,0.08525065411050203
2024-08-06 13:00:00,0.0568436417366217,0.08979059855389102
2024-08-06 14:00:00,0.0,0.0
2024-08-06 15:00:00,0.0,0.021558237772591617
2024-08-06 16:00:00,0.0,0.07400252370726343
2024-08-06 17:00:00,0.13521359393155863,0.09971491819423914
2024-08-06 18:00:00,0.6012658486066147,0.02945767277705958
2024-08-06 19:00:00,0.8341147504704143,0.13799273904696405
2024-08-06 20:00:00,0.9129361263520349,0.016355279193378376
2024-08-06 21:00:00,0.7808180620095694,0.07098957418707666
2024-08-06 22:00:00,0.37648999284384477,0.01848371031859665
2024-08-06 23:00:00,0.0,0.030760153013392553
2024-08-07 00:00:00,0.2547168065745069,0.07547719673766899
2024-08-07 01:00:00,0.11710434619185739,0.011369610387298692
2024-08-07 02:00:00,0.10000614933805747,0.015599805481608124
2024-08-07 03:00:00,0.06416272668656747,0.09818461586132333
2024-08-07 04:00:00,0.07152720146184778,0.08655282714889603
2024-08-07 05:00:00,0.08228278689125337,0.0
2024-08-07 06:00:00,0.0,0.05203990579708981
2024-08-07 07:00:00,0.0065835126760731616,0.14261215331091398
2024-08-07 08:00:00,0.011601805684243722,0.056267064373621736
2024-08-07 09:00:00,0.04599835100604974,0.0
2024-08-07 10:00:00,0.06761270342436913,0.06991136306074117
2024-08-07 11:00:00,0.0035016615670968847,0.04612518648010186
2024-08-07 12:00:00,0.03609412238871492,0.12001212221203265
2024-08-07 13:00:00,0.0,0.07368876662295043
2024-08-07 14:00:00,0.056441412187079334,0.03921800637957158
2024-08-07 15:00:00,0.05420550111866307,0.08536765203413352
2024-08-07 16:00:00,0.0,0.0
2024-08-07 17:00:00,0.25367436647677116,0.05949594992631074
2024-08-07 18:00:00,0.6037654254818299,0.07086948350156334
2024-08-07 19:00:00,0.948244554743876,0.12695847472601027
2024-08-07 20:00:00,0.9927824326793501,0.1288388064236956
2024-08-07 21:00:00,0.8263890564168297,0.059823013247547525
2024-08-07 22:00:00,0.3564685869592502,0.0
2024-08-07 23:00:00,0.02889730080513367,0.040422339583638306
2024-08-08 00:00:00,0.2705610261827312,0.0
2024-08-08 01:00:00,0.2000249925241767,0.058996451179214315
2024-08-08 02:00:00,0.05340983362126547,0.0
2024-08-08 03:00:00,0.0,0.09419391715254495
2024-08-08 04:00:00,0.08294921462103441,0.03474987599602686
2024-08-08 05:00:00,0.07602384491129104,0.0030277618742283567
2024-08-08 06:00:00,0.0,0.0
2024-08-08 07:00:00,0.03592277795189793,0.1545432385318187
2024-08-08 08:00:00,0.0,0.010914828241725495
2024-08-08 09:00:00,0.012112259029722927,0.03845685493179157
2024-08-08 10:00:00,0.0,0.0
2024-08-08 11:00:00,0.0,0.026455600711903858
2024-08-08 12:00:00,0.05324298163201002,0.0
2024-08-08 13:00:00,0.0,0.0
2024-08-08 14:00:00,0.0,0.0
2024-08-08 15:00:00,0.055166989414957485,0.0
2024-08-08 16:00:00,0.06305572146626531,0.028120260943775
2024-08-08 17:00:00,0.0946064831755869,0.04822595797618048
2024-08-08 18:00:00,0.6020551869978257,0.04649738167148787
2024-08-08 19:00:00,0.8993613493197976,0.14094290587354108
2024-08-08 20:00:00,1.0,0.056171242284908454
2024-08-08 21:00:00,0.8400681537562612,0.024403813295289845
2024-08-08 22:00:00,0.39933922154740725,0.07576198037261246
2024-08-08 23:00:00,0.05642682358913795,0.0
2024-08-09 00:00:00,0.24868040678209327,0.033679532996703836
2024-08-09 01:00:00,0.10139272748816143,0.10185361467935283
2024-08-09 02:00:00,0.15869383998778291,0.0
2024-08-09 03:00:00,0.01844070821553085,0.009242544507113225
2024-08-09 04:00:00,0.059523252770458626,0.0
2024-08-09 05:00:00,0.12379752184171039,0.0
2024-08-09 06:00:00,0.0,0.045683570345199154
2024-08-09 07:00:00,0.0,0.047632905933745445
2024-08-09 08:00:00,0.03746079641227232,0.003367406189333677
2024-08-09 09:00:00,0.016510927863432414,0.0
2024-08-09 10:00:00,0.01190233015599658,0.0
2024-08-09 11:00:00,0.005823122159878678,0.01106866679141652
2024-08-09 12:00:00,0.08207863152178183,0.06877599417627472
2024-08-09 13:00:00,0.0,0.003398358464944365
2024-08-09 14:00:00,0.012271414776150954,0.07576831429098763
2024-08-09 15:00:00,0.000897520036098164,0.016746116021604876
2024-08-09 16:00:00,0.0,0.02348263959465015
2024-08-09 17:00:00,0.20775851612712665,0.08824270045454714
2024-08-09 18:00:00,0.6361390934427201,0.06203652276283449
2024-08-09 19:00:00,0.9067423071534151,0.0492268740881701
2024-08-09 20:00:00,1.0,0.0
2024-08-09 21:00:00,0.8011379377025594,0.03700111319706764
2024-08-09 22:00:00,0.38712369094082455,0.10961704193443406
2024-08-09 23:00:00,0.0474556627882846,0.004009575789737312
2024-08-10 00:00:00,0.14408644256298553,0.0518742917712394
2024-08-10 01:00:00,0.13748250705040138,0.11133994978296843
2024-08-10 02:00:00,0.1108445691322737,0.009451122652384635
2024-08-10 03:00:00,0.0025509664522553044,0.0
2024-08-10 04:00:00,0.10024842208994283,0.040434905680831926
2024-08-10 05:00:00,0.09058159901854561,0.051718917130021885
2024-08-10 06:00:00,0.01504252261399512,0.03547594647085719
2024-08-10 07:00:00,0.022463405471238578,0.14050971092074957
2024-08-10 08:00:00,0.0,0.0
2024-08-10 09:00:00,0.04969828141408897,0.093083607055404
2024-08-10 10:00:00,0.0,0.06126433508265126
2024-08-10 11:00:00,0.0,0.01922325868486885
2024-08-10 12:00:00,0.006005435962113094,0.06070053278189737
2024-08-10 13:00:00,0.04797895789586529,0.0
2024-08-10 14:00:00,0.036648250856433966,0.09080917324017582
2024-08-10 15:00:00,0.06189208217479802,0.0
2024-08-10 16:00:00,0.0,0.0
2024-08-10 17:00:00,0.09048384263183984,0.055601092620494286
2024-08-10 18:00:00,0.6676143468589432,0.07235598700329417
2024-08-10 19:00:00,0.9329925893768104,0.085187907395796
2024-08-10 20:00:00,1.0,0.11032278280679297
2024-08-10 21:00:00,0.7651691854349949,0.15758299482458754
2024-08-10 22:00:00,0.3407657329092204,0.029453803733363128
2024-08-10 23:00:00,0.042368215330420796,0.011787289172594143
2024-08-11 00:00:00,0.2108461257903044,0.057206507621562194
2024-08-11 01:00:00,0.1262136630309042,0.03271975629088843
2024-08-11 02:00:00,0.13419714400405855,0.0011433063335314353
2024-08-11 03:00:00,0.0,0.057681124115940785
2024-08-11 04:00:00,0.024313938911587937,0.0
2024-08-11 05:00:00,0.05270109949756633,0.04415153033742363
2024-08-11 06:00:00,0.03693282840334342,0.12306250383976827
2024-08-11 07:00:00,0.0,0.06391192620201439
2024-08-11 08:00:00,0.0,0.0005980890947080639
2024-08-11 09:00:00,0.04115199842670387,0.0016139484403618932
2024-08-11 10:00:00,0.0,0.02205500383346759
2024-08-11 11:00:00,0.0,0.08264197232333546
2024-08-11 12:00:00,0.0050681444604166485,0.0
2024-08-11 13:00:00,0.0,0.0709259570389429
2024-08-11 14:00:00,0.0,0.0
2024-08-11 15:00:00,0.0,0.009104463208704915
2024-08-11 16:00:00,0.0,0.02559650588431973
2024-08-11 17:00:00,0.18083724931256115,0.09147451717195007
2024-08-11 18:00:00,0.6365268227400299,0.0908015530081691
2024-08-11 19:00:00,0.75831390668389,0.07536155879028472
2024-08-11 20:00:00,1.0,0.03870556253909026
2024-08-11 21:00:00,0.7413660982367122,0.08176001440650535
2024-08-11 22:00:00,0.3712171275438635,0.07160828271447248
2024-08-11 23:00:00,0.02582362604923016,0.06503779938010926
2024-08-12 00:00:00,0.22330976967945423,0.06465696966614298
2024-08-12 01:00:00,0.002797789013781346,0.004885310115749358
2024-08-12 02:00:00,0.09627290458439175,0.0
2024-08-12 03:00:00,0.02539566795362521,0.0
2024-08-12 04:00:00,0.03553595060539773,0.0
2024-08-12 05:00:00,0.0,0.0
2024-08-12 06:00:00,0.0,0.12123640060170249
2024-08-12 07:00:00,0.0,0.0
2024-08-12 08:00:00,0.0,0.014844439529702776
2024-08-12 09:00:00,0.08952987438262526,0.0577041212312025
2024-08-12 10:00:00,0.0,0.1274652600990321
2024-08-12 11:00:00,0.0,0.060205469591744054
2024-08-12 12:00:00,0.0,0.007984439267398922
2024-08-12 13:00:00,0.006320888941846178,0.012487291305551713
2024-08-12 14:00:00,0.07568116841071292,0.0056553659872083245
2024-08-12 15:00:00,0.0,0.07402246562718215
2024-08-12 16:00:00,0.0,0.0
2024-08-12 17:00:00,0.263239388596904,0.12351570053808132
2024-08-12 18:00:00,0.5884203152391416,0.04593486127120256
2024-08-12 19:00:00,0.9227543595244768,0.0617869205999119
2024-08-12 20:00:00,0.968802493750569,0.049342721831974155
2024-08-12 21:00:00,0.8286780310594343,0.12178282987378998
2024-08-12 22:00:00,0.42164311570171004,0.11404584845939737
2024-08-12 23:00:00,0.0,0.0
2024-08-13 00:00:00,0.21922873882251254,0.01569872833824444
2024-08-13 01:00:00,0.051911318213257056,0.04794717255851445
2024-08-13 02:00:00,0.13182978773098183,0.0
2024-08-13 03:00:00,0.052542152795482265,0.0
2024-08-13 04:00:00,0.09648125816064257,0.0
2024-08-13 05:00:00,0.04502063155639879,0.01763944905855465
2024-08-13 06:00:00,0.044823531015884384,0.0
2024-08-13 07:00:00,0.029262022576299715,0.13221696786128376
2024-08-13 08:00:00,0.0,0.08378159256620023
2024-08-13 09:00:00,0.0,0.0
2024-08-13 10:00:00,0.12263258619128832,0.11375325941738275
2024-08-13 11:00:00,0.0,0.0
2024-08-13 12:00:00,0.018604559834531124,0.02270806977808245
2024-08-13 13:00:00,0.007778046523066605,0.0006331756858947296
2024-08-13 14:00:00,0.0523604194330968,0.013624387340555117
2024-08-13 15:00:00,0.0013543727447832975,0.0671907546547284
2024-08-13 16:00:00,0.04051915012321329,0.03682510240405571
2024-08-13 17:00:00,0.11163539255271768,0.09375985730689618
2024-08-13 18:00:00,0.6199533756128033,0.0
2024-08-13 19:00:00,0.9154372905912281,0.11941472670290443
2024-08-13 20:00:00,1.0,0.09551384306615388
2024-08-13 21:00:00,0.6831614425451258,0.0677506134981484
2024-08-13 22:00:00,0.33711515092523764,0.008592475494982262
2024-08-13 23:00:00,0.027619633262322325,0.13192222941315856
2024-08-14 00:00:00,0.1793690223525156,0.013927999196740138
2024-08-14 01:00:00,0.0025970039405038697,0.05298200959495962
2024-08-14 02:00:00,0.09109485961798587,0.0
2024-08-14 03:00:00,0.09034690002929761,0.03214919362783334
2024-08-14 04:00:00,0.10621137287007144,0.023709634552468935
2024-08-14 05:00:00,0.007627292427122984,0.01943965740684147
2024-08-14 06:00:00,0.0,0.10174077896930726
2024-08-14 07:00:00,0.0,0.11402581473490232
2024-08-14 08:00:00,0.0,0.03535940504120465
2024-08-14 09:00:00,0.060367207913557146,0.0
2024-08-14 10:00:00,0.0036950296324899656,0.06608264330414329
2024-08-14 11:00:00,0.03211414877887902,0.0005466361350391358
2024-08-14 12:00:00,0.0,0.0
2024-08-14 13:00:00,0.0,0.07389795667009944
2024-08-14 14:00:00,0.0,0.03228727291013149
2024-08-14 15:00:00,0.02902324772760392,0.0011213083967259313
2024-08-14 16:00:00,0.028461099550903077,0.0
2024-08-14 17:00:00,0.16227248963680982,0.0890357921548764
2024-08-14 18:00:00,0.6223832010664828,0.04110331265896968
2024-08-14 19:00:00,0.9585209298213435,0.14129596141483747
2024-08-14 20:00:00,1.0,0.0
2024-08-14 21:00:00,0.8137623856263592,0.06053914583834339
2024-08-14 22:00:00,0.4732859710039614,0.13995813859412784
2024-08-14 23:00:00,0.0451076547343842,0.0819019440223942
2024-08-15 00:00:00,0.16243831425890248,0.0
2024-08-15 01:00:00,0.13545023894783995,0.0
2024-08-15 02:00:00,0.16029990966657248,0.04525136517875767
2024-08-15 03:00:00,0.05956301406501442,0.12486321608515366
2024-08-15 04:00:00,0.146713380459627,0.0
2024-08-15 05:00:00,0.0,0.0
2024-08-15 06:00:00,0.0692168472244557,0.08795632849603593
2024-08-15 07:00:00,0.0902378718897671,0.1854582071057907
2024-08-15 08:00:00,0.0,0.1553685654626933
2024-08-15 09:00:00,0.0036931004546247315,0.10640881667567349
2024-08-15 10:00:00,0.034375217007573754,0.0
2024-08-15 11:00:00,0.01294584849971604,0.0
2024-08-15 12:00:00,0.0,0.1129262886385533
2024-08-15 13:00:00,0.01750910475499502,0.06807291967089042
2024-08-15 14:00:00,0.0,0.0012651964751108774
2024-08-15 15:00:00,0.0,0.10552547748997049
2024-08-15 16:00:00,0.0,0.14437306869515748
2024-08-15 17:00:00,0.2172018646543865,0.01950424530615351
2024-08-15 18:00:00,0.6607168666427349,0.11597756498929537
2024-08-15 19:00:00,0.9461516546057576,0.04981498791957624
2024-08-15 20:00:00,0.9602222573106387,0.14747539762015144
2024-08-15 21:00:00,0.8503080253884621,0.06418284820040464
2024-08-15 22:00:00,0.37087468511906846,0.08140270537919986
2024-08-15 23:00:00,0.0,0.0
2024-08-16 00:00:00,0.19558849600565079,0.07752959020219691
2024-08-16 01:00:00,0.1190988432155439,0.08260594503630989
2024-08-16 02:00:00,0.1380726251913684,0.0040766471773866705
2024-08-16 03:00:00,0.0,0.08130711981663721
2024-08-16 04:00:00,0.12160897247772483,0.06174682296654146
2024-08-16 05:00:00,0.0,0.0
2024-08-16 06:00:00,0.027230919429380232,0.07348324684146555
2024-08-16 07:00:00,0.06158162825713968,0.03947520688122063
2024-08-16 08:00:00,0.016254383347358025,0.025519206707468337
2024-08-16 09:00:00,0.0,0.11683670064403849
2024-08-16 10:00:00,0.0,0.015661935135577433
2024-08-16 11:00:00,0.006371410218060797,0.0
2024-08-16 12:00:00,0.06742706753180631,0.10500495114038942
2024-08-16 13:00:00,0.044137005419592285,0.003842255944906791
2024-08-16 14:00:00,0.0,0.07282310626186006
2024-08-16 15:00:00,0.0,0.07755390477361665
2024-08-16 16:00:00,0.0,0.08243142329931599
2024-08-16 17:00:00,0.17591509750054204,0.11772759097449287
2024-08-16 18:00:00,0.6111908645236849,0.04960434044239828
2024-08-16 19:00:00,0.9728239277914218,0.11610574828336506
2024-08-16 20:00:00,1.0,0.10715842678323045
2024-08-16 21:00:00,0.8920142320220608,0.09444805141320269
2024-08-16 22:00:00,0.370653990203811,0.06043646525886537
2024-08-16 23:00:00,0.0037235138293191593,0.02396099040588309
2024-08-17 00:00:00,0.22999091893531187,0.0
2024-08-17 01:00:00,0.050524095764494174,0.07642826063317648
2024-08-17 02:00:00,0.07486679688927407,0.0
2024-08-17 03:00:00,0.07020656650958819,0.07364991491938984
2024-08-17 04:00:00,0.104541688152935,0.0
2024-08-17 05:00:00,0.04324092729948107,0.004975987008987524
2024-08-17 06:00:00,0.11114510732767927,0.10159782458124791
2024-08-17 07:00:00,0.0,0.10624501689200248
2024-08-17 08:00:00,0.0,0.056023142063815756
2024-08-17 09:00:00,0.007101070728736516,0.020318136751442024
2024-08-17 10:00:00,0.08365463172631218,0.0
2024-08-17 11:00:00,0.06063914398514956,0.013784292663298881
2024-08-17 12:00:00,0.07001168677810446,0.0
2024-08-17 13:00:00,0.06794097376033162,0.0821348495734323
2024-08-17 14:00:00,0.0,0.0020770803286068104
2024-08-17 15:00:00,0.0,0.10968335384893976
2024-08-17 16:00:00,0.0,0.0
2024-08-17 17:00:00,0.2214259945865108,0.061376970296944756
2024-08-17 18:00:00,0.5984447861389685,0.09153100724199811
2024-08-17 19:00:00,0.966648925124775,0.062350061152291955
2024-08-17 20:00:00,1.0,0.08392432307121123
2024-08-17 21:00:00,0.7973394862115589,0.0
2024-08-17 22:00:00,0.40257784005176594,0.011215457685852918
2024-08-17 23:00:00,0.08710897601804013,0.0
2024-08-18 00:00:00,0.2176214414330233,0.004418353990655627
2024-08-18 01:00:00,0.03801679803292573,0.052739860219642075
2024-08-18 02:00:00,0.09209790480660032,0.023684577455807394
2024-08-18 03:00:00,0.03205548432374698,0.05589997421977416
2024-08-18 04:00:00,0.011770423606216607,0.0005997003843579082
2024-08-18 05:00:00,0.06671029105721878,0.03981398041545454
2024-08-18 06:00:00,0.0,0.081278464848621
2024-08-18 07:00:00,0.04844139604277662,0.07000722747130424
2024-08-18 08:00:00,0.0,0.06314351773386849
2024-08-18 09:00:00,0.027090639319530263,0.00797730024375621
2024-08-18 10:00:00,0.0,0.0566743131731731
2024-08-18 11:00:00,0.0,0.012763843561975883
2024-08-18 12:00:00,0.0,0.04836079459650319
2024-08-18 13:00:00,0.014400289150281704,0.0
2024-08-18 14:00:00,0.09006306159587099,0.09009106711786327
2024-08-18 15:00:00,0.041046544786421744,0.02788784323024427
2024-08-18 16:00:00,0.0,0.1048067304677626
2024-08-18 17:00:00,0.18266682888556232,0.046484522395933175
2024-08-18 18:00:00,0.6178393947836636,0.0666267209456829
2024-08-18 19:00:00,0.8985466060509832,0.06441586823601307
2024-08-18 20:00:00,1.0,0.10820544332882126
2024-08-18 21:00:00,0.7673885445595835,0.18037144500026006
2024-08-18 22:00:00,0.3903669459820597,0.06793296611663885
2024-08-18 23:00:00,0.0,0.15559450966921456
2024-08-19 00:00:00,0.13685174507830952,0.032787372632670266
2024-08-19 01:00:00,0.11377796538362754,0.0
2024-08-19 02:00:00,0.08773242054960115,0.024914069594811163
2024-08-19 03:00:00,0.00773195177364721,0.0
2024-08-19 04:00:00,0.050290130503909174,0.0
2024-08-19 05:00:00,0.009751388779836181,0.07726610456167009
2024-08-19 06:00:00,0.0,0.11460408488466535
2024-08-19 07:00:00,0.0,0.0
2024-08-19 08:00:00,0.0,0.04902588802086809
2024-08-19 09:00:00,0.0,0.006340216002778284
2024-08-19 10:00:00,0.002121028260392226,0.10430672328783375
2024-08-19 11:00:00,0.0868736148613728,0.0
2024-08-19 12:00:00,0.0,0.0155358137564928
2024-08-19 13:00:00,0.0,0.03555977575613746
2024-08-19 14:00:00,0.057017954294563924,0.011848141995808307
2024-08-19 15:00:00,0.0,0.0
2024-08-19 16:00:00,0.03870217070576752,0.0341677458781507
2024-08-19 17:00:00,0.1698087732367446,0.06726321254339851
2024-08-19 18:00:00,0.5912452481618432,0.04563939919627067
2024-08-19 19:00:00,0.8844962134447231,0.07665800981017591
2024-08-19 20:00:00,1.0,0.09194990240292902
2024-08-19 21:00:00,0.7630844970941641,0.06797059337785119
2024-08-19 22:00:00,0.37644802974923075,0.0
2024-08-19 23:00:00,0.0,0.1417932325425038
2024-08-20 00:00:00,0.2862868530227534,0.0
2024-08-20 01:00:00,0.14959119871576193,0.0
2024-08-20 02:00:00,0.1088962990174931,0.061222848459953114
2024-08-20 03:00:00,0.13471612974323693,0.07163607588200861
2024-08-20 04:00:00,0.09897794166073619,0.05275418210537915
2024-08-20 05:00:00,0.10145389892223788,0.002667937714438389
2024-08-20 06:00:00,0.0,0.031978491483722796
2024-08-20 07:00:00,0.0,0.11119300097469148
2024-08-20 08:00:00,0.0,0.05278538014758326
2024-08-20 09:00:00,0.0,0.07363350910803626
2024-08-20 10:00:00,0.013314908187630748,0.0
2024-08-20 11:00:00,0.0,0.0681081351929369
2024-08-20 12:00:00,0.0,0.10345293447275629
2024-08-20 13:00:00,0.06636608086425634,0.0
2024-08-20 14:00:00,0.007542212156964427,0.023123710761660664
2024-08-20 15:00:00,0.0029302319636531245,0.02066927408971192
2024-08-20 16:00:00,0.0,0.03394822197083193
2024-08-20 17:00:00,0.1672924850654887,0.08361731093526338
2024-08-20 18:00:00,0.6156251604085593,0.006843015519763962
2024-08-20 19:00:00,0.8300054998990367,0.06859271567429281
2024-08-20 20:00:00,1.0,0.0
2024-08-20 21:00:00,0.8323645013529152,0.0
2024-08-20 22:00:00,0.4039697823617383,0.06873536617703163
2024-08-20 23:00:00,0.051321424075613256,0.1085110370543036
2024-08-21 00:00:00,0.22323003217448903,0.06269908847720904
2024-08-21 01:00:00,0.11846565638245982,0.08234402131350264
2024-08-21 02:00:00,0.10839826177353758,0.04415214468468322
2024-08-21 03:00:00,0.19648696738411486,0.022840208733203443
2024-08-21 04:00:00,0.0,0.055091651554027524
2024-08-21 05:00:00,0.008624067412865241,0.050403644378308646
2024-08-21 06:00:00,0.0,0.030439425525710176
2024-08-21 07:00:00,0.08810560700734171,0.10338648239465456
2024-08-21 08:00:00,0.029375259758929337,0.0
2024-08-21 09:00:00,0.0,0.0
2024-08-21 10:00:00,0.04563279780273474,0.1114796312398355
2024-08-21 11:00:00,0.01648133224226218,0.019097142360045734
2024-08-21 12:00:00,0.0,0.03300003430832985
2024-08-21 13:00:00,0.060343558670195634,0.10805080879657714
2024-08-21 14:00:00,0.025015554806572422,0.0
2024-08-21 15:00:00,0.011503413229910782,0.0
2024-08-21 16:00:00,0.0,0.0009305450171228566
2024-08-21 17:00:00,0.21302218130135453,0.033916131991739165
2024-08-21 18:00:00,0.6838803759606773,0.007696412059538207
2024-08-21 19:00:00,0.9519452949688962,0.055372986872129375
2024-08-21 20:00:00,1.0,0.034934753979649506
2024-08-21 21:00:00,0.7301835083757265,0.007372584508799341
2024-08-21 22:00:00,0.34741824286895473,0.0021265148502364536
2024-08-21 23:00:00,0.007246104660462541,0.10655380557121998
2024-08-22 00:00:00,0.18691041757216098,0.0
2024-08-22 01:00:00,0.062174620278329484,0.02193966735095263
2024-08-22 02:00:00,0.13421132045758227,0.04409242274812585
2024-08-22 03:00:00,0.15550066985040595,0.12050014076003958
2024-08-22 04:00:00,0.04629767408841974,0.0
2024-08-22 05:00:00,0.07751293559941064,0.0
2024-08-22 06:00:00,0.0,0.12819514122581
2024-08-22 07:00:00,0.0,0.08483032048389894
2024-08-22 08:00:00,0.0,0.17044838084457917
2024-08-22 09:00:00,0.0,0.0
2024-08-22 10:00:00,0.0,0.0028360247009973846
2024-08-22 11:00:00,0.025275977794585583,0.0
2024-08-22 12:00:00,0.0,0.0
2024-08-22 13:00:00,0.0,0.0
2024-08-22 14:00:00,0.02441812225996333,0.0
2024-08-22 15:00:00,0.008755814385631595,0.03845317118630614
2024-08-22 16:00:00,0.0009787077768349285,0.05379630644831838
2024-08-22 17:00:00,0.23572569898985324,0.03981863493006603
2024-08-22 18:00:00,0.6805855708343173,0.053385714064904215
2024-08-22 19:00:00,0.9405374882280122,0.07702237601193712
2024-08-22 20:00:00,1.0,0.06364166927841712
2024-08-22 21:00:00,0.8641727356285903,0.008075126888630019
2024-08-22 22:00:00,0.55446868252445,0.052656437173354
2024-08-22 23:00:00,0.0,0.1406666853906653
2024-08-23 00:00:00,0.19117130676566638,0.04648956863685683
2024-08-23 01:00:00,0.13384842442920117,0.058051144951524046
2024-08-23 02:00:00,0.09316850185841209,0.0
2024-08-23 03:00:00,0.03506700582519614,0.0
2024-08-23 04:00:00,0.040026883789449005,0.007921926942981834
2024-08-23 05:00:00,0.0667586161388119,0.0
2024-08-23 06:00:00,0.0,0.03445692975245976
2024-08-23 07:00:00,0.0,0.10671619026392849
2024-08-23 08:00:00,0.021523498766980596,0.029865301997531457
2024-08-23 09:00:00,0.048779343143458366,0.10380220709866092
2024-08-23 10:00:00,0.025898721915763687,0.03799077263992896
2024-08-23 11:00:00,0.0,0.0010610968097283721
2024-08-23 12:00:00,0.0,0.0
2024-08-23 13:00:00,0.0,0.061125131659404655
2024-08-23 14:00:00,0.0,0.0
2024-08-23 15:00:00,0.0,0.016910310158991214
2024-08-23 16:00:00,0.034543160176500914,0.08714429155074163
2024-08-23 17:00:00,0.14929688931065913,0.10041728723616267
2024-08-23 18:00:00,0.6044690681316278,0.05149476961552527
2024-08-23 19:00:00,0.8491153889976728,0.078878346817301
2024-08-23 20:00:00,1.0,0.08859701765067463
2024-08-23 21:00:00,0.7462582993307104,0.06352718036684636
2024-08-23 22:00:00,0.37183670904788124,0.0
2024-08-23 23:00:00,0.057115535128209084,0.0
2024-08-24 00:00:00,0.19416310953935015,0.019284607251630774
2024-08-24 01:00:00,0.09068274685184939,0.0041021094393224496
2024-08-24 02:00:00,0.19756686778160498,0.0
2024-08-24 03:00:00,0.018181760577551408,0.12639180602615138
2024-08-24 04:00:00,0.07850348885795398,0.07027288023746825
2024-08-24 05:00:00,0.1543471657653721,0.0944518572631155
2024-08-24 06:00:00,0.06088070636523259,0.1021464665888614
2024-08-24 07:00:00,0.0,0.052727950401963646
2024-08-24 08:00:00,0.025125555487654185,0.0500847112943059
2024-08-24 09:00:00,0.0,0.0
2024-08-24 10:00:00,0.0,0.015034064999653134
2024-08-24 11:00:00,0.024968200154799145,0.012151289940273941
2024-08-24 12:00:00,0.0,0.0
2024-08-24 13:00:00,0.07349740434774252,0.04279578886284528
2024-08-24 14:00:00,0.11526424666769852,0.05862979325117226
2024-08-24 15:00:00,0.0,0.04013628589850535
2024-08-24 16:00:00,0.07244757360916636,0.045687316734517786
2024-08-24 17:00:00,0.31478748677655155,0.0
2024-08-24 18:00:00,0.5915271587873552,0.058312578871317675
2024-08-24 19:00:00,0.8556736437866376,0.07586329222453206
2024-08-24 20:00:00,1.0,0.10324555128195104
2024-08-24 21:00:00,0.8176571506107646,0.0
2024-08-24 22:00:00,0.39166954497854045,0.01231849640641931
2024-08-24 23:00:00,0.0,0.0
2024-08-25 00:00:00,0.22967828440948335,0.0
2024-08-25 01:00:00,0.1302421335038943,0.10580381768479577
2024-08-25 02:00:00,0.10684704116782187,0.0053410079421340115
2024-08-25 03:00:00,0.034317378095428355,0.0
2024-08-25 04:00:00,0.032390132111259906,0.028340263362157118
2024-08-25 05:00:00,0.11205239388103956,0.06751614738146172
2024-08-25 06:00:00,0.0,0.22396898124373132
2024-08-25 07:00:00,0.0,0.1373916549423542
2024-08-25 08:00:00,0.0,0.061442317682277085
2024-08-25 09:00:00,0.024573556594512304,0.12347254975627633
2024-08-25 10:00:00,0.0006682954802484936,0.009139222139682927
2024-08-25 11:00:00,0.003072763645220262,0.12147025607080683
2024-08-25 12:00:00,0.0,0.04046444651036984
2024-08-25 13:00:00,0.001026825733802869,0.0
2024-08-25 14:00:00,0.0,0.0
2024-08-25 15:00:00,0.02162527426736934,0.088165938664042
2024-08-25 16:00:00,0.0,0.11842555829218607
2024-08-25 17:00:00,0.2072068161488991,0.0671425385817739
2024-08-25 18:00:00,0.7073468016827353,0.14735337352822897
2024-08-25 19:00:00,0.8835409247676788,0.09262178868607276
2024-08-25 20:00:00,0.9400767494584426,0.04843169723784495
2024-08-25 21:00:00,0.7246930455465674,0.0
2024-08-25 22:00:00,0.4698276028183971,0.0
2024-08-25 23:00:00,0.057913024704916966,0.0
2024-08-26 00:00:00,0.20741436653978934,0.08305874417396703
2024-08-26 01:00:00,0.13698975467685412,0.0848164111431989
2024-08-26 02:00:00,0.07549829918572565,0.016692076931658285
2024-08-26 03:00:00,0.08974034668728123,0.0
2024-08-26 04:00:00,0.09637056212118773,0.07884770684631823
2024-08-26 05:00:00,0.018370302167684587,0.04204897364669726
2024-08-26 06:00:00,0.0,0.08435470056879422
2024-08-26 07:00:00,0.02259670419220001,0.009487168310269134
2024-08-26 08:00:00,0.0,0.08445118252905572
2024-08-26 09:00:00,0.05059524977183597,0.0
2024-08-26 10:00:00,0.0,0.03920522195761639
2024-08-26 11:00:00,0.11698390807743814,0.08351660767561517
2024-08-26 12:00:00,0.040316867052686944,0.07523874620760465
2024-08-26 13:00:00,0.00023847352400068538,0.0768928688275276
2024-08-26 14:00:00,0.02865685574371404,0.007001055629529122
2024-08-26 15:00:00,0.0,0.10256068205859095
2024-08-26 16:00:00,0.0057162419027099055,0.05225907892653889
2024-08-26 17:00:00,0.17229937669381323,0.07967791145011398
2024-08-26 18:00:00,0.625471141264107,0.11595511101911951
2024-08-26 19:00:00,0.9440220420806997,0.18600001119378923
2024-08-26 20:00:00,1.0,0.09931265505840776
2024-08-26 21:00:00,0.8921852193113067,0.09661373682326757
2024-08-26 22:00:00,0.44236043026052846,0.0
2024-08-26 23:00:00,0.02995799053465629,0.034552863827820725
2024-08-27 00:00:00,0.17956670171575045,0.10981720144112472
2024-08-27 01:00:00,0.0981971736985287,0.04869538012450433
2024-08-27 02:00:00,0.07733935618681163,0.09873296390039263
2024-08-27 03:00:00,0.09596851305429416,0.10626550746242297
2024-08-27 04:00:00,0.0870479982652115,0.04125851416328423
2024-08-27 05:00:00,0.0,0.028767132923841886
2024-08-27 06:00:00,0.0,0.10039848086957612
2024-08-27 07:00:00,0.0,0.11753054943808156
2024-08-27 08:00:00,0.0,0.10939616724717621
2024-08-27 09:00:00,0.0,0.06848570857825095
2024-08-27 10:00:00,0.002269819371644322,0.03837670852600741
2024-08-27 11:00:00,0.0,0.0
2024-08-27 12:00:00,0.0,0.07511652741398886
2024-08-27 13:00:00,0.02797921052073726,0.059339598469919055
2024-08-27 14:00:00,0.010149554266459193,0.0
2024-08-27 15:00:00,0.0,0.0
2024-08-27 16:00:00,0.0,0.1006438376413552
2024-08-27 17:00:00,0.22093568769736666,0.10739812276569732
2024-08-27 18:00:00,0.6376978076730979,0.09127461019964692
2024-08-27 19:00:00,0.9448599202891399,0.11051240455785039
2024-08-27 20:00:00,1.0,0.05507690393273404
2024-08-27 21:00:00,0.7751147637169126,0.06588029015871108
2024-08-27 22:00:00,0.4119826688212053,0.11678532382038809
2024-08-27 23:00:00,0.034746145221787615,0.12708979618062466
2024-08-28 00:00:00,0.14554452746975263,0.08353796436741001
2024-08-28 01:00:00,0.04632262632911634,0.06855894331499215
2024-08-28 02:00:00,0.12383660494960191,0.0
2024-08-28 03:00:00,0.03785562465182882,0.0
2024-08-28 04:00:00,0.02553530545805688,0.06843739287056022
2024-08-28 05:00:00,0.05509835879675092,0.05653760262596792
2024-08-28 06:00:00,0.0,0.09881714427280072
2024-08-28 07:00:00,0.04797259798325766,0.13127944584162357
2024-08-28 08:00:00,0.0,0.13020381821770732
2024-08-28 09:00:00,0.01129464452183887,0.031662320457992596
2024-08-28 10:00:00,0.0,0.009096206537905011
2024-08-28 11:00:00,0.06616447195124076,0.15195511209468882
2024-08-28 12:00:00,0.0,0.06513341957999712
2024-08-28 13:00:00,0.0,0.043196444936490615
2024-08-28 14:00:00,0.0,0.019011641069708755
2024-08-28 15:00:00,0.0,0.1266959804641556
2024-08-28 16:00:00,0.02548631109555835,0.07597550361008579
2024-08-28 17:00:00,0.2220496905210385,0.0
2024-08-28 18:00:00,0.5132574455326523,0.09341369998238418
2024-08-28 19:00:00,0.8510275445771415,0.24665251854478992
2024-08-28 20:00:00,1.0,0.12747018215358036
2024-08-28 21:00:00,0.8329756492642322,0.02437983162984023
2024-08-28 22:00:00,0.3542875352948252,0.07934708056480827
2024-08-28 23:00:00,0.031492749499880464,0.0347901762214696
2024-08-29 00:00:00,0.20258420579420386,0.05619312640668102
2024-08-29 01:00:00,0.1698348340830721,0.001845838460088095
2024-08-29 02:00:00,0.1292607578736768,0.04911385616742257
2024-08-29 03:00:00,0.02847569156978516,0.0891312410901421
2024-08-29 04:00:00,0.06436536365231492,0.028434181005744585
2024-08-29 05:00:00,0.06983308183691063,0.12320517606494653
2024-08-29 06:00:00,0.0,0.056691508893542304
2024-08-29 07:00:00,0.0,0.08092800855596594
2024-08-29 08:00:00,0.0,0.16960089336037149
2024-08-29 09:00:00,0.0,0.14213695539154914
2024-08-29 10:00:00,0.0,0.10646587153914233
2024-08-29 11:00:00,0.023228738786442743,0.06668380939148892
2024-08-29 12:00:00,0.0,0.0
2024-08-29 13:00:00,0.025564771076053868,0.12640880108019098
2024-08-29 14:00:00,0.0,0.06238906610667852
2024-08-29 15:00:00,0.0,0.031116917710375832
2024-08-29 16:00:00,0.0,0.06840530408075797
2024-08-29 17:00:00,0.20452868048171527,0.14534432136251524
2024-08-29 18:00:00,0.5744604091840326,0.0
2024-08-29 19:00:00,0.9597476999248911,0.07956041012882076
2024-08-29 20:00:00,1.0,0.12177100130777671
2024-08-29 21:00:00,0.8469520883673615,0.0
2024-08-29 22:00:00,0.44787903872475204,0.03784119185810977
2024-08-29 23:00:00,0.0,0.0969902700666881
2024-08-30 00:00:00,0.22563354661324814,0.0
2024-08-30 01:00:00,0.1485058623593945,0.0
2024-08-30 02:00:00,0.1500017698078258,0.0
2024-08-30 03:00:00,0.1917568798220053,0.05852867993069082
2024-08-30 04:00:00,0.0,0.015519012598679192
2024-08-30 05:00:00,0.007449055199894597,0.09433482601269894
2024-08-30 06:00:00,0.009346212117277548,0.10796061181623637
2024-08-30 07:00:00,0.0,0.1849513321494576
2024-08-30 08:00:00,0.011525525081207794,0.1023677352121857
2024-08-30 09:00:00,0.0,0.04481366824089223
2024-08-30 10:00:00,0.00489901047988279,0.007140650253220658
2024-08-30 11:00:00,0.024922885641138762,0.10224830031166321
2024-08-30 12:00:00,0.0353001653062039,0.0018169953605461017
2024-08-30 13:00:00,0.03272566072262731,0.0074060726697915205
2024-08-30 14:00:00,0.0,0.04750719305299199
2024-08-30 15:00:00,0.0,0.0
2024-08-30 16:00:00,0.039219458153927376,0.0
2024-08-30 17:00:00,0.23803970863766677,0.12894664214312523
2024-08-30 18:00:00,0.5825564980394394,0.0096226234542897
2024-08-30 19:00:00,0.849767808184647,0.06617657639621403
2024-08-30 20:00:00,0.960937361411346,0.09388712428451604
2024-08-30 21:00:00,0.7881012765334545,0.07247612525161015
2024-08-30 22:00:00,0.4521950164740435,0.06567450474211511
2024-08-30 23:00:00,0.05608142073549756,0.0
2024-08-31 00:00:00,0.21705009435590028,0.11986880210291814
2024-08-31 01:00:00,0.07850793457900815,0.0
2024-08-31 02:00:00,0.07113460062764637,0.12225311555535326
2024-08-31 03:00:00,0.08789480944526051,0.0423183305951232
2024-08-31 04:00:00,0.06194469841466716,0.0369359761848607
2024-08-31 05:00:00,0.07351257703464605,0.0
2024-08-31 06:00:00,0.0,0.15823984540044353
2024-08-31 07:00:00,0.0,0.0
2024-08-31 08:00:00,0.017682793080348366,0.15058769601752509
2024-08-31 09:00:00,0.10366793456565813,0.026985842298143083
2024-08-31 10:00:00,0.0,0.0
2024-08-31 11:00:00,0.0,0.04478816226980252
2024-08-31 12:00:00,0.0721045859860776,0.018527387536975904
2024-08-31 13:00:00,0.0,0.01384974059346459
2024-08-31 14:00:00,0.023061054189590147,0.07001939759886323
2024-08-31 15:00:00,0.007181509833324582,0.03425054543575468
2024-08-31 16:00:00,0.0,0.08065735098232976
2024-08-31 17:00:00,0.21349949678950053,0.14629459929636945
2024-08-31 18:00:00,0.5902085300748036,0.05788947195010859
2024-08-31 19:00:00,0.9028801399556781,0.1073619337329919
2024-08-31 20:00:00,1.0,0.17234077510567575
2024-08-31 21:00:00,0.8722424667730674,0.0474077834130544
2024-08-31 22:00:00,0.4221909237142994,0.028418607905576324
2024-08-31 23:00:00,0.06712556751642768,0.04643048479436308
2024-09-01 00:00:00,0.19639694982438494,0.096161175177129
2024-09-01 01:00:00,0.10410471859631112,0.03312715999732088
2024-09-01 02:00:00,0.0695065688774551,0.0
2024-09-01 03:00:00,0.0007748714579599025,0.0668447728239742
2024-09-01 04:00:00,0.0747376366152408,0.08042624273070031
2024-09-01 05:00:00,0.04532418749253548,0.014082591995978312
2024-09-01 06:00:00,0.031339967209950456,0.0903214306279515
2024-09-01 07:00:00,0.0,0.12225252673062384
2024-09-01 08:00:00,0.022601051760671658,0.10693099534814693
2024-09-01 09:00:00,0.0,0.01636150679248973
2024-09-01 10:00:00,0.0,0.1763818758104552
2024-09-01 11:00:00,0.0,0.029687447284854705
2024-09-01 12:00:00,0.0,0.0349996153278763
2024-09-01 13:00:00,0.017637939827644108,0.0
2024-09-01 14:00:00,0.0,0.10555586287941678
2024-09-01 15:00:00,0.02455334427719794,0.07631935663291922
2024-09-01 16:00:00,0.032092751611621693,0.12620804711128125
2024-09-01 17:00:00,0.20516314856764362,0.12915147552049194
2024-09-01 18:00:00,0.6144896227119858,0.13675478602978383
2024-09-01 19:00:00,0.9193661453807261,0.07140007676775285
2024-09-01 20:00:00,0.9473771507494719,0.16761801302752985
2024-09-01 21:00:00,0.8394387733372598,0.0
2024-09-01 22:00:00,0.3962182463931201,0.024525097233313236
2024-09-01 23:00:00,0.0,0.0
2024-09-02 00:00:00,0.1670136178789205,0.0769331868297723
2024-09-02 01:00:00,0.13056019642675473,0.0
2024-09-02 02:00:00,0.055149267262592595,0.07563951452902895
2024-09-02 03:00:00,0.11423371073580361,0.0
2024-09-02 04:00:00,0.0550689579624694,0.03660326716210349
2024-09-02 05:00:00,0.04841056808629744,0.05074819707246425
2024-09-02 06:00:00,0.012792102940598264,0.0891876651846212
2024-09-02 07:00:00,0.0768707803549652,0.17201823387549817
2024-09-02 08:00:00,0.035486045162380166,0.11266664612851478
2024-09-02 09:00:00,0.03224892138738909,0.04924349564077089
2024-09-02 10:00:00,0.08046355478913095,0.10778937549824737
2024-09-02 11:00:00,0.0,0.05867436560869734
2024-09-02 12:00:00,0.018980421462854162,0.02621730885241671
2024-09-02 13:00:00,0.0,0.07032596638415738
2024-09-02 14:00:00,0.0,0.019343876752911354
2024-09-02 15:00:00,0.044212145820007966,0.04243420400893378
2024-09-02 16:00:00,0.0,0.02286921470230055
2024-09-02 17:00:00,0.21430334653237765,0.07401680184080436
2024-09-02 18:00:00,0.5920915550224982,0.09691696481229774
2024-09-02 19:00:00,0.9417758567735792,0.16833132184727537
2024-09-02 20:00:00,0.9552544731870124,0.18793818953254082
2024-09-02 21:00:00,0.7989742865679013,0.0
2024-09-02 22:00:00,0.29287087543426893,0.08111520957086565
2024-09-02 23:00:00,0.0824509938736389,0.13380420156878797
2024-09-03 00:00:00,0.19797119989280257,0.04037507183576601
2024-09-03 01:00:00,0.20907103636603053,0.12368518798907141
2024-09-03 02:00:00,0.10991599438028465,0.0
2024-09-03 03:00:00,0.0007942837829840385,0.06655990264220066
2024-09-03 04:00:00,0.02606045188759469,0.042470910100257844
2024-09-03 05:00:00,0.062299679403090655,0.052286035262852186
2024-09-03 06:00:00,0.0,0.09944531623101213
2024-09-03 07:00:00,0.0,0.026839480876881122
2024-09-03 08:00:00,0.0,0.044922429732231164
2024-09-03 09:00:00,0.006094449841380507,0.028109922428578737
2024-09-03 10:00:00,0.0,0.06689415878739757
2024-09-03 11:00:00,0.01812197227848357,0.10391182265641127
2024-09-03 12:00:00,0.07414004902278047,0.08539074467915025
2024-09-03 13:00:00,0.0051557213048630465,0.0971296827748944
2024-09-03 14:00:00,0.0,0.03122377504633602
2024-09-03 15:00:00,0.0,0.03537391346999552
2024-09-03 16:00:00,0.0,0.023500836369838476
2024-09-03 17:00:00,0.2176705534099386,0.08832764025241042
2024-09-03 18:00:00,0.5079673968976246,0.11377349855059678
2024-09-03 19:00:00,0.8425596147807959,0.21705236365055902
2024-09-03 20:00:00,1.0,0.06168911640505172
2024-09-03 21:00:00,0.8283320894715688,0.07988477366963878
2024-09-03 22:00:00,0.44354599395933686,0.01676473696791648
2024-09-03 23:00:00,0.0,0.07682306381195944
2024-09-04 00:00:00,0.09065949917123302,0.08676659066192934
2024-09-04 01:00:00,0.10697693121804697,0.044042992182207
2024-09-04 02:00:00,0.21796030749015535,0.0
2024-09-04 03:00:00,0.04679057647311353,0.0316128000994824
2024-09-04 04:00:00,0.0,0.07652952525970852
2024-09-04 05:00:00,0.1352111965307737,0.0
2024-09-04 06:00:00,0.023811867826896264,0.11476187422155115
2024-09-04 07:00:00,0.0,0.105489986600867
2024-09-04 08:00:00,0.0,0.06703918215795597
2024-09-04 09:00:00,0.04714084599644051,0.0
2024-09-04 10:00:00,0.0,0.04788281823131225
2024-09-04 11:00:00,0.0,0.0
2024-09-04 12:00:00,0.049931138771246095,0.0
2024-09-04 13:00:00,0.0,0.02322652975218865
2024-09-04 14:00:00,0.0,0.050697555012767265
2024-09-04 15:00:00,0.0,0.05026185559916684
2024-09-04 16:00:00,0.021567012067563666,0.05937420560506244
2024-09-04 17:00:00,0.11376100741214938,0.1663932813803768
2024-09-04 18:00:00,0.4938617628209605,0.08720959709865628
2024-09-04 19:00:00,0.9417661743081304,0.13782577788474779
2024-09-04 20:00:00,1.0,0.1273752005237275
2024-09-04 21:00:00,0.7850486435282165,0.060217362579800815
2024-09-04 22:00:00,0.4254176120979011,0.10443166742850077
2024-09-04 23:00:00,0.014621738320339079,0.04434977032688627
2024-09-05 00:00:00,0.2062028607356157,0.1047552604528412
2024-09-05 01:00:00,0.14470489011840437,0.08655179859743631
2024-09-05 02:00:00,0.05983456328545312,0.0607583808893952
2024-09-05 03:00:00,0.0,0.04629132004269646
2024-09-05 04:00:00,0.07420152853430745,0.03540945147932799
2024-09-05 05:00:00,0.0,0.009313717624281834
2024-09-05 06:00:00,0.0,0.11971234626487975
2024-09-05 07:00:00,0.0,0.1297250153389236
2024-09-05 08:00:00,0.0,0.26896544290879
2024-09-05 09:00:00,0.05422289027117891,0.05048336551080014
2024-09-05 10:00:00,0.0,0.087769154371522
2024-09-05 11:00:00,0.0,0.02098177083996925
2024-09-05 12:00:00,0.01184432053351784,0.07509161672531625
2024-09-05 13:00:00,0.019870100802288213,0.06408652923663671
2024-09-05 14:00:00,0.0,0.026462750460631235
2024-09-05 15:00:00,0.0,0.03625793532336459
2024-09-05 16:00:00,0.033676730351362,0.10897959729632503
2024-09-05 17:00:00,0.1792222879795473,0.11790660334655968
2024-09-05 18:00:00,0.6465387566719876,0.16329995681065237
2024-09-05 19:00:00,0.8662536516420072,0.204864605212058
2024-09-05 20:00:00,0.9961511535920687,0.08077350309573512
2024-09-05 21:00:00,0.7991288124676644,0.0
2024-09-05 22:00:00,0.2873202890716414,0.02537418827873615
2024-09-05 23:00:00,0.003190347621428608,0.08617113063898964
2024-09-06 00:00:00,0.18792977350449747,0.030331926026831667
2024-09-06 01:00:00,0.14672717129018875,0.0491404590282931
2024-09-06 02:00:00,0.11474459981059278,0.061802386025439485
2024-09-06 03:00:00,0.009600791319146401,0.048548002127788356
2024-09-06 04:00:00,0.10003241191335471,0.05589391576572688
2024-09-06 05:00:00,0.07256931044584763,0.07926194791772814
2024-09-06 06:00:00,0.10900674716860821,0.20978643579532397
2024-09-06 07:00:00,0.0,0.12166292934148745
2024-09-06 08:00:00,0.0,0.08982456418700181
2024-09-06 09:00:00,0.006699192246360558,0.14007305429531028
2024-09-06 10:00:00,0.0,0.0367753369520598
2024-09-06 11:00:00,0.0,0.041790970704667946
2024-09-06 12:00:00,0.0,0.07986908010450448
2024-09-06 13:00:00,0.0,0.0811560602349419
2024-09-06 14:00:00,0.018204807038811974,0.02682434282140935
2024-09-06 15:00:00,0.03288984275788712,0.07988771807864749
2024-09-06 16:00:00,0.15893166225393268,0.17578231715681816
2024-09-06 17:00:00,0.13756808618604194,0.05949560971428941
2024-09-06 18:00:00,0.6651828734758966,0.14408364346872887
2024-09-06 19:00:00,0.8391146719001311,0.20315874561095051
2024-09-06 20:00:00,1.0,0.21607201419460165
2024-09-06 21:00:00,0.7191982189375272,0.05190962447356259
2024-09-06 22:00:00,0.3500578646443269,0.02890439588075875
2024-09-06 23:00:00,0.0,0.10382006835448994
2024-09-07 00:00:00,0.2149149659128595,0.0002947042378382836
2024-09-07 01:00:00,0.07315657963054137,0.0
2024-09-07 02:00:00,0.02855748928528558,0.10769409843590748
2024-09-07 03:00:00,0.11683384163078876,0.05372064148042256
2024-09-07 04:00:00,0.005403801470649297,0.06073978794058521
2024-09-07 05:00:00,0.07144918904354601,0.04117101171753806
2024-09-07 06:00:00,0.017609186374074937,0.03443517450450494
2024-09-07 07:00:00,0.00904432987877314,0.16022677583863915
2024-09-07 08:00:00,0.0,0.0
2024-09-07 09:00:00,0.025458428877982456,0.03394881583592152
2024-09-07 10:00:00,0.03434780235333464,0.06717839598514695
2024-09-07 11:00:00,0.07519512678381648,0.0
2024-09-07 12:00:00,0.01965358175238564,0.13608355949058004
2024-09-07 13:00:00,0.10735883110617941,0.008499579144762542
2024-09-07 14:00:00,0.0,0.1339207860703367
2024-09-07 15:00:00,0.0,0.09300585367169147
2024-09-07 16:00:00,0.07086849266401099,0.02261343577604745
2024-09-07 17:00:00,0.2870844795580643,0.18438585920721326
2024-09-07 18:00:00,0.5064402057287198,0.16613034000616395
2024-09-07 19:00:00,0.9021555126053653,0.2438632739153399
2024-09-07 20:00:00,0.97793356730703,0.08899386316372795
2024-09-07 21:00:00,0.7697488993860716,0.09710773324750661
2024-09-07 22:00:00,0.47405560758590615,0.0
2024-09-07 23:00:00,0.0,0.05253625680176425
2024-09-08 00:00:00,0.1656591824066204,0.051526121039553466
2024-09-08 01:00:00,0.14499256506161268,0.09483690912605379
2024-09-08 02:00:00,0.11021352646805475,0.07680546877117833
2024-09-08 03:00:00,0.0502515310016456,0.007912788438851646
2024-09-08 04:00:00,0.04222481962612867,0.07338530800393894
2024-09-08 05:00:00,0.03267784198853532,0.0
2024-09-08 06:00:00,0.0,0.1277089746318733
2024-09-08 07:00:00,0.0,0.20284241218750027
2024-09-08 08:00:00,0.0,0.16473069741429838
2024-09-08 09:00:00,0.0,0.049581041454350966
2024-09-08 10:00:00,0.0,0.013666359221028067
2024-09-08 11:00:00,0.08198623894922315,0.043398550335269674
2024-09-08 12:00:00,0.0009058730229273012,0.10231873158988818
2024-09-08 13:00:00,0.030371874556107223,0.09101262644384196
2024-09-08 14:00:00,0.0,0.15013194243611597
2024-09-08 15:00:00,0.11854079206703932,0.0038942853611779113
2024-09-08 16:00:00,0.0,0.0
2024-09-08 17:00:00,0.18418458084737724,0.1199479728890494
2024-09-08 18:00:00,0.6337900937069093,0.2170787064562329
2024-09-08 19:00:00,0.9758623382180671,0.19185004450899562
2024-09-08 20:00:00,0.9237354988869553,0.14283230564501787
2024-09-08 21:00:00,0.8604609189584146,0.1471997589179652
2024-09-08 22:00:00,0.41079517964226897,0.0
2024-09-08 23:00:00,0.0,0.07231428975641137
2024-09-09 00:00:00,0.17032412957177687,0.06681817180466819
2024-09-09 01:00:00,0.12889133692693683,0.102724887075095
2024-09-09 02:00:00,0.23262132286518852,0.0
2024-09-09 03:00:00,0.0,0.07943812545433482
2024-09-09 04:00:00,0.11634764863263176,0.01579830110177164
2024-09-09 05:00:00,0.10834706513141798,0.10935875231252265
2024-09-09 06:00:00,0.03729406332045198,0.17120784604861564
2024-09-09 07:00:00,0.0,0.14477407106586565
2024-09-09 08:00:00,0.0,0.11538981225349049
2024-09-09 09:00:00,0.07553192361649114,0.016786597684702795
2024-09-09 10:00:00,0.0009260094623018723,0.052074805117979316
2024-09-09 11:00:00,0.0,0.0030827094279932757
2024-09-09 12:00:00,0.07383053807957098,0.0926394879890386
2024-09-09 13:00:00,0.0,0.038604041576323064
2024-09-09 14:00:00,0.014219793710248242,0.10212614918259158
2024-09-09 15:00:00,0.0,0.08495463824815598
2024-09-09 16:00:00,0.004003428563806685,0.0833549210902409
2024-09-09 17:00:00,0.1915883549541885,0.12891145857099864
2024-09-09 18:00:00,0.5947457242867854,0.1560135098297992
2024-09-09 19:00:00,0.9618272328907319,0.23722386449811256
2024-09-09 20:00:00,0.967899454178461,0.25230076655490724
2024-09-09 21:00:00,0.7067683587781289,0.13499808364469384
2024-09-09 22:00:00,0.31928998253505064,0.14540479699936287
2024-09-09 23:00:00,0.0,0.11513006360668644
2024-09-10 00:00:00,0.20876314675761223,0.1101593273486074
2024-09-10 01:00:00,0.026979616038520574,0.0
2024-09-10 02:00:00,0.12763064974707594,0.12909886769324536
2024-09-10 03:00:00,0.06800538528710569,0.18000132926223542
2024-09-10 04:00:00,0.029803652593398306,0.018224151378700065
2024-09-10 05:00:00,0.06530891718355096,0.14331942189386954
2024-09-10 06:00:00,0.006966531079216002,0.1649094421278131
2024-09-10 07:00:00,0.0,0.26723377395423975
2024-09-10 08:00:00,0.0,0.15572945219013173
2024-09-10 09:00:00,0.035934887887151816,0.017900483302779997
2024-09-10 10:00:00,0.07030359867994955,0.07464089804898218
2024-09-10 11:00:00,0.0,0.035754217778965355
2024-09-10 12:00:00,0.03684934378514691,0.010380974871059864
2024-09-10 13:00:00,0.0,0.06869057983889126
2024-09-10 14:00:00,0.0,0.0913329841521793
2024-09-10 15:00:00,0.0,0.004932714468650123
2024-09-10 16:00:00,0.0,0.11119473711762586
2024-09-10 17:00:00,0.18520433232361305,0.24074063367314572
2024-09-10 18:00:00,0.5542996502110737,0.17407070133436695
2024-09-10 19:00:00,0.8699490472759779,0.2827484807606282
2024-09-10 20:00:00,0.9964535255283763,0.18866499682335636
2024-09-10 21:00:00,0.8168414034063652,0.036859484704246916
2024-09-10 22:00:00,0.33280591189579356,0.06683084772589151
2024-09-10 23:00:00,0.0,0.15245041416633293
2024-09-11 00:00:00,0.1676959805008184,0.06570559559584027
2024-09-11 01:00:00,0.14087125610239237,0.03845486799592189
2024-09-11 02:00:00,0.10862647392957667,0.08995028123254022
2024-09-11 03:00:00,0.10973340015894437,0.12311213227296303
2024-09-11 04:00:00,0.027484366338041476,0.03575703600270459
2024-09-11 05:00:00,0.001877942927443095,0.07393685053784034
2024-09-11 06:00:00,0.0,0.09787715116021067
2024-09-11 07:00:00,0.003228618957178149,0.21439152822490798
2024-09-11 08:00:00,0.0,0.047058357219659064
2024-09-11 09:00:00,0.0,0.14065615807401213
2024-09-11 10:00:00,0.0,0.05499207491672307
2024-09-11 11:00:00,0.0,0.05566300387584577
2024-09-11 12:00:00,0.0,0.04803605779052595
2024-09-11 13:00:00,0.0,0.0
2024-09-11 14:00:00,0.0,0.09345139645759808
2024-09-11 15:00:00,0.021101511433699784,0.08933776391454248
2024-09-11 16:00:00,0.06476907204017347,0.11473622032049599
2024-09-11 17:00:00,0.22367929002120468,0.08860038119368166
2024-09-11 18:00:00,0.6705057063767274,0.2449513459346614
2024-09-11 19:00:00,0.8830864854215802,0.1653865670947541
2024-09-11 20:00:00,1.0,0.16648927310441192
2024-09-11 21:00:00,0.7840880638437648,0.1420365238440725
2024-09-11 22:00:00,0.28470797470382575,0.024549220155938342
2024-09-11 23:00:00,0.08459998615642772,0.018744846630181
2024-09-12 00:00:00,0.20460439853854576,0.1466158954686871
2024-09-12 01:00:00,0.13775737191682874,0.08027082355919907
2024-09-12 02:00:00,0.22592238144400112,0.046249316056503065
2024-09-12 03:00:00,0.0,0.006899597804071039
2024-09-12 04:00:00,0.04405426964643586,0.08546887398583722
2024-09-12 05:00:00,0.1261675935163347,0.06216103881166235
2024-09-12 06:00:00,0.0,0.11007164722999221
2024-09-12 07:00:00,0.0,0.16893834708417252
2024-09-12 08:00:00,0.0,0.19018336939067385
2024-09-12 09:00:00,0.0,0.024974928108159468
2024-09-12 10:00:00,0.06266276698757592,0.043763441394661914
2024-09-12 11:00:00,0.02598112791374986,0.0
2024-09-12 12:00:00,0.0,0.05810442728812005
2024-09-12 13:00:00,0.067262294127409,0.0
2024-09-12 14:00:00,0.0,0.09380888514211697
2024-09-12 15:00:00,0.0024474447459170087,0.037393008050251954
2024-09-12 16:00:00,0.03777612058379557,0.1059658297167885
2024-09-12 17:00:00,0.32195257812714834,0.20745834600713925
2024-09-12 18:00:00,0.5224003743660873,0.17679211508817488
2024-09-12 19:00:00,0.9503774753661623,0.1260603304142181
2024-09-12 20:00:00,1.0,0.2552572589906701
2024-09-12 21:00:00,0.8937642399999589,0.09953670426437974
2024-09-12 22:00:00,0.4054385772137013,0.003381635120936935
2024-09-12 23:00:00,0.0,0.07247565219688744
2024-09-13 00:00:00,0.22630839398458458,0.16500626218863904
2024-09-13 01:00:00,0.03647075586950803,0.06735980408044422
2024-09-13 02:00:00,0.03201703703919327,0.01490411359740778
2024-09-13 03:00:00,0.037333621423876154,0.09693178426369571
2024-09-13 04:00:00,0.16387447724645787,0.0779297044631982
2024-09-13 05:00:00,0.0,0.07553861957578034
2024-09-13 06:00:00,0.0,0.17505597233947687
2024-09-13 07:00:00,0.0,0.22570240035234151
2024-09-13 08:00:00,0.018543816003920077,0.1841152620150168
2024-09-13 09:00:00,0.017929307443486833,0.15347439709830757
2024-09-13 10:00:00,0.08595273712239644,0.04169758498127027
2024-09-13 11:00:00,0.004178506707383385,0.045112679568835176
2024-09-13 12:00:00,0.0,0.12237343893647176
2024-09-13 13:00:00,0.02028369614787001,0.15630374563521132
2024-09-13 14:00:00,0.0,0.18418854044404667
2024-09-13 15:00:00,0.0,0.11242912680754158
2024-09-13 16:00:00,0.0,0.09702111178687695
2024-09-13 17:00:00,0.24242758052699814,0.07936475695120392
2024-09-13 18:00:00,0.6816511279452065,0.19792270279970284
2024-09-13 19:00:00,0.8676512732354014,0.30421787303717107
2024-09-13 20:00:00,0.9836039867490962,0.15260621200051133
2024-09-13 21:00:00,0.7583359849706751,0.028927023895889033
2024-09-13 22:00:00,0.3655694878919726,0.12614848262452263
2024-09-13 23:00:00,0.0,0.027484254096218776
2024-09-14 00:00:00,0.2681253976096159,0.17558242430490578
2024-09-14 01:00:00,0.12488905865569566,0.02992310767659219
2024-09-14 02:00:00,0.1479547599049837,0.016102205796486413
2024-09-14 03:00:00,0.06610960813642507,0.0988636789015143
2024-09-14 04:00:00,0.0,0.09230806158524732
2024-09-14 05:00:00,0.11695465212561318,0.1228376432219469
2024-09-14 06:00:00,0.0,0.18336936747538077
2024-09-14 07:00:00,0.0,0.3196145483988076
2024-09-14 08:00:00,0.04377004556355898,0.14216192532634525
2024-09-14 09:00:00,0.0,0.0
2024-09-14 10:00:00,0.0,0.11236449197406846
2024-09-14 11:00:00,0.07703859826181131,0.027318235593035194
2024-09-14 12:00:00,0.04466203079335493,0.051247113184022454
2024-09-14 13:00:00,0.04431962608083393,0.031101834982421805
2024-09-14 14:00:00,0.031045824774816558,0.10766466064628502
2024-09-14 15:00:00,0.006908297415811691,0.038239324410592544
2024-09-14 16:00:00,0.06857873457247217,0.1786149357100757
2024-09-14 17:00:00,0.24943086536209783,0.1607370491272326
2024-09-14 18:00:00,0.5972645702891047,0.16422086502958197
2024-09-14 19:00:00,0.9318267275543276,0.18349764834834656
2024-09-14 20:00:00,0.9585926816986439,0.19127984471805196
2024-09-14 21:00:00,0.8630058066904248,0.12285683156445276
2024-09-14 22:00:00,0.3663401279621069,0.0
2024-09-14 23:00:00,0.0,0.06816085990518919
2024-09-15 00:00:00,0.17701507316045706,0.12107579503237355
2024-09-15 01:00:00,0.11824232432906936,0.04052390513205966
2024-09-15 02:00:00,0.13417575654142916,0.107218899063313
2024-09-15 03:00:00,0.029113682411431432,0.056957955291142906
2024-09-15 04:00:00,0.0,0.1476307372446213
2024-09-15 05:00:00,0.0777932215597543,0.08444312231159216
2024-09-15 06:00:00,0.031615338794235275,0.13795453174632233
2024-09-15 07:00:00,0.004754797404360147,0.23806157003720965
2024-09-15 08:00:00,0.012208548653237469,0.12545593109256645
2024-09-15 09:00:00,0.042982485983811464,0.10301426337475766
2024-09-15 10:00:00,0.05204893150299403,0.06797871298215939
2024-09-15 11:00:00,0.0,0.09337706225945493
2024-09-15 12:00:00,0.0548657052786907,0.12132252399529891
2024-09-15 13:00:00,0.023178617170416402,0.13259836805520095
2024-09-15 14:00:00,0.0,0.11734280794276236
2024-09-15 15:00:00,0.0,0.03573319898766571
2024-09-15 16:00:00,0.0,0.08542583846072732
2024-09-15 17:00:00,0.18680077802267314,0.15030981806885368
2024-09-15 18:00:00,0.5846333153657044,0.1812015487884227
2024-09-15 19:00:00,0.9188632193827379,0.2493759596703184
2024-09-15 20:00:00,1.0,0.14801586932068447
2024-09-15 21:00:00,0.8024161688475893,0.021058321187992682
2024-09-15 22:00:00,0.4972418791479789,0.138776821298492
2024-09-15 23:00:00,0.04128146798912867,0.10232282044656711
2024-09-16 00:00:00,0.10877606711708675,0.0934099815183035
2024-09-16 01:00:00,0.05459867785792695,0.0
2024-09-16 02:00:00,0.11439658407119146,0.11794230570632763
2024-09-16 03:00:00,0.12639407099440175,0.05642230120853975
2024-09-16 04:00:00,0.09543945333172581,0.0
2024-09-16 05:00:00,0.0,0.11357065830818824
2024-09-16 06:00:00,0.0,0.2552090798593351
2024-09-16 07:00:00,0.04212096717539782,0.2405079744700441
2024-09-16 08:00:00,0.13131583570992375,0.16803141264997729
2024-09-16 09:00:00,0.022056876882428467,0.047269106959870584
2024-09-16 10:00:00,0.012389967027854772,0.18301359625990068
2024-09-16 11:00:00,0.0,0.14041858180093109
2024-09-16 12:00:00,0.0,0.14437432287888646
2024-09-16 13:00:00,0.01391557897456976,0.19167449375649034
2024-09-16 14:00:00,0.011931927045754916,0.16659349665683845
2024-09-16 15:00:00,0.0,0.09815611641526686
2024-09-16 16:00:00,0.03977615040279081,0.0
2024-09-16 17:00:00,0.12703434100783584,0.17601287153143524
2024-09-16 18:00:00,0.5851265405218804,0.25578073126352463
2024-09-16 19:00:00,0.8441666557366103,0.3315207860752853
2024-09-16 20:00:00,1.0,0.19990124422300068
2024-09-16 21:00:00,0.8012524432394849,0.0955979013458254
2024-09-16 22:00:00,0.46182776152795424,0.01880042578891499
2024-09-16 23:00:00,0.03294162783953616,0.07711331901510342
2024-09-17 00:00:00,0.1179503670786819,0.09203617821904808
2024-09-17 01:00:00,0.0374489981416436,0.012451058858854808
2024-09-17 02:00:00,0.10829835687197117,0.07141608266570985
2024-09-17 03:00:00,0.0,0.04066922003518574
2024-09-17 04:00:00,0.0,0.1253006005477157
2024-09-17 05:00:00,0.04706296542243422,0.06277943505994063
2024-09-17 06:00:00,0.014701917316709277,0.22669487311984993
2024-09-17 07:00:00,0.0,0.2538185029624771
2024-09-17 08:00:00,0.0,0.18328944511513334
2024-09-17 09:00:00,0.0,0.13250870961187597
2024-09-17 10:00:00,0.03239670511274358,0.028654483594984216
2024-09-17 11:00:00,0.0,0.0487673166175242
2024-09-17 12:00:00,0.04718743408941359,0.07825753953424262
2024-09-17 13:00:00,0.0,0.15057413686766447
2024-09-17 14:00:00,0.0011099764172216135,0.03786409507471478
2024-09-17 15:00:00,0.0700996319441699,0.07871121968407772
2024-09-17 16:00:00,0.05713838914443379,0.15272633630121246
2024-09-17 17:00:00,0.15294102647202185,0.20269835244764067
2024-09-17 18:00:00,0.6149913101796399,0.18577437033895908
2024-09-17 19:00:00,0.9264602421268405,0.2666453957939373
2024-09-17 20:00:00,1.0,0.20782710829242293
2024-09-17 21:00:00,0.7666663961950475,0.0252266466759827
2024-09-17 22:00:00,0.47410763748957385,0.09457096983355467
2024-09-17 23:00:00,0.027182926069966813,0.15168700642830468
2024-09-18 00:00:00,0.19571525117627742,0.04563690935360675
2024-09-18 01:00:00,0.2488747688965924,0.02210727018315828
2024-09-18 02:00:00,0.05844947390330627,0.013594863338150659
2024-09-18 03:00:00,0.06770496744446716,0.10313962906251625
2024-09-18 04:00:00,0.08191671857132765,0.06474143372703867
2024-09-18 05:00:00,0.03254390012245745,0.07825734551883892
2024-09-18 06:00:00,0.06616461398417581,0.18467891695967378
2024-09-18 07:00:00,0.0,0.267007782361274
2024-09-18 08:00:00,0.09489542985056265,0.1666401235813591
2024-09-18 09:00:00,0.0957295019195968,0.02378519401291076
2024-09-18 10:00:00,0.0,0.10112091114360376
2024-09-18 11:00:00,0.004035223219193132,0.12824687714709562
2024-09-18 12:00:00,0.03406386388317661,0.15709736574654498
2024-09-18 13:00:00,0.004060064144029417,0.1304128614799751
2024-09-18 14:00:00,0.0031462854856251403,0.10746739193767613
2024-09-18 15:00:00,0.0,0.17852045147561235
2024-09-18 16:00:00,0.07224786371707656,0.10557777332426599
2024-09-18 17:00:00,0.20041333419219648,0.08681022576937988
2024-09-18 18:00:00,0.6349089487527315,0.13357627985056011
2024-09-18 19:00:00,0.8593055431008507,0.30682004788676454
2024-09-18 20:00:00,1.0,0.3253138852414463
2024-09-18 21:00:00,0.7850649190227644,0.08411659469176494
2024-09-18 22:00:00,0.3817646020515988,0.09080389367780739
2024-09-18 23:00:00,0.00688593525771382,0.09597126378157231
2024-09-19 00:00:00,0.2869304836819341,0.05965762760224981
2024-09-19 01:00:00,0.08073681596965496,0.129240352275001
2024-09-19 02:00:00,0.08913315345802833,0.07719248657006392
2024-09-19 03:00:00,0.013465547949530102,0.08936068759150281
2024-09-19 04:00:00,0.0,0.15293508953246285
2024-09-19 05:00:00,0.11639938390256381,0.05384113877634411
2024-09-19 06:00:00,0.0,0.12345452281729184
2024-09-19 07:00:00,0.04682299642796544,0.22838490722226196
2024-09-19 08:00:00,0.06696013469206787,0.1887201176567434
2024-09-19 09:00:00,0.0,0.15880343965033566
2024-09-19 10:00:00,0.0,0.20164841499850478
2024-09-19 11:00:00,0.0,0.15181316513918214
2024-09-19 12:00:00,0.0,0.028823660533726772
2024-09-19 13:00:00,0.0,0.0522224965572074
2024-09-19 14:00:00,0.0,0.1471618024556895
2024-09-19 15:00:00,0.0,0.08470017023891444
2024-09-19 16:00:00,0.0,0.03167486813632685
2024-09-19 17:00:00,0.17881076811976163,0.18342532738581016
2024-09-19 18:00:00,0.5807186448861893,0.27825169284744333
2024-09-19 19:00:00,0.9270012604854662,0.2207473909813525
2024-09-19 20:00:00,1.0,0.22858541552034106
2024-09-19 21:00:00,0.8672515575192219,0.03313928008621518
2024-09-19 22:00:00,0.3959128767855921,0.06960187923945069
2024-09-19 23:00:00,0.0,0.1257397912607906
2024-09-20 00:00:00,0.17248460196681953,0.04405865963066124
2024-09-20 01:00:00,0.1839325123597067,0.11089879681720421
2024-09-20 02:00:00,0.11723519990033537,0.055711414804658896
2024-09-20 03:00:00,0.022518407059879154,0.1188017937999294
2024-09-20 04:00:00,0.016168860254949922,0.03068611672113468
2024-09-20 05:00:00,0.057651803463386796,0.09092057325032847
2024-09-20 06:00:00,0.0,0.2506546983993361
2024-09-20 07:00:00,0.005588713117629772,0.29196883482867
2024-09-20 08:00:00,0.06160898139152046,0.12143448904957768
2024-09-20 09:00:00,0.0,0.06812091396000321
2024-09-20 10:00:00,0.005008138653659868,0.07107751903447446
2024-09-20 11:00:00,0.025433786262766475,0.0931989420644407
2024-09-20 12:00:00,0.0,0.0857569905213335
2024-09-20 13:00:00,0.0006588569840485924,0.01959328323551414
2024-09-20 14:00:00,0.03349898335403854,0.13900259179918698
2024-09-20 15:00:00,0.0,0.06288436275395158
2024-09-20 16:00:00,0.09161465788146965,0.13515168841792183
2024-09-20 17:00:00,0.16351060766838862,0.1584314609274003
2024-09-20 18:00:00,0.7223207783465873,0.2453380175071304
2024-09-20 19:00:00,0.8542419365852143,0.21155068043926833
2024-09-20 20:00:00,1.0,0.13333397480381154
2024-09-20 21:00:00,0.779105767014899,0.0488736438832249
2024-09-20 22:00:00,0.3794069313682798,0.12266754860592644
2024-09-20 23:00:00,0.055714479742858806,0.050205861468309264
2024-09-21 00:00:00,0.2506258488832663,0.11618629954543266
2024-09-21 01:00:00,0.18050519756704284,0.04995904295793912
2024-09-21 02:00:00,0.08908071990456251,0.014985485022978834
2024-09-21 03:00:00,0.10789700706221124,0.0011294429556130692
2024-09-21 04:00:00,0.09506942002748979,0.037755284475166045
2024-09-21 05:00:00,0.0,0.07299005591285004
2024-09-21 06:00:00,0.0,0.12979229894894095
2024-09-21 07:00:00,0.0,0.26308391781412577
2024-09-21 08:00:00,0.02181870053081415,0.11300539569067171
2024-09-21 09:00:00,0.0,0.008216698919506757
2024-09-21 10:00:00,0.0,0.19612563484429862
2024-09-21 11:00:00,0.0019537237249203617,0.014505584848892444
2024-09-21 12:00:00,0.0,0.08993762073815945
2024-09-21 13:00:00,0.01450748829546294,0.13474993024271104
2024-09-21 14:00:00,0.0,0.062038810455003396
2024-09-21 15:00:00,0.0,0.0794855507807898
2024-09-21 16:00:00,0.08673859200691669,0.023451008981724156
2024-09-21 17:00:00,0.13534934160597417,0.1071079522687511
2024-09-21 18:00:00,0.6277151999528229,0.27114787920604055
2024-09-21 19:00:00,0.8411045976432624,0.24445843721130484
2024-09-21 20:00:00,1.0,0.22254915958284538
2024-09-21 21:00:00,0.795293963709591,0.10421966412166699
2024-09-21 22:00:00,0.36705466183462343,0.07509254999999967
2024-09-21 23:00:00,0.05658694668563302,0.08627327198360593
2024-09-22 00:00:00,0.18285903912185553,0.04807221990106494
2024-09-22 01:00:00,0.020934163968036185,0.039091448944329275
2024-09-22 02:00:00,0.1132977642592319,0.03382173799230925
2024-09-22 03:00:00,0.10359895410744298,0.1329586814302667
2024-09-22 04:00:00,0.07258947429705558,0.08592251278965243
2024-09-22 05:00:00,0.04030598208679905,0.12575502985464326
2024-09-22 06:00:00,0.007894764486722177,0.12495633726296035
2024-09-22 07:00:00,0.0,0.3343778739604244
2024-09-22 08:00:00,0.0,0.2292304634782943
2024-09-22 09:00:00,0.0,0.1729746730608004
2024-09-22 10:00:00,0.0,0.09501615723354788
2024-09-22 11:00:00,0.0,0.09720032296577968
2024-09-22 12:00:00,0.08897559469165067,0.19094164011676462
2024-09-22 13:00:00,0.013595727861802943,0.18195856158577628
2024-09-22 14:00:00,0.0244376707521215,0.02437681096151327
2024-09-22 15:00:00,0.06090636411848101,0.12913889888546515
2024-09-22 16:00:00,0.0,0.05955011027673703
2024-09-22 17:00:00,0.2609399820380105,0.1581842930895687
2024-09-22 18:00:00,0.5576501745598991,0.2081650036992681
2024-09-22 19:00:00,0.8372380277463026,0.29673758731003375
2024-09-22 20:00:00,1.0,0.25564174838098735
2024-09-22 21:00:00,0.736944102834617,0.08118310258723362
2024-09-22 22:00:00,0.42599963211717234,0.11910578597733977
2024-09-22 23:00:00,0.05940231724707498,0.12310237269203902
2024-09-23 00:00:00,0.17501553870343367,0.012047428470855784
2024-09-23 01:00:00,0.08719424305927544,0.06872372142941369
2024-09-23 02:00:00,0.009845326936506596,0.028046837370278604
2024-09-23 03:00:00,0.0584680563559616,0.06364466667186658
2024-09-23 04:00:00,0.0,0.07789136829345357
2024-09-23 05:00:00,0.06124321670610818,0.1519590495575697
2024-09-23 06:00:00,0.0,0.29718654011433593
2024-09-23 07:00:00,0.007656289721705585,0.24289445568952978
2024-09-23 08:00:00,0.0,0.19850014179933537
2024-09-23 09:00:00,0.0,0.09022562023552022
2024-09-23 10:00:00,0.0,0.14241861159276023
2024-09-23 11:00:00,0.020572389149520837,0.09121065076272561
2024-09-23 12:00:00,0.0,0.1157177250028575
2024-09-23 13:00:00,0.0,0.18680948397763902
2024-09-23 14:00:00,0.06668206181888767,0.03773118243941616
2024-09-23 15:00:00,0.03816041908396374,0.13083558881153504
2024-09-23 16:00:00,0.0,0.08227415515990892
2024-09-23 17:00:00,0.099696258265847,0.12464852452867316
2024-09-23 18:00:00,0.5968055687377917,0.26743060580255446
2024-09-23 19:00:00,0.8610597122253509,0.24042867795783446
2024-09-23 20:00:00,0.9857539763250708,0.2379097006460119
2024-09-23 21:00:00,0.8319780429927984,0.18397788810671958
2024-09-23 22:00:00,0.34288320941379347,0.1537548372824668
2024-09-23 23:00:00,0.0049627097923091576,0.24673635124640736
2024-09-24 00:00:00,0.1586096254453992,0.13017232050619507
2024-09-24 01:00:00,0.10837367644735772,0.16684197244783533
2024-09-24 02:00:00,0.13605612693656233,0.1782685698378411
2024-09-24 03:00:00,0.123611395794035,0.0759040628907331
2024-09-24 04:00:00,0.05444669199414826,0.11079305933292258
2024-09-24 05:00:00,0.0,0.0597519081119851
2024-09-24 06:00:00,0.03275870047925238,0.15856089048810368
2024-09-24 07:00:00,0.03537885751826533,0.317101795123965
2024-09-24 08:00:00,0.02924837118370509,0.21138000059947545
2024-09-24 09:00:00,0.011965483489298597,0.07904283975515577
2024-09-24 10:00:00,0.057220218308878884,0.09436575917262541
2024-09-24 11:00:00,0.003141676062669286,0.11572909974730548
2024-09-24 12:00:00,0.0,0.07427568536472627
2024-09-24 13:00:00,0.0,0.2092651782176718
2024-09-24 14:00:00,0.0,0.1430352880507812
2024-09-24 15:00:00,0.044173076264031,0.10145408403126438
2024-09-24 16:00:00,0.00361890388437977,0.1411451821684631
2024-09-24 17:00:00,0.15277103889259827,0.2321894869587262
2024-09-24 18:00:00,0.5358037409979489,0.21372332988666803
2024-09-24 19:00:00,0.9442280714579536,0.30196206227764544
2024-09-24 20:00:00,0.9692039981756384,0.22851060939071843
2024-09-24 21:00:00,0.7486823746039809,0.08957969707894547
2024-09-24 22:00:00,0.37981460989429044,0.07422878824716007
2024-09-24 23:00:00,0.0,0.09299015021272924
2024-09-25 00:00:00,0.20174475388039456,0.08471494428199357
2024-09-25 01:00:00,0.18003461351796737,0.0
2024-09-25 02:00:00,0.0,0.034432400939653496
2024-09-25 03:00:00,0.0,0.0964185257078439
2024-09-25 04:00:00,0.06338418428979888,0.0889391657091051
2024-09-25 05:00:00,0.0929041272162013,0.11063790328470147
2024-09-25 06:00:00,0.0,0.2695745196157987
2024-09-25 07:00:00,0.0,0.2963967128694357
2024-09-25 08:00:00,0.05720439735551841,0.24626591319690927
2024-09-25 09:00:00,0.02785378423048699,0.11072657581188527
2024-09-25 10:00:00,0.0,0.06537999787742169
2024-09-25 11:00:00,0.0,0.04249985660696464
2024-09-25 12:00:00,0.04158294434664504,0.12237636472486238
2024-09-25 13:00:00,0.0,0.1563029984027732
2024-09-25 14:00:00,0.0,0.12664170805703884
2024-09-25 15:00:00,0.12081878385017891,0.0
2024-09-25 16:00:00,0.0,0.11617104185912837
2024-09-25 17:00:00,0.19019648235816658,0.19746069848648373
2024-09-25 18:00:00,0.6162710124195732,0.2654720327612764
2024-09-25 19:00:00,0.894861530858241,0.296620809014781
2024-09-25 20:00:00,0.9769320365173219,0.2492518701739705
2024-09-25 21:00:00,0.8286462525348557,0.0
2024-09-25 22:00:00,0.4269110449907794,0.11476020833393878
2024-09-25 23:00:00,0.0001758501556877444,0.055755985934171526
2024-09-26 00:00:00,0.25674799990771624,0.04577560414706773
2024-09-26 01:00:00,0.1387279990196302,0.1263103262565977
2024-09-26 02:00:00,0.0,0.12157074064384077
2024-09-26 03:00:00,0.043364810156135095,0.12403023913630709
2024-09-26 04:00:00,0.07094894885593325,0.11278148094323075
2024-09-26 05:00:00,0.0,0.15512580580998628
2024-09-26 06:00:00,0.06052204123449472,0.2729130889741938
2024-09-26 07:00:00,0.0,0.33494113090005895
2024-09-26 08:00:00,0.0,0.29806680274532216
2024-09-26 09:00:00,0.0,0.09550805075387611
2024-09-26 10:00:00,0.0,0.10627156594973214
2024-09-26 11:00:00,0.0,0.16368531787779328
2024-09-26 12:00:00,0.0,0.06173273550988217
2024-09-26 13:00:00,0.0,0.04968622575185288
2024-09-26 14:00:00,0.025410902716987035,0.11612637456974619
2024-09-26 15:00:00,0.0,0.1816722287124035
2024-09-26 16:00:00,0.0,0.1313954549873678
2024-09-26 17:00:00,0.11724853453954528,0.15954615393684535
2024-09-26 18:00:00,0.5977545090022175,0.21415470923107247
2024-09-26 19:00:00,0.9050522016933937,0.3284505463677866
2024-09-26 20:00:00,0.9645780386552927,0.29735095510583737
2024-09-26 21:00:00,0.8116764885406041,0.0
2024-09-26 22:00:00,0.39542080044351025,0.12318550957854424
2024-09-26 23:00:00,0.0,0.16196416503072966
2024-09-27 00:00:00,0.22390005772265742,0.25271699581507934
2024-09-27 01:00:00,0.0612142086596908,0.02242778137406959
2024-09-27 02:00:00,0.11590417509887241,0.12101976521105784
2024-09-27 03:00:00,0.0,0.0
2024-09-27 04:00:00,0.02517038153232666,0.07691740841228013
2024-09-27 05:00:00,0.0910780092207922,0.07193336768303049
2024-09-27 06:00:00,0.0,0.2242655282455599
2024-09-27 07:00:00,0.0,0.43294893683845975
2024-09-27 08:00:00,0.0,0.26963397355622687
2024-09-27 09:00:00,0.06433520223733852,0.02324151937236138
2024-09-27 10:00:00,0.010921484859355712,0.04534685440824622
2024-09-27 11:00:00,0.05327921480411583,0.04294707695296941
2024-09-27 12:00:00,0.0,0.07031215482968925
2024-09-27 13:00:00,0.05354323360742204,0.1286323641280735
2024-09-27 14:00:00,0.08806350943529336,0.051882034507656924
2024-09-27 15:00:00,0.024000546682775126,0.082324943885514
2024-09-27 16:00:00,0.05707460926172242,0.15029969325837644
2024-09-27 17:00:00,0.17495277229612824,0.2582358798217309
2024-09-27 18:00:00,0.4768048804187526,0.34148885203472723
2024-09-27 19:00:00,0.9403823037049875,0.24842649245107812
2024-09-27 20:00:00,0.997423236711271,0.2171224689293221
2024-09-27 21:00:00,0.73175332200088,0.07714599285297141
2024-09-27 22:00:00,0.40886962680232836,0.1413172382291758
2024-09-27 23:00:00,0.0877273825738484,0.08443646083132117
2024-09-28 00:00:00,0.09120208222657099,0.1464127629333968
2024-09-28 01:00:00,0.05507585439348092,0.09045535898177798
2024-09-28 02:00:00,0.14778201121157677,0.12450067866359826
2024-09-28 03:00:00,0.0,0.12388263900342593
2024-09-28 04:00:00,0.0,0.14709686361994365
2024-09-28 05:00:00,0.07908768190186921,0.046903702414771764
2024-09-28 06:00:00,0.0,0.2248927045493881
2024-09-28 07:00:00,0.16123294328151483,0.2593263770688106
2024-09-28 08:00:00,0.053063748803697124,0.18716651591825306
2024-09-28 09:00:00,0.021033274001816447,0.136578831379434
2024-09-28 10:00:00,0.0,0.13579840505114887
2024-09-28 11:00:00,0.0,0.16963905169456306
2024-09-28 12:00:00,0.0,0.13083009541635265
2024-09-28 13:00:00,0.010842882246316462,0.14147248324268397
2024-09-28 14:00:00,0.03861841692947116,0.09069267967556936
2024-09-28 15:00:00,0.0,0.14172839160485717
2024-09-28 16:00:00,0.055927897537509166,0.14938451073377298
2024-09-28 17:00:00,0.22384188421247775,0.21021821203305593
2024-09-28 18:00:00,0.6581795937057754,0.26606369366520155
2024-09-28 19:00:00,0.8844657789556168,0.29596160627482176
2024-09-28 20:00:00,1.0,0.14741726335663008
2024-09-28 21:00:00,0.7964758127579376,0.08916551622374656
2024-09-28 22:00:00,0.3902098620973341,0.18676781926664737
2024-09-28 23:00:00,0.0,0.06895184195921325
2024-09-29 00:00:00,0.17886106449595746,0.09111075796960906
2024-09-29 01:00:00,0.12263616807687182,0.14393138984101628
2024-09-29 02:00:00,0.08406537029809673,0.06599056407745883
2024-09-29 03:00:00,0.04191115019611071,0.09774576092759038
2024-09-29 04:00:00,0.11894480727438916,0.08119367525836789
2024-09-29 05:00:00,0.1314247532539115,0.0888766561718307
2024-09-29 06:00:00,0.02786033452972782,0.3084094423568324
2024-09-29 07:00:00,0.0,0.38184111111801333
2024-09-29 08:00:00,0.0,0.3027284330794605
2024-09-29 09:00:00,0.0,0.18020262571532342
2024-09-29 10:00:00,0.0,0.15486600253857122
2024-09-29 11:00:00,0.0,0.14188001850741355
2024-09-29 12:00:00,0.06496212553392655,0.14606698673984828
2024-09-29 13:00:00,0.0,0.10808637819361848
2024-09-29 14:00:00,0.0,0.1274735694833276
2024-09-29 15:00:00,0.020221236088353082,0.18279166780998257
2024-09-29 16:00:00,0.0,0.12321966279891759
2024-09-29 17:00:00,0.211450635402704,0.3315090253596429
2024-09-29 18:00:00,0.6159809245284472,0.28136968030283893
2024-09-29 19:00:00,0.8846023450178542,0.38588821011562136
2024-09-29 20:00:00,1.0,0.21648287683970419
2024-09-29 21:00:00,0.7404453976710004,0.020131256426069805
2024-09-29 22:00:00,0.4061354129690004,0.14014223975562876
2024-09-29 23:00:00,0.08576880673307591,0.149435252660219
2024-09-30 00:00:00,0.23703224285132102,0.08978482996151103
2024-09-30 01:00:00,0.03629142466153036,0.1435407875059341
2024-09-30 02:00:00,0.18692994524679232,0.11131593971240046
2024-09-30 03:00:00,0.08102324577554566,0.12987047896669396
2024-09-30 04:00:00,0.055663574933633865,0.20094702852941793
2024-09-30 05:00:00,0.04875253212842825,0.08880846733033758
2024-09-30 06:00:00,0.019720266790044145,0.2857013321206624
2024-09-30 07:00:00,0.032179647685763,0.284292870649975
2024-09-30 08:00:00,0.018571509125562092,0.23662103326959408
2024-09-30 09:00:00,0.0011518359909540837,0.08667847506179656
2024-09-30 10:00:00,0.022898272707138814,0.051443376997707055
2024-09-30 11:00:00,0.0,0.08103695645926906
2024-09-30 12:00:00,0.01641631818444553,0.1174214368299929
2024-09-30 13:00:00,0.0,0.14426364164375824
2024-09-30 14:00:00,0.0,0.12113269199010689
2024-09-30 15:00:00,0.0,0.17436061606915884
2024-09-30 16:00:00,0.04577129301637921,0.1681501094430268
2024-09-30 17:00:00,0.18992893587151674,0.21548581936707048
2024-09-30 18:00:00,0.5834023985964804,0.3623953604965181
2024-09-30 19:00:00,0.9979229721764957,0.3504520397698976
2024-09-30 20:00:00,0.92605991923825,0.19161549234919717
2024-09-30 21:00:00,0.8730120224502176,0.10331302051948026
2024-09-30 22:00:00,0.44443819916498856,0.0
2024-09-30 23:00:00,0.04606529036302382,0.08725001861440916
2024-10-01 00:00:00,0.19354442742189149,0.0841008806645469
2024-10-01 01:00:00,0.1625227803083722,0.16329342213215225
2024-10-01 02:00:00,0.08287909450106587,0.022335747213610632
2024-10-01 03:00:00,0.04224991384733159,0.09246008189371453
2024-10-01 04:00:00,0.055239251261544775,0.14105271149389256
2024-10-01 05:00:00,0.07049551312392816,0.05773738596652056
2024-10-01 06:00:00,0.026966471065885175,0.2543104081400551
2024-10-01 07:00:00,0.0010043056453390578,0.34472600751603294
2024-10-01 08:00:00,0.007785276163867413,0.29014888803514943
2024-10-01 09:00:00,0.0010207621957152152,0.08678058821499683
2024-10-01 10:00:00,0.07104871063838146,0.06356812159313288
2024-10-01 11:00:00,0.040785235340951895,0.12842975655120126
2024-10-01 12:00:00,0.0,0.17673930948578287
2024-10-01 13:00:00,0.0,0.1826675114897247
2024-10-01 14:00:00,0.0,0.0853925127617949
2024-10-01 15:00:00,0.0,0.15343303684363935
2024-10-01 16:00:00,0.09886441976732167,0.1251267815348216
2024-10-01 17:00:00,0.19840951353742992,0.26989486126249096
2024-10-01 18:00:00,0.6385245915591753,0.2787740842680413
2024-10-01 19:00:00,0.9469333637392648,0.3573376492535036
2024-10-01 20:00:00,1.0,0.26195294549471937
2024-10-01 21:00:00,0.8892317254605785,0.22436246053671063
2024-10-01 22:00:00,0.4601932255652037,0.09521655014865699
2024-10-01 23:00:00,0.02736013260328022,0.15600163003748746
2024-10-02 00:00:00,0.20311214287455043,0.0
2024-10-02 01:00:00,0.10731841746431575,0.12325938915708369
2024-10-02 02:00:00,0.07643855182726875,0.14748725826010764
2024-10-02 03:00:00,0.014559444074011427,0.08687156282871192
2024-10-02 04:00:00,0.013672973949339806,0.17871894399983623
2024-10-02 05:00:00,0.05306902403367034,0.1259848880206331
2024-10-02 06:00:00,0.0,0.20205341190918785
2024-10-02 07:00:00,0.016779769062134638,0.3296988894821338
2024-10-02 08:00:00,0.010461967252403465,0.2459989857697309
2024-10-02 09:00:00,0.017148810315879857,0.13855566601218702
2024-10-02 10:00:00,0.0,0.11918285147733694
2024-10-02 11:00:00,0.0006896932280796015,0.1076248720788213
2024-10-02 12:00:00,0.0,0.10983753815881107
2024-10-02 13:00:00,0.0,0.08828047996251047
2024-10-02 14:00:00,0.0,0.08192660222693893
2024-10-02 15:00:00,0.009728804945150708,0.08700340345548255
2024-10-02 16:00:00,0.0,0.11714445347981803
2024-10-02 17:00:00,0.17209593787997082,0.23963516731202564
2024-10-02 18:00:00,0.5970465345038352,0.2833000983519485
2024-10-02 19:00:00,0.9783757963141699,0.3985711827637604
2024-10-02 20:00:00,0.9873885386701989,0.2643570749467036
2024-10-02 21:00:00,0.8033701635502516,0.18179744846258594
2024-10-02 22:00:00,0.3829075915764194,0.13706062390702994
2024-10-02 23:00:00,0.028041940152518707,0.07105637695951875
2024-10-03 00:00:00,0.19314549720081042,0.11089665766061867
2024-10-03 01:00:00,0.07780693229934693,0.11647655266110812
2024-10-03 02:00:00,0.13333805387751735,0.14471449338624148
2024-10-03 03:00:00,0.09865782967568162,0.0760752674757992
2024-10-03 04:00:00,0.0,0.11475013464855806
2024-10-03 05:00:00,0.005376016771606776,0.15953594737014654
2024-10-03 06:00:00,0.0,0.26094216183701247
2024-10-03 07:00:00,0.012159613471901972,0.4185214713296426
2024-10-03 08:00:00,0.009974421263513222,0.27565398739554614
2024-10-03 09:00:00,0.0,0.16186810460050724
2024-10-03 10:00:00,0.0,0.16961489346737413
2024-10-03 11:00:00,0.07390451370574133,0.05653014916385776
2024-10-03 12:00:00,0.06155158024145279,0.20442132043271471
2024-10-03 13:00:00,0.0,0.08318242736513473
2024-10-03 14:00:00,0.0,0.17149013977690244
2024-10-03 15:00:00,0.0651246400890038,0.09843216463336739
2024-10-03 16:00:00,0.0,0.08070443275592523
2024-10-03 17:00:00,0.1234144827110018,0.1810584997608214
2024-10-03 18:00:00,0.6778312151255732,0.34047219327165323
2024-10-03 19:00:00,0.8722487373540383,0.28386149773362657
2024-10-03 20:00:00,1.0,0.25887767702035097
2024-10-03 21:00:00,0.7270804677529257,0.07110742997806789
2024-10-03 22:00:00,0.46042367029175657,0.06471268144908782
2024-10-03 23:00:00,0.022876166764103527,0.19866749233771647
2024-10-04 00:00:00,0.14633190930393905,0.13079975712184774
2024-10-04 01:00:00,0.09459319026490892,0.1470114707242282
2024-10-04 02:00:00,0.1806503018309799,0.10802382561763058
2024-10-04 03:00:00,0.0,0.08887143394448795
2024-10-04 04:00:00,0.055889577304437596,0.16007754565129023
2024-10-04 05:00:00,0.018578840515408777,0.05070160228927892
2024-10-04 06:00:00,0.0,0.336366453012901
2024-10-04 07:00:00,0.0,0.3120430520252453
2024-10-04 08:00:00,0.06831312870555344,0.24370096243589062
2024-10-04 09:00:00,0.0,0.17338045691124132
2024-10-04 10:00:00,0.0,0.07997410622239957
2024-10-04 11:00:00,0.0013714505487629077,0.14532583119288522
2024-10-04 12:00:00,0.01664637862833803,0.06585366432691286
2024-10-04 13:00:00,0.01663427965981974,0.09124761625223597
2024-10-04 14:00:00,0.09911406151471121,0.08898668498002649
2024-10-04 15:00:00,0.0,0.12428239295558645
2024-10-04 16:00:00,0.008079493825624163,0.1309466285198136
2024-10-04 17:00:00,0.2111901380154551,0.29941971069850254
2024-10-04 18:00:00,0.6305707925314169,0.34680737300460857
2024-10-04 19:00:00,0.8474216004686338,0.34636153245128715
2024-10-04 20:00:00,1.0,0.288987713450944
2024-10-04 21:00:00,0.8765209300193983,0.14704212193272007
2024-10-04 22:00:00,0.4192777810993673,0.24761639863620216
2024-10-04 23:00:00,0.0,0.16557797641192598
2024-10-05 00:00:00,0.17816129165642552,0.12307994860790068
2024-10-05 01:00:00,0.09251325565598285,0.09903324861419785
2024-10-05 02:00:00,0.1307006095794622,0.14615594355199968
2024-10-05 03:00:00,0.031130121883346594,0.18476427535586326
2024-10-05 04:00:00,0.07822717703844494,0.09551997060939958
2024-10-05 05:00:00,0.04582824553012822,0.06528200567592626
2024-10-05 06:00:00,0.0,0.234423023574237
2024-10-05 07:00:00,0.00031616364315666947,0.3891683296987042
2024-10-05 08:00:00,0.0,0.2717569512594529
2024-10-05 09:00:00,0.07180321257096503,0.019167991499266623
2024-10-05 10:00:00,0.0,0.21283196878012756
2024-10-05 11:00:00,0.0,0.04491688068352728
2024-10-05 12:00:00,0.0,0.17416749951350502
2024-10-05 13:00:00,0.0,0.20068537379448864
2024-10-05 14:00:00,0.0,0.05348757211559475
2024-10-05 15:00:00,0.05069814416110832,0.08909247998523366
2024-10-05 16:00:00,0.04137150497189255,0.02747697168930352
2024-10-05 17:00:00,0.21122983616182875,0.2521076311053405
2024-10-05 18:00:00,0.5834083584796989,0.36106851834809767
2024-10-05 19:00:00,0.9441506800441279,0.3850147604827746
2024-10-05 20:00:00,0.8994263713224522,0.2621326026441432
2024-10-05 21:00:00,0.8017012428934668,0.056413636745127296
2024-10-05 22:00:00,0.35964019212541604,0.15619616000767692
2024-10-05 23:00:00,0.0,0.1783022850419138
2024-10-06 00:00:00,0.2356961137441257,0.13605496800591138
2024-10-06 01:00:00,0.09319445571353413,0.18572000890812163
2024-10-06 02:00:00,0.1446452499329985,0.06805108282177602
2024-10-06 03:00:00,0.0,0.09227012725510003
2024-10-06 04:00:00,0.0,0.12885108197392126
2024-10-06 05:00:00,0.0015813500442651979,0.09773456831044304
2024-10-06 06:00:00,0.03854130999306303,0.29521200814170184
2024-10-06 07:00:00,0.02208037025643343,0.3290154071668872
2024-10-06 08:00:00,0.019023932430323732,0.27349157777854594
2024-10-06 09:00:00,0.10465525147729658,0.060639003829209503
2024-10-06 10:00:00,0.15042833527539667,0.13289688593138757
2024-10-06 11:00:00,0.00343058198259149,0.14040257225297448
2024-10-06 12:00:00,0.0,0.11725811037139174
2024-10-06 13:00:00,0.0,0.2218158221120224
2024-10-06 14:00:00,0.004822392896052893,0.09556918545235224
2024-10-06 15:00:00,0.0,0.176391076777932
2024-10-06 16:00:00,0.0,0.10149030596888062
2024-10-06 17:00:00,0.1314154638114206,0.13641921152243747
2024-10-06 18:00:00,0.5790282222529006,0.43953629022365537
2024-10-06 19:00:00,0.901927642161807,0.41430709850822
2024-10-06 20:00:00,1.0,0.27152686240502677
2024-10-06 21:00:00,0.707405923536504,0.17002704318353545
2024-10-06 22:00:00,0.4172391827449638,0.12813255237009047
2024-10-06 23:00:00,0.010860026734130578,0.11878022147794036
2024-10-07 00:00:00,0.12810657620983246,0.12075293272619546
2024-10-07 01:00:00,0.13232931915495055,0.12891866407518282
2024-10-07 02:00:00,0.148273312643693,0.11498237168262129
2024-10-07 03:00:00,0.1220023758553002,0.13287553504274072
2024-10-07 04:00:00,0.14699636289183932,0.12786401801849456
2024-10-07 05:00:00,0.0,0.13187691708495008
2024-10-07 06:00:00,0.0,0.2579038704500317
2024-10-07 07:00:00,0.0,0.3413713033287849
2024-10-07 08:00:00,0.0,0.21321482816398007
2024-10-07 09:00:00,0.0,0.08589634525432671
2024-10-07 10:00:00,0.0,0.11666534298975088
2024-10-07 11:00:00,0.07728516881418611,0.0972373256634283
2024-10-07 12:00:00,0.09685429460210877,0.1328916602846115
2024-10-07 13:00:00,0.020966625210516524,0.19215170829767597
2024-10-07 14:00:00,0.01241953341568055,0.10916146107555963
2024-10-07 15:00:00,0.0,0.1401151330725019
2024-10-07 16:00:00,0.0,0.08555770790533254
2024-10-07 17:00:00,0.21517863965842662,0.25397292049480547
2024-10-07 18:00:00,0.5436343894333062,0.411144096502971
2024-10-07 19:00:00,0.9000247052470711,0.4642431249109371
2024-10-07 20:00:00,1.0,0.2856256956110399
2024-10-07 21:00:00,0.8045977478056896,0.15097837794508978
2024-10-07 22:00:00,0.37462253479553914,0.17190259984506867
2024-10-07 23:00:00,0.0,0.15409893268237554
2024-10-08 00:00:00,0.24622270728190682,0.034526322415124294
2024-10-08 01:00:00,0.09073057900433183,0.17919421261580645
2024-10-08 02:00:00,0.12194081023082086,0.13193464297173424
2024-10-08 03:00:00,0.0,0.08761141203038261
2024-10-08 04:00:00,0.0,0.1268711426949158
2024-10-08 05:00:00,0.09968473707772474,0.11823648289313902
2024-10-08 06:00:00,0.0,0.3721375118904856
2024-10-08 07:00:00,0.0,0.3706432891741571
2024-10-08 08:00:00,0.004261197079484265,0.20134141329910937
2024-10-08 09:00:00,0.0,0.17439633297849264
2024-10-08 10:00:00,0.027209331408200244,0.17190457203562134
2024-10-08 11:00:00,0.01719857675885676,0.09268686341361546
2024-10-08 12:00:00,0.0,0.2184902027732839
2024-10-08 13:00:00,0.0,0.04724704776208341
2024-10-08 14:00:00,0.0,0.13399834712071748
2024-10-08 15:00:00,0.0,0.13866827869124004
2024-10-08 16:00:00,0.0,0.12430177389535522
2024-10-08 17:00:00,0.2574917515352092,0.2521613810557236
2024-10-08 18:00:00,0.5359039574126612,0.3645510283099363
2024-10-08 19:00:00,0.8952297457507403,0.34890155372450515
2024-10-08 20:00:00,0.9834720307496864,0.2895977848619139
2024-10-08 21:00:00,0.7892812984675395,0.10259676505846363
2024-10-08 22:00:00,0.4110944926010314,0.1602055480221231
2024-10-08 23:00:00,0.062047295521966944,0.13115957749991647
2024-10-09 00:00:00,0.2612078478044509,0.0828118243315529
2024-10-09 01:00:00,0.0649889105650629,0.07513578964493958
2024-10-09 02:00:00,0.017765749764160094,0.047816220253982356
2024-10-09 03:00:00,0.0,0.2392573116560085
2024-10-09 04:00:00,0.008353336097072596,0.12406986620834187
2024-10-09 05:00:00,0.0348131399684299,0.11391806362507972
2024-10-09 06:00:00,0.0,0.24721137828915596
2024-10-09 07:00:00,0.03887987886848201,0.41483683515821723
2024-10-09 08:00:00,0.0,0.2924481088934608
2024-10-09 09:00:00,0.0,0.16419683374936586
2024-10-09 10:00:00,0.0,0.08894635376470744
2024-10-09 11:00:00,0.048177391369257805,0.1234642611352404
2024-10-09 12:00:00,0.006148779561007789,0.2070951127924594
2024-10-09 13:00:00,0.0,0.2752974221419471
2024-10-09 14:00:00,0.0,0.06386647943231254
2024-10-09 15:00:00,0.0,0.08123152927273009
2024-10-09 16:00:00,0.08982478867752232,0.11353378083894326
2024-10-09 17:00:00,0.23162397368297552,0.18552330516051962
2024-10-09 18:00:00,0.5967242248611878,0.24795801494909236
2024-10-09 19:00:00,0.987328677997317,0.4260976437858758
2024-10-09 20:00:00,1.0,0.25506632844397603
2024-10-09 21:00:00,0.8220064935045476,0.10672962446758862
2024-10-09 22:00:00,0.39756083242824475,0.021705008629005512
2024-10-09 23:00:00,0.028829290767920554,0.20773327855337026
2024-10-10 00:00:00,0.2657855929694554,0.16240567374227313
2024-10-10 01:00:00,0.14309802433520347,0.18642614565981339
2024-10-10 02:00:00,0.06647111915567878,0.18440155658522828
2024-10-10 03:00:00,0.05709741066955045,0.13431132535982626
2024-10-10 04:00:00,0.08864651205284829,0.12244423641191271
2024-10-10 05:00:00,0.06817348441561968,0.022208056123704994
2024-10-10 06:00:00,0.0,0.3837099754278466
2024-10-10 07:00:00,0.0,0.5174787849662241
2024-10-10 08:00:00,0.015679359340516903,0.25624045793880723
2024-10-10 09:00:00,0.058332439289589255,0.23591665779306292
2024-10-10 10:00:00,0.02313226225045181,0.16137368029927335
2024-10-10 11:00:00,0.013639035096552267,0.15165102087106683
2024-10-10 12:00:00,0.0,0.11962288136298622
2024-10-10 13:00:00,0.0,0.21916067520882396
2024-10-10 14:00:00,0.0,0.12395788166955658
2024-10-10 15:00:00,0.0,0.12883906025424605
2024-10-10 16:00:00,0.04225836786841636,0.11226453954702499
2024-10-10 17:00:00,0.2607813724494274,0.28590110550706366
2024-10-10 18:00:00,0.5923889666736811,0.3374066771714164
2024-10-10 19:00:00,0.9846038658310148,0.5434718944774156
2024-10-10 20:00:00,0.9493972062328089,0.35938328142262366
2024-10-10 21:00:00,0.7846387471806731,0.12079201227669015
2024-10-10 22:00:00,0.3551729178402703,0.05178792206790993
2024-10-10 23:00:00,0.0,0.14425912004211647
2024-10-11 00:00:00,0.225908566125701,0.20460729795504204
2024-10-11 01:00:00,0.14295857932862657,0.22882250542717292
2024-10-11 02:00:00,0.08295584883453976,0.13375118582170575
2024-10-11 03:00:00,0.19379492722096503,0.10990556135393487
2024-10-11 04:00:00,0.007846990428834848,0.1270456454529451
2024-10-11 05:00:00,0.009978891512987538,0.1883142581775705
2024-10-11 06:00:00,0.005388717078863188,0.3689824826177066
2024-10-11 07:00:00,0.0,0.39598154787484097
2024-10-11 08:00:00,0.048273634324433524,0.30094264404624516
2024-10-11 09:00:00,0.014499023500540567,0.14972490908087657
2024-10-11 10:00:00,0.04345378298693039,0.04957225793104168
2024-10-11 11:00:00,0.0,0.10100492850002527
2024-10-11 12:00:00,0.0,0.10159361421280702
2024-10-11 13:00:00,0.0,0.16009218996445246
2024-10-11 14:00:00,0.042627384649344895,0.19335934275239694
2024-10-11 15:00:00,0.0,0.12993279782929662
2024-10-11 16:00:00,0.0,0.19011334842049654
2024-10-11 17:00:00,0.19454405514574702,0.3155493988197323
2024-10-11 18:00:00,0.587057320083983,0.3807766472664519
2024-10-11 19:00:00,0.9623660852573883,0.35661836737252844
2024-10-11 20:00:00,1.0,0.34476893449972384
2024-10-11 21:00:00,0.6941992714734873,0.04062269683852644
2024-10-11 22:00:00,0.4240149782604851,0.16330396381944265
2024-10-11 23:00:00,0.0,0.09889758956701297
2024-10-12 00:00:00,0.23726273956191346,0.06456813701822228
2024-10-12 01:00:00,0.14785544388715774,0.13209903772199755
2024-10-12 02:00:00,0.1162501527637745,0.0753416018929855
2024-10-12 03:00:00,0.0,0.15134288371388663
2024-10-12 04:00:00,0.05403179759074392,0.19951287102327575
2024-10-12 05:00:00,0.0486215191763711,0.1382766460221097
2024-10-12 06:00:00,0.0,0.359920998935511
2024-10-12 07:00:00,0.0,0.35845412469740434
2024-10-12 08:00:00,0.026883350365653275,0.2290688125080348
2024-10-12 09:00:00,0.0,0.1359496675539686
2024-10-12 10:00:00,0.0,0.13633364363911557
2024-10-12 11:00:00,0.07302046012866703,0.0819289074638671
2024-10-12 12:00:00,0.0,0.1723242116498867
2024-10-12 13:00:00,0.013266153395126457,0.20358841955607312
2024-10-12 14:00:00,0.0,0.06665094820570734
2024-10-12 15:00:00,0.0,0.15198801084867297
2024-10-12 16:00:00,0.0,0.09394589235858632
2024-10-12 17:00:00,0.2344136330920378,0.37375434950061165
2024-10-12 18:00:00,0.5874443151434404,0.40195276672150704
2024-10-12 19:00:00,0.8812377768838968,0.4328869021954715
2024-10-12 20:00:00,0.880751197103046,0.3556712367192286
2024-10-12 21:00:00,0.7291286330244856,0.06451540253903093
2024-10-12 22:00:00,0.3983446215068023,0.07251315030636336
2024-10-12 23:00:00,0.0,0.06934609736503507
2024-10-13 00:00:00,0.21755905679436907,0.16269098447846336
2024-10-13 01:00:00,0.04023989476955445,0.12970773839149266
2024-10-13 02:00:00,0.100087425815802,0.18359110338240478
2024-10-13 03:00:00,0.07827423038199442,0.08793446885015987
2024-10-13 04:00:00,0.0393862820070464,0.18460970828811102
2024-10-13 05:00:00,0.06106600467485992,0.23742093436294515
2024-10-13 06:00:00,0.02471283447198038,0.3246087728710906
2024-10-13 07:00:00,0.041228992318135385,0.45938044739091294
2024-10-13 08:00:00,0.046051276357904826,0.3772539934971527
2024-10-13 09:00:00,0.0,0.2208686079147146
2024-10-13 10:00:00,0.06416777200214348,0.09862311817482639
2024-10-13 11:00:00,0.0,0.1322447423716582
2024-10-13 12:00:00,0.14015605396910222,0.16174359222575363
2024-10-13 13:00:00,0.0,0.1645604000777498
2024-10-13 14:00:00,0.0,0.10748336413746268
2024-10-13 15:00:00,0.011922421800618942,0.1912542010996059
2024-10-13 16:00:00,0.0,0.16462055099244866
2024-10-13 17:00:00,0.2524817959005196,0.2831400283017416
2024-10-13 18:00:00,0.6648707081498623,0.3603073290256414
2024-10-13 19:00:00,0.8287172108096326,0.4607501926620381
2024-10-13 20:00:00,0.9588920524433932,0.2937294219159516
2024-10-13 21:00:00,0.8410191210143698,0.1256395909679454
2024-10-13 22:00:00,0.3063535813319172,0.15852579667389974
2024-10-13 23:00:00,0.00934062032736707,0.17678598632730114
2024-10-14 00:00:00,0.23813007485715185,0.1484108851131571
2024-10-14 01:00:00,0.050902432430627635,0.2233306146459309
2024-10-14 02:00:00,0.11167205595846366,0.13027116092935764
2024-10-14 03:00:00,0.04459898098029359,0.06832527942593543
2024-10-14 04:00:00,0.08673307239499585,0.22384725408081135
2024-10-14 05:00:00,0.0021596419380323223,0.13602057889520008
2024-10-14 06:00:00,0.0,0.22995539185397854
2024-10-14 07:00:00,0.0,0.5107727785273665
2024-10-14 08:00:00,0.0,0.31934859920186076
2024-10-14 09:00:00,0.03902540909045468,0.08991084361742052
2024-10-14 10:00:00,0.019681969629573838,0.08898129544898514
2024-10-14 11:00:00,0.03954078941104164,0.09145716118812924
2024-10-14 12:00:00,0.0,0.0829717401937066
2024-10-14 13:00:00,0.07235350959733183,0.18259805959180475
2024-10-14 14:00:00,0.033260666890810385,0.145097471160016
2024-10-14 15:00:00,0.06817881874311348,0.09612862051855468
2024-10-14 16:00:00,0.0,0.14482374867973874
2024-10-14 17:00:00,0.21696741349052567,0.25961427353458205
2024-10-14 18:00:00,0.5355511660040955,0.29204670428685253
2024-10-14 19:00:00,0.8140199622490919,0.5144441938819568
2024-10-14 20:00:00,0.9952862983650832,0.4030597736521316
2024-10-14 21:00:00,0.8198529569170896,0.14526533844054568
2024-10-14 22:00:00,0.3445345548937522,0.04719642293063919
2024-10-14 23:00:00,0.059297971901652535,0.1779663027244808
2024-10-15 00:00:00,0.20351563209336834,0.16539898129170547
2024-10-15 01:00:00,0.04324030030700844,0.17685289373120708
2024-10-15 02:00:00,0.11146298612584149,0.1752594018344818
2024-10-15 03:00:00,0.025313179418213264,0.11076924225608599
2024-10-15 04:00:00,0.1068345249426696,0.21403613458464443
2024-10-15 05:00:00,0.05501870513182726,0.21245419369599583
2024-10-15 06:00:00,0.045847457393782376,0.3801137724012109
2024-10-15 07:00:00,0.0,0.45344522314392827
2024-10-15 08:00:00,0.0,0.319450472891206
2024-10-15 09:00:00,0.0,0.12677657528493852
2024-10-15 10:00:00,0.0,0.09086283907414988
2024-10-15 11:00:00,0.0,0.22755178690048092
2024-10-15 12:00:00,0.015145052762548038,0.19146366081573615
2024-10-15 13:00:00,0.0,0.09715170305096396
2024-10-15 14:00:00,0.0435744303677842,0.10442465258071686
2024-10-15 15:00:00,0.058396575567273394,0.10459999601140554
2024-10-15 16:00:00,0.0,0.161742597826531
2024-10-15 17:00:00,0.18542684220920314,0.2613636962186463
2024-10-15 18:00:00,0.6155473085178547,0.3704899353425716
2024-10-15 19:00:00,0.9004660396894679,0.4367386746082127
2024-10-15 20:00:00,0.8723376992603912,0.3428835498535634
2024-10-15 21:00:00,0.7105571861103332,0.18396721632243548
2024-10-15 22:00:00,0.392154926976015,0.0673727761739128
2024-10-15 23:00:00,0.0,0.17327649600391673
2024-10-16 00:00:00,0.21456543099015626,0.16223107667613357
2024-10-16 01:00:00,0.14042787757515549,0.10153320940264235
2024-10-16 02:00:00,0.14510054358435945,0.11710538996288267
2024-10-16 03:00:00,0.05274595545514808,0.14874232459752157
2024-10-16 04:00:00,0.03887780204519137,0.0780492243222014
2024-10-16 05:00:00,0.04391361964441986,0.1287671627315168
2024-10-16 06:00:00,0.0,0.3692210512315938
2024-10-16 07:00:00,0.0,0.4504056442614255
2024-10-16 08:00:00,0.04299895693639491,0.3676026179727812
2024-10-16 09:00:00,0.0,0.15010318968777922
2024-10-16 10:00:00,0.0,0.12813059003644434
2024-10-16 11:00:00,0.0,0.14733902973148866
2024-10-16 12:00:00,0.06803150289793562,0.11554657212710623
2024-10-16 13:00:00,0.06843459762097004,0.17481279627754404
2024-10-16 14:00:00,0.028422089163912347,0.15068961043896886
2024-10-16 15:00:00,0.0,0.11510750883154233
2024-10-16 16:00:00,0.0,0.07308447359991138
2024-10-16 17:00:00,0.22772471766546754,0.2985213033933205
2024-10-16 18:00:00,0.5268298349267238,0.40866686604068464
2024-10-16 19:00:00,0.9667947090135177,0.4173460859404766
2024-10-16 20:00:00,0.8990742764304094,0.33362266147842956
2024-10-16 21:00:00,0.7903901182127089,0.17037250332179715
2024-10-16 22:00:00,0.4914676748891569,0.16608090836372755
2024-10-16 23:00:00,0.0,0.046388490626764825
2024-10-17 00:00:00,0.2286445501918873,0.05022619393032837
2024-10-17 01:00:00,0.06737535994004298,0.2017590751039549
2024-10-17 02:00:00,0.10869479769952335,0.12931897005665938
2024-10-17 03:00:00,0.0,0.13765386028097107
2024-10-17 04:00:00,0.04675855220407289,0.20328030875761383
2024-10-17 05:00:00,0.15074769064527815,0.21473956487267168
2024-10-17 06:00:00,0.017473779192391563,0.3918558833191397
2024-10-17 07:00:00,0.05446597935770312,0.5236842772881825
2024-10-17 08:00:00,0.0,0.325982290623197
2024-10-17 09:00:00,0.0,0.3259098931006427
2024-10-17 10:00:00,0.0,0.12531580047669405
2024-10-17 11:00:00,0.0,0.13213165306973432
2024-10-17 12:00:00,0.08373086573901692,0.0691476813086629
2024-10-17 13:00:00,0.004661335561789821,0.1325723633048626
2024-10-17 14:00:00,0.0,0.15728959563568118
2024-10-17 15:00:00,0.0,0.12354576229396283
2024-10-17 16:00:00,0.0,0.21703955763996724
2024-10-17 17:00:00,0.2711844696605896,0.3600639687214928
2024-10-17 18:00:00,0.5474632911207804,0.37239971750029366
2024-10-17 19:00:00,0.9238294052942344,0.37523550556525515
2024-10-17 20:00:00,0.9315041889802337,0.34316501897965
2024-10-17 21:00:00,0.765202147514193,0.07583805793459217
2024-10-17 22:00:00,0.528991595711852,0.13976063113243592
2024-10-17 23:00:00,0.042794980455086756,0.18699569011963926
2024-10-18 00:00:00,0.17660082220673856,0.156289297080321
2024-10-18 01:00:00,0.039923478463367315,0.22569573669861043
2024-10-18 02:00:00,0.11296417387175275,0.12857133446127797
2024-10-18 03:00:00,0.053702676682988774,0.23434439901981796
2024-10-18 04:00:00,0.1625962003438055,0.18083652335100486
2024-10-18 05:00:00,0.08155169722171005,0.17214143464869242
2024-10-18 06:00:00,0.009002598331738982,0.383538382440117
2024-10-18 07:00:00,0.03710376525112073,0.41131109988483044
2024-10-18 08:00:00,0.023904800189920934,0.3289123500275365
2024-10-18 09:00:00,0.0,0.20746996011628052
2024-10-18 10:00:00,0.0,0.19858255558683677
2024-10-18 11:00:00,0.0,0.1263331948122178
2024-10-18 12:00:00,0.00650115431411676,0.16942267105178116
2024-10-18 13:00:00,0.0,0.10117145759975243
2024-10-18 14:00:00,0.0,0.22831172105380076
2024-10-18 15:00:00,0.0,0.19854105352110096
2024-10-18 16:00:00,0.01026625052459072,0.13170978297097274
2024-10-18 17:00:00,0.18749721005886552,0.2888620673636242
2024-10-18 18:00:00,0.6703000876586737,0.3920089749856139
2024-10-18 19:00:00,0.9133447814270732,0.46054141486860645
2024-10-18 20:00:00,0.8909419623318511,0.2668006374530248
2024-10-18 21:00:00,0.85918096026335,0.19396018004895466
2024-10-18 22:00:00,0.41040468520696044,0.11195239345921627
2024-10-18 23:00:00,0.0,0.16118487101347861
2024-10-19 00:00:00,0.251019688263434,0.25031137857009167
2024-10-19 01:00:00,0.0684801472703267,0.1516765548120231
2024-10-19 02:00:00,0.12829841845515616,0.18871238239518778
2024-10-19 03:00:00,0.136285979321862,0.1470513810331354
2024-10-19 04:00:00,0.046297292395923104,0.17565620939436788
2024-10-19 05:00:00,0.030519704632223206,0.2101585674958733
2024-10-19 06:00:00,0.14634114608020662,0.34924476668258697
2024-10-19 07:00:00,0.03823018798351649,0.45175448348447356
2024-10-19 08:00:00,0.014301564794233468,0.321665714662673
2024-10-19 09:00:00,0.08556160556724256,0.19880435386563955
2024-10-19 10:00:00,0.0,0.13112563226414842
2024-10-19 11:00:00,0.0,0.21834836784844086
2024-10-19 12:00:00,0.0,0.21656302023433052
2024-10-19 13:00:00,0.0039830103417826425,0.21845712524160918
2024-10-19 14:00:00,0.07122066858987988,0.22610110764493183
2024-10-19 15:00:00,0.04386968906330189,0.10014484826850176
2024-10-19 16:00:00,0.008454541825906608,0.20552629705029368
2024-10-19 17:00:00,0.25303460575895337,0.331555551073464
2024-10-19 18:00:00,0.6544535264322133,0.422707630131652
2024-10-19 19:00:00,0.8869786803405958,0.3356984564328292
2024-10-19 20:00:00,1.0,0.3207480115799052
2024-10-19 21:00:00,0.7205716790416475,0.20293554245332313
2024-10-19 22:00:00,0.3592126394926753,0.08897233964759219
2024-10-19 23:00:00,0.0,0.1188588048526554
2024-10-20 00:00:00,0.2315982535679746,0.2064845473398098
2024-10-20 01:00:00,0.10906366378456842,0.15162966402175487
2024-10-20 02:00:00,0.053632110224441344,0.08708616950118017
2024-10-20 03:00:00,0.008094214146141865,0.1463632761318506
2024-10-20 04:00:00,0.03653159539195943,0.12347599963058756
2024-10-20 05:00:00,0.02915187116387483,0.0917828057746815
2024-10-20 06:00:00,0.05942685032324986,0.3655417838596097
2024-10-20 07:00:00,0.0,0.5682150482513776
2024-10-20 08:00:00,0.0827887077111365,0.31919104367971485
2024-10-20 09:00:00,0.015103759683100713,0.239276894040035
2024-10-20 10:00:00,0.0,0.17827116730347686
2024-10-20 11:00:00,0.0,0.1172720384661883
2024-10-20 12:00:00,0.007253420557334875,0.21528764708710144
2024-10-20 13:00:00,0.05476371499717109,0.17956697429225282
2024-10-20 14:00:00,0.05865127925727447,0.17226683672480883
2024-10-20 15:00:00,0.0,0.1984502686526679
2024-10-20 16:00:00,0.06788968225937875,0.12682652751469536
2024-10-20 17:00:00,0.07810710762301215,0.3319750147243054
2024-10-20 18:00:00,0.5318437658142006,0.4007006704300755
2024-10-20 19:00:00,0.8124679340871328,0.5132720412837841
2024-10-20 20:00:00,1.0,0.364333536293531
2024-10-20 21:00:00,0.8738971506960754,0.198729572037924
2024-10-20 22:00:00,0.39297693954330476,0.2504659729919335
2024-10-20 23:00:00,0.0,0.15902272219188276
2024-10-21 00:00:00,0.2975979906191534,0.1794530096615306
2024-10-21 01:00:00,0.04163063179046459,0.21085275353735322
2024-10-21 02:00:00,0.053920564493502174,0.14767615457192731
2024-10-21 03:00:00,0.0525463805938951,0.16586159383482962
2024-10-21 04:00:00,0.06608365298889875,0.2010432117817092
2024-10-21 05:00:00,0.07645613947007629,0.1391129807586748
2024-10-21 06:00:00,0.0,0.35473622406415733
2024-10-21 07:00:00,0.0,0.47637929904908477
2024-10-21 08:00:00,0.04087126418219428,0.3249141843010456
2024-10-21 09:00:00,0.04014185374909435,0.15096577388099264
2024-10-21 10:00:00,0.0,0.12616920553677716
2024-10-21 11:00:00,0.0,0.08444159541698383
2024-10-21 12:00:00,0.0,0.14865660693955668
2024-10-21 13:00:00,0.0,0.1762561375356703
2024-10-21 14:00:00,0.0,0.1278890587329119
2024-10-21 15:00:00,0.0,0.19865687595953202
2024-10-21 16:00:00,0.006264958317140065,0.14438537689437392
2024-10-21 17:00:00,0.33150909074664625,0.2664853484413661
2024-10-21 18:00:00,0.6280040889369151,0.5377667605340608
2024-10-21 19:00:00,0.9770844159547042,0.5332059326963007
2024-10-21 20:00:00,0.9834218409163671,0.40446385631122517
2024-10-21 21:00:00,0.7816056981936864,0.1841195730258172
2024-10-21 22:00:00,0.3216976314990419,0.18370486811974457
2024-10-21 23:00:00,0.018059958658384372,0.19143721227001465
2024-10-22 00:00:00,0.22344231942612766,0.27905595135172434
2024-10-22 01:00:00,0.08344198087508874,0.1417128789724264
2024-10-22 02:00:00,0.035432670339107186,0.22019730128709647
2024-10-22 03:00:00,0.08422978779035926,0.16275559493820016
2024-10-22 04:00:00,0.000884312017300673,0.14183968862780932
2024-10-22 05:00:00,0.0,0.24698928828747158
2024-10-22 06:00:00,0.00016177886825979748,0.3801846250586653
2024-10-22 07:00:00,7.631200521282011e-05,0.4503841123529304
2024-10-22 08:00:00,0.0,0.3185329036927925
2024-10-22 09:00:00,0.0,0.15479183759861526
2024-10-22 10:00:00,0.07910495587959439,0.09777962697829137
2024-10-22 11:00:00,0.02657938777446292,0.15177007554645547
2024-10-22 12:00:00,0.06399894625646799,0.12613413406508123
2024-10-22 13:00:00,0.0,0.19868504254884387
2024-10-22 14:00:00,0.11149392121639799,0.12312159009538075
2024-10-22 15:00:00,0.041716026492609984,0.1746945928328273
2024-10-22 16:00:00,0.0,0.14972347449168388
2024-10-22 17:00:00,0.18720457810972205,0.28908212826818125
2024-10-22 18:00:00,0.5991080726633856,0.39259480752240716
2024-10-22 19:00:00,0.862105083843106,0.5281813825358944
2024-10-22 20:00:00,0.9366230685592734,0.3517183672883153
2024-10-22 21:00:00,0.769998428013827,0.09920743437768191
2024-10-22 22:00:00,0.3861168508099238,0.13927610611604
2024-10-22 23:00:00,0.08497344593531632,0.26678063649270123
2024-10-23 00:00:00,0.18059751153377046,0.16182027324538267
2024-10-23 01:00:00,0.07814419349361085,0.14560313994358912
2024-10-23 02:00:00,0.13493021771620553,0.20518305668954606
2024-10-23 03:00:00,0.038889604773605924,0.15143418700144903
2024-10-23 04:00:00,0.051910419109955135,0.1640604771227943
2024-10-23 05:00:00,0.027020434129956118,0.22441509651324404
2024-10-23 06:00:00,0.10211675877631364,0.3801614949480606
2024-10-23 07:00:00,0.0,0.5446233446276529
2024-10-23 08:00:00,0.06732957589312583,0.25046954361490337
2024-10-23 09:00:00,0.012286566501117075,0.20163629224493507
2024-10-23 10:00:00,0.05857853714207454,0.20662753411737736
2024-10-23 11:00:00,0.01150587124368154,0.039807254581126605
2024-10-23 12:00:00,0.0,0.11605212628093395
2024-10-23 13:00:00,0.0,0.15812370633583922
2024-10-23 14:00:00,0.0,0.27171475797570077
2024-10-23 15:00:00,0.030744756001736595,0.1533351782003573
2024-10-23 16:00:00,0.015113997252994156,0.12865870078260122
2024-10-23 17:00:00,0.2441542514877755,0.3551011557802093
2024-10-23 18:00:00,0.5776578689789229,0.41598675298241483
2024-10-23 19:00:00,0.8282561942719546,0.500664005037153
2024-10-23 20:00:00,1.0,0.36044840846929616
2024-10-23 21:00:00,0.8462333835824338,0.2158738814559758
2024-10-23 22:00:00,0.43078807393826624,0.24122614816486787
2024-10-23 23:00:00,0.0,0.09613308316000342
2024-10-24 00:00:00,0.16492006353655267,0.16185130182122026
2024-10-24 01:00:00,0.1635696228823354,0.16222737029582227
2024-10-24 02:00:00,0.15211558444746348,0.10504167574980684
2024-10-24 03:00:00,0.02052976247285489,0.19128977196155098
2024-10-24 04:00:00,0.1505132248332769,0.16914606663518209
2024-10-24 05:00:00,0.09201361065510574,0.11871568699377068
2024-10-24 06:00:00,0.0,0.38670564053630213
2024-10-24 07:00:00,0.0,0.5210979860798426
2024-10-24 08:00:00,0.0,0.3402687230710629
2024-10-24 09:00:00,0.0,0.2650093990348833
2024-10-24 10:00:00,0.0,0.161082386248339
2024-10-24 11:00:00,0.0,0.054134256275339604
2024-10-24 12:00:00,0.0,0.11683719879330876
2024-10-24 13:00:00,0.0,0.2602877611742707
2024-10-24 14:00:00,0.0,0.2104196025390101
2024-10-24 15:00:00,0.019428822600812863,0.18476071602324262
2024-10-24 16:00:00,0.0020342783364604793,0.2200393933546343
2024-10-24 17:00:00,0.27923523694001606,0.39392961164429796
2024-10-24 18:00:00,0.6025135729502216,0.43213691398903137
2024-10-24 19:00:00,1.0,0.49905967372963483
2024-10-24 20:00:00,0.9981053893886095,0.4743465709332787
2024-10-24 21:00:00,0.8230478677702204,0.18686632113945675
2024-10-24 22:00:00,0.3452910490696907,0.1517209779017081
2024-10-24 23:00:00,0.05652440416943419,0.24697089846563025
2024-10-25 00:00:00,0.1544576610688498,0.19541161677991298
2024-10-25 01:00:00,0.02665838943035491,0.10343660797629724
2024-10-25 02:00:00,0.11363328973866778,0.20641869218307868
2024-10-25 03:00:00,0.0834971140552151,0.15845739438348835
2024-10-25 04:00:00,0.04388046595783148,0.16481182148569692
2024-10-25 05:00:00,0.0,0.12347019329692646
2024-10-25 06:00:00,0.0,0.464612041782816
2024-10-25 07:00:00,0.07585417771294492,0.49832383226121774
2024-10-25 08:00:00,0.0,0.33297142997936074
2024-10-25 09:00:00,0.0,0.16488849309537246
2024-10-25 10:00:00,0.0,0.21157733349869742
2024-10-25 11:00:00,0.0,0.22875078902146823
2024-10-25 12:00:00,0.04949158819885936,0.11482188136598301
2024-10-25 13:00:00,0.0,0.24211091652066286
2024-10-25 14:00:00,0.01822269830959508,0.23079253593810475
2024-10-25 15:00:00,0.0,0.2163228042761761
2024-10-25 16:00:00,0.0,0.13071909001636964
2024-10-25 17:00:00,0.23386864193544385,0.3261504405819625
2024-10-25 18:00:00,0.6304456108285437,0.5662846465629094
2024-10-25 19:00:00,0.9314119440272236,0.5365952900935529
2024-10-25 20:00:00,1.0,0.3218902235270215
2024-10-25 21:00:00,0.7640294486499059,0.16532663942153664
2024-10-25 22:00:00,0.42912531812911225,0.19275915423350862
2024-10-25 23:00:00,0.0,0.14199348031691003
2024-10-26 00:00:00,0.15910258299749955,0.14949803822445265
2024-10-26 01:00:00,0.114624490087583,0.15398257148065456
2024-10-26 02:00:00,0.13918135208193905,0.29074268672492143
2024-10-26 03:00:00,0.07846058647171436,0.14217049659898667
2024-10-26 04:00:00,0.0631695412893652,0.15227381475156754
2024-10-26 05:00:00,0.05121640760097405,0.08594755432010974
2024-10-26 06:00:00,0.0,0.40857382431747186
2024-10-26 07:00:00,0.0,0.5510897159377418
2024-10-26 08:00:00,0.06568267571451376,0.30046395485583965
2024-10-26 09:00:00,0.0,0.1275267228264751
2024-10-26 10:00:00,0.0111393844452974,0.20433427814063232
2024-10-26 11:00:00,0.058819107683731456,0.12292080217900211
2024-10-26 12:00:00,0.07266882050687805,0.12768363266987287
2024-10-26 13:00:00,0.0037865336918874205,0.3203647380557737
2024-10-26 14:00:00,0.08159063109763659,0.15855513411338623
2024-10-26 15:00:00,0.0,0.146039670263848
2024-10-26 16:00:00,0.0,0.18744851986762934
2024-10-26 17:00:00,0.20687625555178243,0.3429890128629568
2024-10-26 18:00:00,0.558353485170028,0.582642566791477
2024-10-26 19:00:00,0.933671647525425,0.5199197374383722
2024-10-26 20:00:00,0.9484757975278635,0.4531564462030541
2024-10-26 21:00:00,0.7478692858712154,0.13362611591617465
2024-10-26 22:00:00,0.28710886678651154,0.2246070490149524
2024-10-26 23:00:00,0.01673976976148225,0.20594592231818276
2024-10-27 00:00:00,0.13721560267811403,0.17311854833108312
2024-10-27 01:00:00,0.04191236067685609,0.24561307364521484
2024-10-27 02:00:00,0.0804936926365988,0.13203182530344615
2024-10-27 03:00:00,0.10848462599244332,0.17732358333026269
2024-10-27 04:00:00,0.03430685351361667,0.15665692320150604
2024-10-27 05:00:00,0.043970249215828705,0.15478717252370722
2024-10-27 06:00:00,0.0,0.440032046353911
2024-10-27 07:00:00,0.0,0.5728553199662371
2024-10-27 08:00:00,0.02372119962684382,0.3355209176227719
2024-10-27 09:00:00,0.08192758763802786,0.17000247777087388
2024-10-27 10:00:00,0.0,0.1715515899323365
2024-10-27 11:00:00,0.026258316059657606,0.21805569626723678
2024-10-27 12:00:00,0.0,0.14672245171996595
2024-10-27 13:00:00,0.0,0.12644656510117916
2024-10-27 14:00:00,0.0,0.20433770754291522
2024-10-27 15:00:00,0.0,0.15633787560881823
2024-10-27 16:00:00,0.03184102832259442,0.13451777916163551
2024-10-27 17:00:00,0.20115118889507977,0.3265618634426271
2024-10-27 18:00:00,0.6012550636251041,0.4617991540936031
2024-10-27 19:00:00,0.9320978879364463,0.5506300215110752
2024-10-27 20:00:00,1.0,0.373512103657192
2024-10-27 21:00:00,0.848456688482629,0.2296969539892531
2024-10-27 22:00:00,0.4108680626526974,0.13804208368129284
2024-10-27 23:00:00,0.079211272501461,0.16541910715559838
2024-10-28 00:00:00,0.23779004490096742,0.23679624821610196
2024-10-28 01:00:00,0.10462082517922419,0.21824168069703767
2024-10-28 02:00:00,0.11330073246895427,0.21093244640663705
2024-10-28 03:00:00,0.06341921217902514,0.1473279707980125
2024-10-28 04:00:00,0.0554859704274875,0.1608701471147119
2024-10-28 05:00:00,0.06345037528899215,0.19055758460814723
2024-10-28 06:00:00,0.0,0.45055273228788756
2024-10-28 07:00:00,0.034331849356725154,0.5609208394306516
2024-10-28 08:00:00,0.0,0.3365542774675501
2024-10-28 09:00:00,0.05369326962220329,0.20484453404952005
2024-10-28 10:00:00,0.0,0.2764187989598894
2024-10-28 11:00:00,0.0,0.1937694663442854
2024-10-28 12:00:00,0.0,0.1995627642255462
2024-10-28 13:00:00,0.017537462793782276,0.24514690266049632
2024-10-28 14:00:00,0.025185289167385425,0.2510203097518516
2024-10-28 15:00:00,0.0076381420616194315,0.21285308090064003
2024-10-28 16:00:00,0.047541155449422105,0.12370557561859444
2024-10-28 17:00:00,0.14774976785012206,0.3357058052933141
2024-10-28 18:00:00,0.7048160331622797,0.5146441951989618
2024-10-28 19:00:00,0.9663003034151373,0.5100247376272984
2024-10-28 20:00:00,0.9384831124334447,0.486596783644977
2024-10-28 21:00:00,0.8179310345486805,0.3198363900178061
2024-10-28 22:00:00,0.426042587915699,0.19301649706179533
2024-10-28 23:00:00,0.0498581910126337,0.16208351157841328
2024-10-29 00:00:00,0.23116617766085368,0.06797413377043009
2024-10-29 01:00:00,0.1522460244724681,0.1873798106795485
2024-10-29 02:00:00,0.07167475656954124,0.182659450377372
2024-10-29 03:00:00,0.0,0.1848490963331108
2024-10-29 04:00:00,0.09322659221685886,0.21548422829112535
2024-10-29 05:00:00,0.11937563686177194,0.2123645864488658
2024-10-29 06:00:00,0.013032658568985923,0.35533541202300334
2024-10-29 07:00:00,0.0,0.506797828236771
2024-10-29 08:00:00,0.005577688337340804,0.29837366578484187
2024-10-29 09:00:00,0.0,0.12765489323206608
2024-10-29 10:00:00,0.16858512886142066,0.11201743486777382
2024-10-29 11:00:00,0.0,0.09900149281755874
2024-10-29 12:00:00,0.0,0.20786949062702814
2024-10-29 13:00:00,0.0,0.2360881829568322
2024-10-29 14:00:00,0.0,0.23625381862662892
2024-10-29 15:00:00,0.0,0.17801459415899773
2024-10-29 16:00:00,0.03288317627987471,0.2133801359663446
2024-10-29 17:00:00,0.24428123573413724,0.3951724044194247
2024-10-29 18:00:00,0.5324594350265949,0.4620782976825255
2024-10-29 19:00:00,0.9390638192081547,0.5276367685052444
2024-10-29 20:00:00,0.9428699176490561,0.37896274825734366
2024-10-29 21:00:00,0.757849866987687,0.19538244985724873
2024-10-29 22:00:00,0.33547232144253186,0.14835774178991046
2024-10-29 23:00:00,0.0,0.2576616999039105
2024-10-30 00:00:00,0.18487602665366418,0.2526772296626245
2024-10-30 01:00:00,0.10679071417678254,0.1741694796162006
2024-10-30 02:00:00,0.01043828353476653,0.20385031777958829
2024-10-30 03:00:00,0.00914751282581281,0.31028747797113665
2024-10-30 04:00:00,0.07837092599851683,0.26172777639920863
2024-10-30 05:00:00,0.03610995333644527,0.1459616198521425
2024-10-30 06:00:00,0.04614743121125253,0.5681324120627844
2024-10-30 07:00:00,0.01203337832494919,0.6725296219107252
2024-10-30 08:00:00,0.0,0.3785514245224819
2024-10-30 09:00:00,0.010406912556753484,0.16930111408560744
2024-10-30 10:00:00,0.11125033998009455,0.14548880319451682
2024-10-30 11:00:00,0.018922039772907292,0.1354912125706376
2024-10-30 12:00:00,0.07815114749783351,0.14887478027740156
2024-10-30 13:00:00,0.0,0.167646866183206
2024-10-30 14:00:00,0.0841110428045187,0.21753281895797655
2024-10-30 15:00:00,0.0,0.17844648843827007
2024-10-30 16:00:00,0.0,0.24916336599615774
2024-10-30 17:00:00,0.3003730638766091,0.23946365352837473
2024-10-30 18:00:00,0.5876420284271551,0.5584476251400852
2024-10-30 19:00:00,0.9362879995134884,0.5985871266374801
2024-10-30 20:00:00,0.8858416750950422,0.4279184803950417
2024-10-30 21:00:00,0.8683824929646449,0.1478714284593895
2024-10-30 22:00:00,0.48287069773506736,0.16780126577136362
2024-10-30 23:00:00,0.030176079572845866,0.1877304433932144
2024-10-31 00:00:00,0.12836707600842126,0.18907155713276602
2024-10-31 01:00:00,0.1370811375455171,0.18091193024914962
2024-10-31 02:00:00,0.06157114988300222,0.18582595868736704
2024-10-31 03:00:00,0.07250650303960551,0.196009555230132
2024-10-31 04:00:00,0.03434113993570842,0.14226049621911316
2024-10-31 05:00:00,0.08641258913157171,0.08002103097184263
2024-10-31 06:00:00,0.04857200723876262,0.4088513020423684
2024-10-31 07:00:00,0.0,0.5430309568270757
2024-10-31 08:00:00,0.05395041975995442,0.37408525894249695
2024-10-31 09:00:00,0.0,0.18206098843949559
2024-10-31 10:00:00,0.0,0.17147810107056877
2024-10-31 11:00:00,0.03550657602345174,0.1546549624597955
2024-10-31 12:00:00,0.0,0.15161604807645962
2024-10-31 13:00:00,0.019248849414309727,0.14912910046603628
2024-10-31 14:00:00,0.0,0.19745191124053021
2024-10-31 15:00:00,0.09091208543949114,0.262295829913324
2024-10-31 16:00:00,0.0,0.13829521836231673
2024-10-31 17:00:00,0.18967775063523346,0.3676231182935748
2024-10-31 18:00:00,0.6806445225311641,0.53673178368088
2024-10-31 19:00:00,0.908303166391456,0.6305835373754574
2024-10-31 20:00:00,1.0,0.4996431242188686
2024-10-31 21:00:00,0.75934224101039,0.08820429036816224
2024-10-31 22:00:00,0.3912268766557207,0.18313762237461925
2024-10-31 23:00:00,0.0,0.12553108919936798
2024-11-01 00:00:00,0.10526038737525913,0.20207925319180498
2024-11-01 01:00:00,0.10424690959158855,0.20956072984643143
2024-11-01 02:00:00,0.1714603594423788,0.3117466948054153
2024-11-01 03:00:00,0.06955686864506168,0.23638576355164564
2024-11-01 04:00:00,0.14321954883881913,0.282220835202183
2024-11-01 05:00:00,0.005886253775158751,0.18858464829352553
2024-11-01 06:00:00,0.012511953226725171,0.5402529862698535
2024-11-01 07:00:00,0.0,0.5852655331083592
2024-11-01 08:00:00,0.04910477227779277,0.3387338819288669
2024-11-01 09:00:00,0.023351996408363083,0.223625760496862
2024-11-01 10:00:00,0.0,0.20778062030030134
2024-11-01 11:00:00,0.0,0.16754530523768466
2024-11-01 12:00:00,0.001050970107654675,0.22193649325605735
2024-11-01 13:00:00,0.01138654333518181,0.20653339648280833
2024-11-01 14:00:00,0.06058479152299934,0.18354431284580258
2024-11-01 15:00:00,0.024250336087490994,0.12442992949352803
2024-11-01 16:00:00,0.03274493487035942,0.21359190052777283
2024-11-01 17:00:00,0.3028076905393096,0.40634845029649624
2024-11-01 18:00:00,0.5945771325343787,0.5846382814282987
2024-11-01 19:00:00,0.9355020505454661,0.6610754302029186
2024-11-01 20:00:00,1.0,0.5038704397172725
2024-11-01 21:00:00,0.8034410199964281,0.161934272710541
2024-11-01 22:00:00,0.30262614765459334,0.23468574431088873
2024-11-01 23:00:00,0.026060762737016963,0.27969116526046406
2024-11-02 00:00:00,0.19510721425112304,0.25372910008602506
2024-11-02 01:00:00,0.14793631049586192,0.20152991727348596
2024-11-02 02:00:00,0.06267883972358196,0.21663394624378118
2024-11-02 03:00:00,0.10697234245672883,0.22895073029412247
2024-11-02 04:00:00,0.008883934599292702,0.2497588421462693
2024-11-02 05:00:00,0.11300697942420197,0.2678546555640174
2024-11-02 06:00:00,0.0,0.4319561377160699
2024-11-02 07:00:00,0.03986600869951217,0.6008579573587025
2024-11-02 08:00:00,0.0,0.37473089111132896
2024-11-02 09:00:00,0.0,0.17825468808350406
2024-11-02 10:00:00,0.0,0.22234413845412773
2024-11-02 11:00:00,0.05562180083501477,0.18305670097563093
2024-11-02 12:00:00,0.0,0.19022163971607492
2024-11-02 13:00:00,0.013483150998522722,0.062345446994238274
2024-11-02 14:00:00,0.0,0.1519024545043658
2024-11-02 15:00:00,0.0,0.1565233326302317
2024-11-02 16:00:00,0.07641993210595116,0.09933904181341226
2024-11-02 17:00:00,0.17697889012434523,0.3965291812364017
2024-11-02 18:00:00,0.6520191912715241,0.5756577801089364
2024-11-02 19:00:00,0.9053547512630813,0.5563372557283104
2024-11-02 20:00:00,1.0,0.4576128097952873
2024-11-02 21:00:00,0.926444967891479,0.22931082962263377
2024-11-02 22:00:00,0.4117456278898839,0.22086245995986792
2024-11-02 23:00:00,0.0,0.22937298415567295
2024-11-03 00:00:00,0.20937219261262524,0.09853848348288609
2024-11-03 01:00:00,0.1057888254497909,0.2004373459585247
2024-11-03 02:00:00,0.011642401287908208,0.18724303124399339
2024-11-03 03:00:00,0.03370287164564666,0.23402891310177953
2024-11-03 04:00:00,0.06850696468585572,0.19402868411320381
2024-11-03 05:00:00,0.03388393108760597,0.17692847688383712
2024-11-03 06:00:00,0.08499594572944393,0.43514848772005876
2024-11-03 07:00:00,0.0,0.5530970834228364
2024-11-03 08:00:00,0.030565059459914858,0.3554727216203688
2024-11-03 09:00:00,0.0,0.21368784557288148
2024-11-03 10:00:00,0.0,0.22484073761227918
2024-11-03 11:00:00,0.02483787261781388,0.23642944083235096
2024-11-03 12:00:00,0.015921533939142304,0.18291702972868462
2024-11-03 13:00:00,0.0,0.21449485376106503
2024-11-03 14:00:00,0.0,0.13302522286129642
2024-11-03 15:00:00,0.0,0.19140491357865028
2024-11-03 16:00:00,0.0,0.21871209901032596
2024-11-03 17:00:00,0.08054987317168641,0.4569448663761844
2024-11-03 18:00:00,0.6007969718338019,0.5996479190951691
2024-11-03 19:00:00,0.8918747306995286,0.5738693566540183
2024-11-03 20:00:00,0.9737984051885791,0.4704478649176988
2024-11-03 21:00:00,0.8009366940823497,0.1941897306555474
2024-11-03 22:00:00,0.36764764347064105,0.24120972175805072
2024-11-03 23:00:00,0.0,0.14268459640746892
2024-11-04 00:00:00,0.15096610337986704,0.11241611115101233
2024-11-04 01:00:00,0.07534772830986804,0.14389035247645507
2024-11-04 02:00:00,0.08812346393609766,0.18657429728495797
2024-11-04 03:00:00,0.0324543065089153,0.2130202861944508
2024-11-04 04:00:00,0.024102241819514855,0.16530317059547434
2024-11-04 05:00:00,0.0,0.12045211239804483
2024-11-04 06:00:00,0.011523251503794156,0.523034620600017
2024-11-04 07:00:00,0.0037615089059047945,0.6688053866244773
2024-11-04 08:00:00,0.039390382567611015,0.4472415879694811
2024-11-04 09:00:00,0.0,0.16364209861644244
2024-11-04 10:00:00,0.0,0.21207743427534834
2024-11-04 11:00:00,0.0,0.2219173772425254
2024-11-04 12:00:00,0.0,0.19433322785908574
2024-11-04 13:00:00,0.0,0.14218821166410364
2024-11-04 14:00:00,0.0695398083826035,0.22751099799127023
2024-11-04 15:00:00,0.0,0.17390932791978508
2024-11-04 16:00:00,0.0,0.15714069487574553
2024-11-04 17:00:00,0.11583412416996958,0.4584974859386711
2024-11-04 18:00:00,0.6501493292294526,0.5280731387206652
2024-11-04 19:00:00,0.924219359877634,0.5197313578151654
2024-11-04 20:00:00,1.0,0.5025797570805132
2024-11-04 21:00:00,0.8098361527836728,0.2216573620844603
2024-11-04 22:00:00,0.42536321199846905,0.24257167020206968
2024-11-04 23:00:00,0.0,0.22783620082654946
2024-11-05 00:00:00,0.18907364601812637,0.24222437070361585
2024-11-05 01:00:00,0.09254720176194407,0.1183852861731261
2024-11-05 02:00:00,0.08446653420975787,0.160824966082917
2024-11-05 03:00:00,0.06860504368839035,0.19044392049647346
2024-11-05 04:00:00,0.06538055565494577,0.203443403910039
2024-11-05 05:00:00,0.0,0.28024542031917277
2024-11-05 06:00:00,0.0,0.5625504331524798
2024-11-05 07:00:00,0.0,0.47024810369533976
2024-11-05 08:00:00,0.10649447480734607,0.37470012066000385
2024-11-05 09:00:00,0.025986860119232187,0.17655279974940358
2024-11-05 10:00:00,0.0,0.2632744376767681
2024-11-05 11:00:00,0.020548677217518296,0.1680415987757111
2024-11-05 12:00:00,0.05466613187605342,0.07993930241186087
2024-11-05 13:00:00,0.04021820423637691,0.21040206646477777
2024-11-05 14:00:00,0.0592225015660292,0.09847775875667578
2024-11-05 15:00:00,0.034599577021085355,0.19531695033791796
2024-11-05 16:00:00,0.15675365871217609,0.20498965096816923
2024-11-05 17:00:00,0.177383322255374,0.43898621058223036
2024-11-05 18:00:00,0.7427348888105896,0.5496924567900817
2024-11-05 19:00:00,0.8641943853427124,0.5426804034239205
2024-11-05 20:00:00,1.0,0.3990783312008349
2024-11-05 21:00:00,0.747885162747516,0.1989098331349133
2024-11-05 22:00:00,0.4588900163940664,0.12707039034963533
2024-11-05 23:00:00,0.0,0.15525157290301772
2024-11-06 00:00:00,0.20769403158946811,0.2063416309041991
2024-11-06 01:00:00,0.08981639028549433,0.2017010460696925
2024-11-06 02:00:00,0.083243059011161,0.15613222453375347
2024-11-06 03:00:00,0.01849696925214607,0.166043315199804
2024-11-06 04:00:00,0.0949929741328363,0.25225275407356484
2024-11-06 05:00:00,0.060700458686099926,0.21520285143980217
2024-11-06 06:00:00,0.0,0.40103603126584864
2024-11-06 07:00:00,0.009373433374588274,0.5616214312643003
2024-11-06 08:00:00,0.0727074436900356,0.4510893505774979
2024-11-06 09:00:00,0.06756440692372163,0.21041350846246146
2024-11-06 10:00:00,0.0,0.1934755620700945
2024-11-06 11:00:00,0.0,0.17236680863881682
2024-11-06 12:00:00,0.0,0.14587229864422147
2024-11-06 13:00:00,0.0,0.26781077039661577
2024-11-06 14:00:00,0.01689899825802619,0.19782783064443754
2024-11-06 15:00:00,0.0,0.2432103736658242
2024-11-06 16:00:00,0.0,0.1918166598521775
2024-11-06 17:00:00,0.24668336080849698,0.4384359310219005
2024-11-06 18:00:00,0.5644545674937019,0.47187442268417107
2024-11-06 19:00:00,0.8778715846871996,0.6317612349417435
2024-11-06 20:00:00,1.0,0.4955043904406542
2024-11-06 21:00:00,0.7554004454631952,0.2729614168815084
2024-11-06 22:00:00,0.4587593825416788,0.2471211360246951
2024-11-06 23:00:00,0.011829825543714905,0.23155462861159204
2024-11-07 00:00:00,0.20870772152148198,0.18433864809216727
2024-11-07 01:00:00,0.0954394265913132,0.21498365188205024
2024-11-07 02:00:00,0.0960012898781375,0.2535638487606842
2024-11-07 03:00:00,0.02226383685155557,0.2353322741468089
2024-11-07 04:00:00,0.08805296180687161,0.27974922967876237
2024-11-07 05:00:00,0.015341927853497583,0.11506879549888083
2024-11-07 06:00:00,0.006042852492684989,0.5585560671774368
2024-11-07 07:00:00,0.040387490298273716,0.6261832757101385
2024-11-07 08:00:00,0.0,0.44275644895918864
2024-11-07 09:00:00,0.01892824384927208,0.18781831266214233
2024-11-07 10:00:00,0.06558112979542217,0.23417802165536972
2024-11-07 11:00:00,0.0,0.2346213527848735
2024-11-07 12:00:00,0.15447589389690555,0.20773466352504955
2024-11-07 13:00:00,0.038170515881985174,0.14799459483982183
2024-11-07 14:00:00,0.03083175131021105,0.19536016183688826
2024-11-07 15:00:00,0.058819692841259874,0.25046032488430553
2024-11-07 16:00:00,0.0,0.22527539956447937
2024-11-07 17:00:00,0.20217820273621134,0.39751276298415894
2024-11-07 18:00:00,0.5784242582161456,0.6048673942160753
2024-11-07 19:00:00,0.9851040560696389,0.6046516316494093
2024-11-07 20:00:00,0.9907979142215517,0.4619205235463352
2024-11-07 21:00:00,0.7195392286538221,0.19586049682786974
2024-11-07 22:00:00,0.420279358020086,0.1236577297984571
2024-11-07 23:00:00,0.0,0.07940089111730533
2024-11-08 00:00:00,0.20882059085708538,0.13635574795544358
2024-11-08 01:00:00,0.006062009788344425,0.18349289712995903
2024-11-08 02:00:00,0.09095616488957628,0.23729763107020807
2024-11-08 03:00:00,0.11452555401702576,0.13047882166725372
2024-11-08 04:00:00,0.05992912417805228,0.20148469869109562
2024-11-08 05:00:00,0.08823153382020821,0.25515985002511316
2024-11-08 06:00:00,0.12398568675807897,0.42778106133488014
2024-11-08 07:00:00,0.012711362884748476,0.6422912612240015
2024-11-08 08:00:00,0.0,0.4966899937997602
2024-11-08 09:00:00,0.04315518412105147,0.22881476983781088
2024-11-08 10:00:00,0.06944666561556592,0.20439834924003433
2024-11-08 11:00:00,0.006171150683894973,0.1914009622003815
2024-11-08 12:00:00,0.06927054426263302,0.23013253018588287
2024-11-08 13:00:00,0.019148436502807446,0.2407884029134031
2024-11-08 14:00:00,0.0,0.26137879713198997
2024-11-08 15:00:00,0.02323941384023885,0.15684140187568374
2024-11-08 16:00:00,0.000975440000630342,0.20218342978483408
2024-11-08 17:00:00,0.19421402364706924,0.45652484004570354
2024-11-08 18:00:00,0.6707397655916079,0.542091296016884
2024-11-08 19:00:00,0.8463602319816577,0.6594821142499555
2024-11-08 20:00:00,1.0,0.5151153900839296
2024-11-08 21:00:00,0.6998260948909648,0.18272863830043531
2024-11-08 22:00:00,0.4292360155489225,0.25265073746097455
2024-11-08 23:00:00,0.0,0.24515819108174025
2024-11-09 00:00:00,0.2053465948252003,0.268392970137701
2024-11-09 01:00:00,0.07973746862509326,0.2273762548126391
2024-11-09 02:00:00,0.1429721350828258,0.31594350519961356
2024-11-09 03:00:00,0.009147832369831459,0.2876122700858577
2024-11-09 04:00:00,0.0019274593455207295,0.23490913127341106
2024-11-09 05:00:00,0.0010096178615278811,0.13136669176631843
2024-11-09 06:00:00,0.0,0.4776927598962723
2024-11-09 07:00:00,0.0755894312174689,0.7140728814902693
2024-11-09 08:00:00,0.027328665549468553,0.40994466424709297
2024-11-09 09:00:00,0.006571329410257872,0.1410137200174283
2024-11-09 10:00:00,0.0627832492720987,0.18092886401365108
2024-11-09 11:00:00,0.0,0.1866375533633921
2024-11-09 12:00:00,0.045930827288419684,0.11625640705380724
2024-11-09 13:00:00,0.0,0.15560695452354695
2024-11-09 14:00:00,0.05773243947021295,0.2667202742602693
2024-11-09 15:00:00,0.024470060988228248,0.14169116517014652
2024-11-09 16:00:00,0.0304937505925321,0.20183238977873727
2024-11-09 17:00:00,0.09189671794160625,0.4479338629807674
2024-11-09 18:00:00,0.6024637572466022,0.5265068067386237
2024-11-09 19:00:00,0.9181367848369164,0.7153410415345371
2024-11-09 20:00:00,1.0,0.5287489185266898
2024-11-09 21:00:00,0.8305016262292891,0.25451090894608175
2024-11-09 22:00:00,0.37032767589913373,0.1709331608574013
2024-11-09 23:00:00,0.0,0.20270982167936838
2024-11-10 00:00:00,0.12727156232507347,0.17681402744533872
2024-11-10 01:00:00,0.05725440380920996,0.22495143098154158
2024-11-10 02:00:00,0.10090719436603177,0.15895411655432704
2024-11-10 03:00:00,0.10008072796265575,0.27428792981442157
2024-11-10 04:00:00,0.05884242978836334,0.3055384564321566
2024-11-10 05:00:00,0.0,0.25592550057096736
2024-11-10 06:00:00,0.0,0.5779960963944567
2024-11-10 07:00:00,0.0,0.6363604054957939
2024-11-10 08:00:00,0.0,0.4429645072989522
2024-11-10 09:00:00,0.0,0.26347669606570606
2024-11-10 10:00:00,0.0,0.15372770686671255
2024-11-10 11:00:00,0.02724298077760666,0.270500585633189
2024-11-10 12:00:00,0.0,0.21829841770062014
2024-11-10 13:00:00,0.0,0.18019994274728193
2024-11-10 14:00:00,0.0,0.25306261877209807
2024-11-10 15:00:00,0.0,0.192220451037433
2024-11-10 16:00:00,0.01330236583564577,0.1543782910861962
2024-11-10 17:00:00,0.21821410858204837,0.46569005513509554
2024-11-10 18:00:00,0.6228553040721792,0.5390075847184229
2024-11-10 19:00:00,0.9165698341350809,0.6248770879880777
2024-11-10 20:00:00,0.9382506495834381,0.47309301465524994
2024-11-10 21:00:00,0.7931545270970285,0.18113358048921496
2024-11-10 22:00:00,0.428278672652757,0.22033434173466734
2024-11-10 23:00:00,0.05200804988814598,0.2052163474178726
2024-11-11 00:00:00,0.25368093193047075,0.2853458137793848
2024-11-11 01:00:00,0.05202256462378176,0.20437211608401504
2024-11-11 02:00:00,0.1750446540796358,0.08519198411037332
2024-11-11 03:00:00,0.06603575322701044,0.09334704572068912
2024-11-11 04:00:00,0.0,0.21234168423945135
2024-11-11 05:00:00,0.06472878445470964,0.2607036700990188
2024-11-11 06:00:00,0.07887489856415887,0.5083801775169032
2024-11-11 07:00:00,0.0010147192029663717,0.7506224684205598
2024-11-11 08:00:00,0.02392895731377532,0.46711949574667627
2024-11-11 09:00:00,0.0,0.24862708932093003
2024-11-11 10:00:00,0.0021327396962945093,0.14017014197146221
2024-11-11 11:00:00,0.0,0.3111298845582233
2024-11-11 12:00:00,0.0,0.18261455058495485
2024-11-11 13:00:00,0.0,0.15638733283544226
2024-11-11 14:00:00,0.040440642285749284,0.28343409395040353
2024-11-11 15:00:00,0.0,0.2562386985069534
2024-11-11 16:00:00,0.032171383229556115,0.143392517789671
2024-11-11 17:00:00,0.2357192399300465,0.36052135457708195
2024-11-11 18:00:00,0.6424293783046562,0.6090200012494204
2024-11-11 19:00:00,0.9691073948082479,0.5883298763162917
2024-11-11 20:00:00,1.0,0.45279443793300367
2024-11-11 21:00:00,0.8383856687888455,0.2057334380490508
2024-11-11 22:00:00,0.44715900711246015,0.21637894028979462
2024-11-11 23:00:00,0.0,0.2891472033735508
2024-11-12 00:00:00,0.2394736604587845,0.22338706097706706
2024-11-12 01:00:00,0.11279596922478591,0.18338607946694688
2024-11-12 02:00:00,0.10799275733764899,0.18858644174554512
2024-11-12 03:00:00,0.0,0.271097992576976
2024-11-12 04:00:00,0.06243637593751348,0.1726861876496358
2024-11-12 05:00:00,0.0,0.28306027150094015
2024-11-12 06:00:00,0.0,0.6039786210634526
2024-11-12 07:00:00,0.0,0.6196116425925314
2024-11-12 08:00:00,0.03133104988422524,0.46873010981518204
2024-11-12 09:00:00,0.007415514108632343,0.24213301798032866
2024-11-12 10:00:00,0.009423253338281654,0.16861074641705648
2024-11-12 11:00:00,0.05182537837710658,0.1887870128366956
2024-11-12 12:00:00,0.0,0.3169587088951742
2024-11-12 13:00:00,0.0,0.19193741769226402
2024-11-12 14:00:00,0.009827207155329871,0.21535460231679246
2024-11-12 15:00:00,0.0,0.16951842311383414
2024-11-12 16:00:00,0.03398798746846671,0.18948296399278047
2024-11-12 17:00:00,0.16630328081416984,0.3893955270957433
2024-11-12 18:00:00,0.6383593590490019,0.5565389956371135
2024-11-12 19:00:00,0.9090290720469855,0.6659674860131669
2024-11-12 20:00:00,1.0,0.486933891188531
2024-11-12 21:00:00,0.7012681359493145,0.21084416342838577
2024-11-12 22:00:00,0.33632064195424655,0.23965570811774065
2024-11-12 23:00:00,0.019209433941568693,0.23437608029395415
2024-11-13 00:00:00,0.1403172560801641,0.2153910651763558
2024-11-13 01:00:00,0.043516645980709194,0.2177637933455214
2024-11-13 02:00:00,0.11439393134494924,0.21790698615365722
2024-11-13 03:00:00,0.06294606977049284,0.30434450380651434
2024-11-13 04:00:00,0.038299454681587124,0.24269791336841365
2024-11-13 05:00:00,0.09575362328117003,0.20861352597925156
2024-11-13 06:00:00,0.013649264785129823,0.4714253982249573
2024-11-13 07:00:00,0.015776847078983535,0.6249953677500489
2024-11-13 08:00:00,0.035492820263054455,0.41992205006746225
2024-11-13 09:00:00,0.07732727179762931,0.146510714633129
2024-11-13 10:00:00,0.0,0.22612649219823147
2024-11-13 11:00:00,0.0512031374999393,0.21642821811441837
2024-11-13 12:00:00,0.0,0.2343709128651385
2024-11-13 13:00:00,0.01825843833950484,0.277233031880174
2024-11-13 14:00:00,0.020416792472445027,0.21361785710460954
2024-11-13 15:00:00,0.0044462632666360385,0.20712794801277956
2024-11-13 16:00:00,0.0031263712831368926,0.19791469485393776
2024-11-13 17:00:00,0.19418686515784833,0.45560664767867215
2024-11-13 18:00:00,0.5576022144008214,0.5777288323684255
2024-11-13 19:00:00,0.8766403639238984,0.6757974184050559
2024-11-13 20:00:00,1.0,0.6698696309593939
2024-11-13 21:00:00,0.8091755417574924,0.2787410010674659
2024-11-13 22:00:00,0.3635523891532481,0.243359258277292
2024-11-13 23:00:00,0.013472095389281563,0.28899613087821036
2024-11-14 00:00:00,0.23747087012490034,0.19067156409925942
2024-11-14 01:00:00,0.07082538349786456,0.26643357495173303
2024-11-14 02:00:00,0.0,0.16668273768431313
2024-11-14 03:00:00,0.05089319905740118,0.3070756486654093
2024-11-14 04:00:00,0.08519840765178222,0.296816946345149
2024-11-14 05:00:00,0.07523120436498835,0.28318395379032546
2024-11-14 06:00:00,0.04893933458602969,0.41654494366761863
2024-11-14 07:00:00,0.04578101946923449,0.6841122359408813
2024-11-14 08:00:00,0.0,0.4508094562491103
2024-11-14 09:00:00,0.013035083767375447,0.14212762909490853
2024-11-14 10:00:00,0.016015476577351268,0.22399345733696086
2024-11-14 11:00:00,0.0,0.183507669474452
2024-11-14 12:00:00,0.1082374724412497,0.189506315723011
2024-11-14 13:00:00,0.020399852004321317,0.2358213425200888
2024-11-14 14:00:00,0.028782867795265107,0.27506560455211143
2024-11-14 15:00:00,0.0,0.3082796677404982
2024-11-14 16:00:00,0.0,0.1703200479794994
2024-11-14 17:00:00,0.24888095011113193,0.37689290502119044
2024-11-14 18:00:00,0.6000628198256656,0.6435253853744508
2024-11-14 19:00:00,0.8071450665690932,0.7076852091118607
2024-11-14 20:00:00,0.9516869169478933,0.604886143498617
2024-11-14 21:00:00,0.7249040920022025,0.23877812910956756
2024-11-14 22:00:00,0.4386765304418177,0.25591754511344944
2024-11-14 23:00:00,0.008833907487696887,0.2341846634061277
2024-11-15 00:00:00,0.1858301572689285,0.17681280239957312
2024-11-15 01:00:00,0.0,0.30394792776721224
2024-11-15 02:00:00,0.07643805473215798,0.19449026458238255
2024-11-15 03:00:00,0.01960227546752324,0.19953991797576992
2024-11-15 04:00:00,0.09730664171974243,0.21553964361909367
2024-11-15 05:00:00,0.1314469653872577,0.26868976994806293
2024-11-15 06:00:00,0.05980247624383961,0.4987590027269397
2024-11-15 07:00:00,0.0,0.7519034541338189
2024-11-15 08:00:00,0.08024983532866851,0.4689472135488332
2024-11-15 09:00:00,0.0,0.24083674186319762
2024-11-15 10:00:00,0.0,0.21301473784446298
2024-11-15 11:00:00,0.0497572587442032,0.1661688058611187
2024-11-15 12:00:00,0.038344436038108456,0.21022210577704775
2024-11-15 13:00:00,0.007022302686101763,0.2924978574259435
2024-11-15 14:00:00,0.005803123460529028,0.19072500144146645
2024-11-15 15:00:00,0.17367437831107402,0.24780162371733563
2024-11-15 16:00:00,0.0,0.1858741067019984
2024-11-15 17:00:00,0.21783938980588674,0.40511692081789896
2024-11-15 18:00:00,0.5969207750144407,0.55969960828924
2024-11-15 19:00:00,0.9003562218801512,0.7190417440450632
2024-11-15 20:00:00,1.0,0.570905186013596
2024-11-15 21:00:00,0.8073452517852834,0.15128755221576082
2024-11-15 22:00:00,0.43117637841958845,0.18252688904989436
2024-11-15 23:00:00,0.018835950794239713,0.17347760850026916
2024-11-16 00:00:00,0.21363784985348283,0.20009009013981918
2024-11-16 01:00:00,0.08958408382720243,0.23404623558038645
2024-11-16 02:00:00,0.07805514110011903,0.16059659994409758
2024-11-16 03:00:00,0.04188778727254495,0.2926126662814005
2024-11-16 04:00:00,0.0,0.25815706730871285
2024-11-16 05:00:00,0.09783727320196625,0.2099206162454578
2024-11-16 06:00:00,0.0,0.5180505810294198
2024-11-16 07:00:00,0.04983438340174888,0.6527591420419261
2024-11-16 08:00:00,0.0,0.4393026955342251
2024-11-16 09:00:00,0.0,0.31521001941514093
2024-11-16 10:00:00,0.0,0.26248563170618133
2024-11-16 11:00:00,0.0,0.1663192446882149
2024-11-16 12:00:00,0.0,0.27009382089305844
2024-11-16 13:00:00,0.0,0.2619631462719021
2024-11-16 14:00:00,0.0,0.24539772355027334
2024-11-16 15:00:00,0.0,0.24380124261153632
2024-11-16 16:00:00,0.0,0.28458641183755057
2024-11-16 17:00:00,0.1729918520570442,0.4232589215245049
2024-11-16 18:00:00,0.5928235187416778,0.6034090511160037
2024-11-16 19:00:00,0.9440192266662774,0.7046211527167572
2024-11-16 20:00:00,1.0,0.44782058621297405
2024-11-16 21:00:00,0.8994726583955377,0.17455861062740408
2024-11-16 22:00:00,0.45922458807918837,0.2979412610900202
2024-11-16 23:00:00,0.0,0.24193672102388727
2024-11-17 00:00:00,0.18694486326080642,0.3036758736173137
2024-11-17 01:00:00,0.06698726573897656,0.2248580448855396
2024-11-17 02:00:00,0.11328538053466174,0.17584500283212168
2024-11-17 03:00:00,0.12121406753242246,0.18992260840477276
2024-11-17 04:00:00,0.0858929035722187,0.3122972349465124
2024-11-17 05:00:00,0.0,0.3124191927696546
2024-11-17 06:00:00,0.03854257939514755,0.5972510890125404
2024-11-17 07:00:00,0.0030949036655183206,0.6146691159775182
2024-11-17 08:00:00,0.0,0.45306558542952546
2024-11-17 09:00:00,0.0,0.2948372281871337
2024-11-17 10:00:00,0.0,0.22639458267721044
2024-11-17 11:00:00,0.1678863234333284,0.15532540110249543
2024-11-17 12:00:00,0.0,0.27534886767951533
2024-11-17 13:00:00,0.0,0.2312145804157602
2024-11-17 14:00:00,0.06269668375788072,0.18900567549254732
2024-11-17 15:00:00,0.0,0.22856662088860408
2024-11-17 16:00:00,0.0,0.20856358040964185
2024-11-17 17:00:00,0.21890507070951637,0.39003510106864453
2024-11-17 18:00:00,0.6359110727472504,0.6654943699338551
2024-11-17 19:00:00,0.8710160711891681,0.6959690523044914
2024-11-17 20:00:00,1.0,0.614348471369244
2024-11-17 21:00:00,0.8151547142683704,0.12002571283401739
2024-11-17 22:00:00,0.45114824569818296,0.29441308540816324
2024-11-17 23:00:00,0.007982700504234101,0.20464922181547668
2024-11-18 00:00:00,0.2054654322104459,0.250534780431676
2024-11-18 01:00:00,0.10452859226684248,0.2331525388601346
2024-11-18 02:00:00,0.12772254661282256,0.22955119499295348
2024-11-18 03:00:00,0.06613384565281233,0.22297494127399942
2024-11-18 04:00:00,0.028918137133031326,0.1568283853633345
2024-11-18 05:00:00,0.07612344763269507,0.26110584564619
2024-11-18 06:00:00,0.036886588672354656,0.5028453259422812
2024-11-18 07:00:00,0.0,0.6747526288263402
2024-11-18 08:00:00,0.0,0.4735483971549162
2024-11-18 09:00:00,0.0,0.2382789080813944
2024-11-18 10:00:00,0.09560093035872275,0.14693684538258078
2024-11-18 11:00:00,0.0,0.19430850822903947
2024-11-18 12:00:00,0.005272841236808162,0.16865555621594155
2024-11-18 13:00:00,0.0,0.21923221484433
2024-11-18 14:00:00,0.0,0.22635875054369825
2024-11-18 15:00:00,0.03928715927527646,0.1859194582111154
2024-11-18 16:00:00,0.005832342494967647,0.24951400138263835
2024-11-18 17:00:00,0.261541729830237,0.4312816460152602
2024-11-18 18:00:00,0.5936575406466092,0.5878838986787526
2024-11-18 19:00:00,0.8777764448937708,0.5828401252577962
2024-11-18 20:00:00,0.9816362876468733,0.6589835905033871
2024-11-18 21:00:00,0.779603302685078,0.2771772776170531
2024-11-18 22:00:00,0.4572808352000152,0.34216212087320064
2024-11-18 23:00:00,0.0,0.21646951722567184
2024-11-19 00:00:00,0.19498726038120118,0.2306789750776259
2024-11-19 01:00:00,0.09738863876687241,0.1655574670198286
2024-11-19 02:00:00,0.13555820292780116,0.26285505005997234
2024-11-19 03:00:00,0.11718334398641095,0.23967239616518035
2024-11-19 04:00:00,0.05452110516490792,0.21676148485147279
2024-11-19 05:00:00,0.0017708016179304592,0.29560545447980924
2024-11-19 06:00:00,0.04755089721051558,0.5352569810618756
2024-11-19 07:00:00,0.0,0.7234868131648157
2024-11-19 08:00:00,0.0,0.5061527848313713
2024-11-19 09:00:00,0.0,0.2724219971454781
2024-11-19 10:00:00,0.026847934798965703,0.24156230593143452
2024-11-19 11:00:00,0.0,0.20214334206852755
2024-11-19 12:00:00,0.0,0.3109350930892665
2024-11-19 13:00:00,0.027680836207147765,0.10645807968797208
2024-11-19 14:00:00,0.0,0.3257742402167401
2024-11-19 15:00:00,0.0,0.3166964998506595
2024-11-19 16:00:00,0.0639491198398255,0.22393962364545844
2024-11-19 17:00:00,0.12255338100463803,0.4784555297758955
2024-11-19 18:00:00,0.6215305416922777,0.5700951583920255
2024-11-19 19:00:00,0.9120916325619483,0.6510543075847175
2024-11-19 20:00:00,1.0,0.5445117641833853
2024-11-19 21:00:00,0.8456511625538574,0.17910666335516282
2024-11-19 22:00:00,0.36553979612595444,0.23481610382360132
2024-11-19 23:00:00,0.07249793698829277,0.21395546670230992
2024-11-20 00:00:00,0.16360490626619356,0.3325514172111489
2024-11-20 01:00:00,0.0945736559222671,0.28306961086536636
2024-11-20 02:00:00,0.0927227184613343,0.2953278294030393
2024-11-20 03:00:00,0.015999996635627768,0.18488339770360168
2024-11-20 04:00:00,0.0297451632887542,0.19456287484767693
2024-11-20 05:00:00,0.1324328390066572,0.27440633915297274
2024-11-20 06:00:00,0.0,0.5621236461113985
2024-11-20 07:00:00,0.0,0.7194832144895198
2024-11-20 08:00:00,0.051005268270724324,0.5052865704024677
2024-11-20 09:00:00,0.045561254817340406,0.24533742650274817
2024-11-20 10:00:00,0.0098571345590168,0.3139107956731
2024-11-20 11:00:00,0.0,0.2502962749628078
2024-11-20 12:00:00,0.027449183816429634,0.2513882044873446
2024-11-20 13:00:00,0.048441065242572204,0.321595282223018
2024-11-20 14:00:00,0.0,0.19289782335200212
2024-11-20 15:00:00,0.0,0.2780232611039647
2024-11-20 16:00:00,0.0,0.2556276174590223
2024-11-20 17:00:00,0.28691429549200564,0.46802028853848826
2024-11-20 18:00:00,0.540669213661051,0.6366224693842112
2024-11-20 19:00:00,0.8903512824094985,0.710696937855758
2024-11-20 20:00:00,1.0,0.6610401769907092
2024-11-20 21:00:00,0.7410808643624391,0.20189509892824883
2024-11-20 22:00:00,0.40281067926448993,0.26183876015749036
2024-11-20 23:00:00,0.04548836455693488,0.17501331699467343
2024-11-21 00:00:00,0.03718710076587334,0.2385925639641836
2024-11-21 01:00:00,0.13239981399254175,0.16061973557256737
2024-11-21 02:00:00,0.2284206128037065,0.3143548278502797
2024-11-21 03:00:00,0.06142025359047692,0.23121181274956884
2024-11-21 04:00:00,0.05360778364362561,0.20179788048848804
2024-11-21 05:00:00,0.0,0.25620855075637716
2024-11-21 06:00:00,0.0,0.5322779069158481
2024-11-21 07:00:00,0.12270988347345382,0.8731875563466718
2024-11-21 08:00:00,0.0,0.4432374324248741
2024-11-21 09:00:00,0.0,0.26915918801448846
2024-11-21 10:00:00,0.0,0.2419877058813196
2024-11-21 11:00:00,0.11067532679483405,0.27477877506532433
2024-11-21 12:00:00,0.0,0.26099357448836047
2024-11-21 13:00:00,0.0,0.19913823035962727
2024-11-21 14:00:00,0.023673114764271513,0.24097965326428822
2024-11-21 15:00:00,0.0,0.26441802614433163
2024-11-21 16:00:00,0.045103588657306404,0.3134019340971628
2024-11-21 17:00:00,0.20208574214012734,0.4489132367155591
2024-11-21 18:00:00,0.5366374683622381,0.5925594812625763
2024-11-21 19:00:00,0.8811853348007314,0.80018730478489
2024-11-21 20:00:00,1.0,0.47781835752826457
2024-11-21 21:00:00,0.7887214051496647,0.31240853445111316
2024-11-21 22:00:00,0.3768755062006532,0.2591599067315846
2024-11-21 23:00:00,0.0172450867129639,0.3186132592869204
2024-11-22 00:00:00,0.2250453846067846,0.21429184406914592
2024-11-22 01:00:00,0.1500306421434871,0.1255503548723541
2024-11-22 02:00:00,0.17632387796312965,0.26525824926940444
2024-11-22 03:00:00,0.06537965854811735,0.24189812843253705
2024-11-22 04:00:00,0.05397775140907812,0.22016892121324713
2024-11-22 05:00:00,0.05153140565040075,0.24887998055908614
2024-11-22 06:00:00,0.0,0.6308512152309086
2024-11-22 07:00:00,0.06311011308911661,0.7460147936555244
2024-11-22 08:00:00,0.0,0.5002237632808929
2024-11-22 09:00:00,0.04361982345934823,0.24870249894118274
2024-11-22 10:00:00,0.012948841804297407,0.18974414521203198
2024-11-22 11:00:00,0.0,0.23230652159871365
2024-11-22 12:00:00,0.07521954102059458,0.19847310256652564
2024-11-22 13:00:00,0.0,0.26408254026834876
2024-11-22 14:00:00,0.03543815426320385,0.28387044136114786
2024-11-22 15:00:00,0.0,0.1997639881124728
2024-11-22 16:00:00,0.04866995667795888,0.24775728452557313
2024-11-22 17:00:00,0.22746433654012432,0.5695462232160967
2024-11-22 18:00:00,0.6177108908028479,0.6991739395480908
2024-11-22 19:00:00,0.9553948435757854,0.6522195786054374
2024-11-22 20:00:00,1.0,0.5489537892544549
2024-11-22 21:00:00,0.763866799792429,0.23503612513017993
2024-11-22 22:00:00,0.4551796517820853,0.21037701654784238
2024-11-22 23:00:00,0.0,0.2430475316834427
2024-11-23 00:00:00,0.1697157231095286,0.3330968958849803
2024-11-23 01:00:00,0.17000732584419057,0.23111659932218892
2024-11-23 02:00:00,0.07529934380250958,0.205050562856047
2024-11-23 03:00:00,0.05677000876552079,0.24552933797548698
2024-11-23 04:00:00,0.09003885035219142,0.3668218168418049
2024-11-23 05:00:00,0.015815099813313242,0.2715536332914392
2024-11-23 06:00:00,0.0,0.6367915273822735
2024-11-23 07:00:00,0.03594972827761292,0.6288867687147166
2024-11-23 08:00:00,0.0,0.499030894395134
2024-11-23 09:00:00,0.04706073059699082,0.21990363488642245
2024-11-23 10:00:00,0.07850394673341016,0.25189029528522977
2024-11-23 11:00:00,0.0,0.18962340568079636
2024-11-23 12:00:00,0.0001667704650697144,0.244770625801013
2024-11-23 13:00:00,0.0,0.135413077872291
2024-11-23 14:00:00,0.004945609188027134,0.3487344362048411
2024-11-23 15:00:00,0.04258335828654332,0.16649033919947626
2024-11-23 16:00:00,0.0,0.20396715020254336
2024-11-23 17:00:00,0.16849775096358094,0.5139458359210407
2024-11-23 18:00:00,0.6247629316629253,0.7616552960779824
2024-11-23 19:00:00,0.9267601075892078,0.6861510631126558
2024-11-23 20:00:00,0.9993144977292175,0.5568118584211137
2024-11-23 21:00:00,0.7490242260663555,0.30481642091192485
2024-11-23 22:00:00,0.38230223449437295,0.26767180138159447
2024-11-23 23:00:00,0.0,0.261934508122174
2024-11-24 00:00:00,0.1924757590346285,0.2161236480596009
2024-11-24 01:00:00,0.24781802867310668,0.15782968128725752
2024-11-24 02:00:00,0.01042189698625054,0.18973782005580947
2024-11-24 03:00:00,0.06446200357241211,0.16619025394207199
2024-11-24 04:00:00,0.09348899596146322,0.1994834571953893
2024-11-24 05:00:00,0.06491202800799689,0.28259203117281667
2024-11-24 06:00:00,0.05231966432038512,0.4844449924066269
2024-11-24 07:00:00,0.039997392759300504,0.7981790833383218
2024-11-24 08:00:00,0.06553138426272896,0.5062089602391332
2024-11-24 09:00:00,0.0,0.329452789831507
2024-11-24 10:00:00,0.08704126966055721,0.2715785702105209
2024-11-24 11:00:00,0.045900631033828763,0.24547021546182665
2024-11-24 12:00:00,0.015885396053118506,0.27089404161905317
2024-11-24 13:00:00,0.0,0.30432870603755124
2024-11-24 14:00:00,0.09482137743507599,0.23731729982697541
2024-11-24 15:00:00,0.009037461333823032,0.20646611003319493
2024-11-24 16:00:00,0.04843176742330765,0.15741201591309673
2024-11-24 17:00:00,0.0747328507742531,0.3953168140219157
2024-11-24 18:00:00,0.6356811371100985,0.6445627669834183
2024-11-24 19:00:00,0.9027637263951844,0.7229416491920204
2024-11-24 20:00:00,0.9684745426443606,0.5407549204652529
2024-11-24 21:00:00,0.901058102224949,0.2840532899184859
2024-11-24 22:00:00,0.47297095635618835,0.3216261746292784
2024-11-24 23:00:00,0.0,0.215008340633355
2024-11-25 00:00:00,0.17022902551503083,0.32966224643852704
2024-11-25 01:00:00,0.16313938488187135,0.2604439816050702
2024-11-25 02:00:00,0.1257906434250685,0.2423670199625342
2024-11-25 03:00:00,0.027757411971384528,0.25773653953767184
2024-11-25 04:00:00,0.0,0.2434703465160046
2024-11-25 05:00:00,0.03356419199228426,0.2640686965879187
2024-11-25 06:00:00,0.08612371773225576,0.44347949522348373
2024-11-25 07:00:00,0.013447800942316053,0.7076317798115914
2024-11-25 08:00:00,0.0,0.42195662190570815
2024-11-25 09:00:00,0.0,0.23713495813408164
2024-11-25 10:00:00,0.0,0.1670852041015969
2024-11-25 11:00:00,0.0,0.21487384066513932
2024-11-25 12:00:00,0.0476045730676343,0.2662904269427424
2024-11-25 13:00:00,0.029129741644013503,0.24207303068122002
2024-11-25 14:00:00,0.031199499850207507,0.22400495383844152
2024-11-25 15:00:00,0.05796271537867004,0.18084041411358562
2024-11-25 16:00:00,0.02259906999643445,0.2487578737557334
2024-11-25 17:00:00,0.12119999383574243,0.3878415867881054
2024-11-25 18:00:00,0.6427187561844749,0.74658324348682
2024-11-25 19:00:00,0.9208194167338906,0.7809354826885493
2024-11-25 20:00:00,0.9648275439541983,0.5031816338430125
2024-11-25 21:00:00,0.8527656925164105,0.2324769532079045
2024-11-25 22:00:00,0.45759308387624,0.20843035146470826
2024-11-25 23:00:00,0.0,0.2921876713994267
2024-11-26 00:00:00,0.1960385596915578,0.23369183188176995
2024-11-26 01:00:00,0.1754561441271375,0.25081075682609005
2024-11-26 02:00:00,0.08123405864888031,0.33710873444691425
2024-11-26 03:00:00,0.029631872151279538,0.23446423103855046
2024-11-26 04:00:00,0.033309960346484896,0.3164169386487923
2024-11-26 05:00:00,0.05241202448689865,0.20903055517209193
2024-11-26 06:00:00,0.0588825824688958,0.5805877254806302
2024-11-26 07:00:00,0.014206943370693052,0.7383445393093809
2024-11-26 08:00:00,0.06005417807469461,0.5039461705347951
2024-11-26 09:00:00,0.004253147177565303,0.2586726714462762
2024-11-26 10:00:00,0.0,0.27677097285241575
2024-11-26 11:00:00,0.0,0.17090850462298002
2024-11-26 12:00:00,0.0691215011122663,0.33882506788286615
2024-11-26 13:00:00,0.05584536250776173,0.2762079980861733
2024-11-26 14:00:00,0.029801278476855566,0.24010473818277353
2024-11-26 15:00:00,0.0008165157268382661,0.3488238781508627
2024-11-26 16:00:00,0.0,0.21968246750546105
2024-11-26 17:00:00,0.2573906648701611,0.5246222744130208
2024-11-26 18:00:00,0.5926035042087816,0.5916644463667889
2024-11-26 19:00:00,0.7995257828150673,0.6669314155638302
2024-11-26 20:00:00,0.9723948261266463,0.6401283261529097
2024-11-26 21:00:00,0.785843620498742,0.29615531409161466
2024-11-26 22:00:00,0.5239566398080289,0.14849137521856398
2024-11-26 23:00:00,0.022126935229384085,0.32002959003736053
2024-11-27 00:00:00,0.22236699044972255,0.22444798893411666
2024-11-27 01:00:00,0.1459455511395629,0.23704833007007192
2024-11-27 02:00:00,0.10438465795914102,0.34631856549282614
2024-11-27 03:00:00,0.0010143566733997397,0.31087751355056426
2024-11-27 04:00:00,0.012669068729415749,0.2501228137834892
2024-11-27 05:00:00,0.053858863431545924,0.25093515073028627
2024-11-27 06:00:00,0.06720376964723139,0.5286891083892914
2024-11-27 07:00:00,0.0,0.7306266465213154
2024-11-27 08:00:00,0.0,0.4892974996094272
2024-11-27 09:00:00,0.0,0.2404678392622107
2024-11-27 10:00:00,0.07329519995644489,0.377352015485709
2024-11-27 11:00:00,0.0,0.14284020987263868
2024-11-27 12:00:00,0.02710897090043382,0.17676360867245866
2024-11-27 13:00:00,0.0,0.3342450522955623
2024-11-27 14:00:00,0.0,0.32657227528976945
2024-11-27 15:00:00,0.0,0.2108815875707767
2024-11-27 16:00:00,0.0,0.23583753372674812
2024-11-27 17:00:00,0.19943913631279114,0.4958255327386189
2024-11-27 18:00:00,0.5564431590322861,0.6395939964890475
2024-11-27 19:00:00,0.798414666323234,0.7242119379675054
2024-11-27 20:00:00,0.9535069548973553,0.529135838860488
2024-11-27 21:00:00,0.755144963650449,0.20600234103552773
2024-11-27 22:00:00,0.42038588788172593,0.23853984691655497
2024-11-27 23:00:00,0.0,0.17621160408550957
2024-11-28 00:00:00,0.22977181788780796,0.22688909574344673
2024-11-28 01:00:00,0.09085785184643072,0.30142296942007496
2024-11-28 02:00:00,0.1949352661606695,0.25800331022383133
2024-11-28 03:00:00,0.030700349719323727,0.305147098669445
2024-11-28 04:00:00,0.0,0.355544385065004
2024-11-28 05:00:00,0.06214743535140072,0.16737878953883656
2024-11-28 06:00:00,0.0,0.5534366333159418
2024-11-28 07:00:00,0.0,0.7267179700350571
2024-11-28 08:00:00,0.0,0.4562502077695861
2024-11-28 09:00:00,0.06832463283145665,0.286129676176756
2024-11-28 10:00:00,0.0,0.19725885427019577
2024-11-28 11:00:00,0.04563606799921494,0.21094228065149934
2024-11-28 12:00:00,0.0,0.257073102047567
2024-11-28 13:00:00,0.05289226012360311,0.24455362099219363
2024-11-28 14:00:00,0.005635066201856848,0.20858494591533927
2024-11-28 15:00:00,0.0,0.18605424436622778
2024-11-28 16:00:00,0.07373730546396717,0.16716476003634953
2024-11-28 17:00:00,0.16184186691151853,0.5422257844268582
2024-11-28 18:00:00,0.5799356409405674,0.6251576996737422
2024-11-28 19:00:00,0.892848279923673,0.7203237848119269
2024-11-28 20:00:00,0.9330045520913315,0.5387913948575161
2024-11-28 21:00:00,0.7994079525896702,0.2833494038729261
2024-11-28 22:00:00,0.4864879204867759,0.3413037338392382
2024-11-28 23:00:00,0.027443739512254935,0.3061206527456394
2024-11-29 00:00:00,0.2615448819265424,0.28448805209045175
2024-11-29 01:00:00,0.10993002083386907,0.2442284029318182
2024-11-29 02:00:00,0.12006748995022547,0.2985436690514109
2024-11-29 03:00:00,0.026547509854968503,0.35236689804879107
2024-11-29 04:00:00,0.08921976373555837,0.298912883914307
2024-11-29 05:00:00,0.03619655109883752,0.2976082421461788
2024-11-29 06:00:00,0.0,0.602734101681614
2024-11-29 07:00:00,0.007262561012255864,0.7285593638855586
2024-11-29 08:00:00,0.0,0.45021314698135684
2024-11-29 09:00:00,0.006057629816972434,0.21825181452375172
2024-11-29 10:00:00,0.0,0.2410664370436478
2024-11-29 11:00:00,0.0,0.27936222573750075
2024-11-29 12:00:00,0.017160504091891134,0.20572639090060052
2024-11-29 13:00:00,0.03480134921347191,0.3131384934318677
2024-11-29 14:00:00,0.010568971262034462,0.26393777639574856
2024-11-29 15:00:00,0.0,0.2134824162998868
2024-11-29 16:00:00,0.0,0.27580842823841956
2024-11-29 17:00:00,0.15457585685977554,0.5098094633946549
2024-11-29 18:00:00,0.6455546918043743,0.6277816166016071
2024-11-29 19:00:00,0.9250989140436914,0.7826316255774012
2024-11-29 20:00:00,1.0,0.5556057037202
2024-11-29 21:00:00,0.8023465060127004,0.1955670968869976
2024-11-29 22:00:00,0.38778601936988866,0.20155408474167769
2024-11-29 23:00:00,0.01731769924433389,0.2593725465764621
2024-11-30 00:00:00,0.10340488964308563,0.25779102895466194
2024-11-30 01:00:00,0.07241763762614017,0.25039100716731727
2024-11-30 02:00:00,0.10145576918298424,0.20063907750465082
2024-11-30 03:00:00,0.10786540974990311,0.26746590241581697
2024-11-30 04:00:00,0.05512867970824311,0.17184225666073316
2024-11-30 05:00:00,0.12816087128558468,0.2244836729441993
2024-11-30 06:00:00,0.0,0.6764317138500009
2024-11-30 07:00:00,0.05728016896851201,0.865516002102345
2024-11-30 08:00:00,0.056725902865181844,0.47610637379683096
2024-11-30 09:00:00,0.029006320180366665,0.26785570370741685
2024-11-30 10:00:00,0.0,0.22400275828619753
2024-11-30 11:00:00,0.0,0.21711283371091333
2024-11-30 12:00:00,0.004945792967631202,0.12439793782862271
2024-11-30 13:00:00,0.0,0.2694243905355653
2024-11-30 14:00:00,0.0,0.2670985228318681
2024-11-30 15:00:00,0.09047765378827331,0.24577456838823375
2024-11-30 16:00:00,0.007498058962867735,0.27381511375561596
2024-11-30 17:00:00,0.2047541649720142,0.5757839028200123
2024-11-30 18:00:00,0.6030514905601103,0.6706559305780894
2024-11-30 19:00:00,0.8722853803271983,0.8644053421040823
2024-11-30 20:00:00,0.9559260380093257,0.5441114001656534
2024-11-30 21:00:00,0.8087668137114117,0.16761014812984054
2024-11-30 22:00:00,0.3455791699731895,0.21746041751170797
2024-11-30 23:00:00,0.015964763888020327,0.19839654854217176
2024-12-01 00:00:00,0.20923493710437502,0.11274869200828647
2024-12-01 01:00:00,0.11168214180709576,0.306137474589664
2024-12-01 02:00:00,0.11107241127520777,0.2271442342513661
2024-12-01 03:00:00,0.0722394713571621,0.1756215980499599
2024-12-01 04:00:00,0.14299372525591741,0.21386187707463056
2024-12-01 05:00:00,0.03984185439505872,0.3199742018817561
2024-12-01 06:00:00,0.06338188922415904,0.7098277626960751
2024-12-01 07:00:00,0.0,0.7652044018622656
2024-12-01 08:00:00,0.04001035739437996,0.493279757945173
2024-12-01 09:00:00,0.0497636536028045,0.28276577203946
2024-12-01 10:00:00,0.01897984381867388,0.2376770151379863
2024-12-01 11:00:00,0.07365715540158822,0.2619545378310145
2024-12-01 12:00:00,0.0,0.3402732264821553
2024-12-01 13:00:00,0.0,0.23418355433469096
2024-12-01 14:00:00,0.0752547671687504,0.2578262213892959
2024-12-01 15:00:00,0.0,0.2292687136696111
2024-12-01 16:00:00,0.009847844498069773,0.1855453479881108
2024-12-01 17:00:00,0.18158442231368796,0.5857598326561894
2024-12-01 18:00:00,0.596766404087264,0.632217410624083
2024-12-01 19:00:00,0.8937100256504519,0.8309928938219574
2024-12-01 20:00:00,1.0,0.6057048937842803
2024-12-01 21:00:00,0.8046718539972565,0.19984263940515726
2024-12-01 22:00:00,0.40614295736378053,0.19808647446539715
2024-12-01 23:00:00,0.03864852368524982,0.28617544488059143
2024-12-02 00:00:00,0.14571199156471865,0.34588762841428583
2024-12-02 01:00:00,0.14171421989944263,0.24154964531268974
2024-12-02 02:00:00,0.08198338197819441,0.3629101884682957
2024-12-02 03:00:00,0.07172980088362604,0.27361907723893325
2024-12-02 04:00:00,0.0,0.23236928060558665
2024-12-02 05:00:00,0.1641416648342992,0.23733283675953107
2024-12-02 06:00:00,0.054700921340267744,0.6487086832480066
2024-12-02 07:00:00,0.025359793916604652,0.7245249123207614
2024-12-02 08:00:00,0.06624398873183844,0.5221706954102427
2024-12-02 09:00:00,0.06364055235856896,0.24289156255868893
2024-12-02 10:00:00,0.0,0.3071697736649406
2024-12-02 11:00:00,0.019070163178876432,0.3124599711446483
2024-12-02 12:00:00,0.0,0.39487135059051975
2024-12-02 13:00:00,0.005298267817002593,0.28684169968760576
2024-12-02 14:00:00,0.0,0.21170256408505747
2024-12-02 15:00:00,0.0,0.16574227811048747
2024-12-02 16:00:00,0.04862054040275299,0.2191294586562158
2024-12-02 17:00:00,0.1590709066952926,0.620540787811563
2024-12-02 18:00:00,0.5484467762384482,0.7206365142185616
2024-12-02 19:00:00,0.8166513915830641,0.8838131766430065
2024-12-02 20:00:00,1.0,0.5813647013710074
2024-12-02 21:00:00,0.8621016914746727,0.3709980016130637
2024-12-02 22:00:00,0.35453681989062036,0.30344313089035146
2024-12-02 23:00:00,0.05674007776122445,0.21919036857949625
2024-12-03 00:00:00,0.3240370669313544,0.15519631698569486
2024-12-03 01:00:00,0.0799702445972489,0.26050299248512054
2024-12-03 02:00:00,0.14567533156356047,0.21993287889480762
2024-12-03 03:00:00,0.037883507522696286,0.25242793890081705
2024-12-03 04:00:00,0.06483569557257948,0.2722859411516482
2024-12-03 05:00:00,0.05409325014909194,0.29278194213329306
2024-12-03 06:00:00,0.0,0.7120806532047785
2024-12-03 07:00:00,0.0,0.7740843444128972
2024-12-03 08:00:00,0.020909997478771845,0.49550730367623225
2024-12-03 09:00:00,0.01841005523189289,0.21061171411761262
2024-12-03 10:00:00,0.0,0.293688077820264
2024-12-03 11:00:00,0.046023786008476036,0.32845234287437114
2024-12-03 12:00:00,0.0,0.2975360933547767
2024-12-03 13:00:00,0.0,0.26714014151538934
2024-12-03 14:00:00,0.0,0.25797809583505
2024-12-03 15:00:00,0.05406734963588551,0.2936556043066992
2024-12-03 16:00:00,0.0,0.2676867614668921
2024-12-03 17:00:00,0.14866361137770795,0.5377667611223083
2024-12-03 18:00:00,0.5691560152755285,0.6385682345424437
2024-12-03 19:00:00,0.8096629240351252,0.8780582284783145
2024-12-03 20:00:00,0.9792912421264168,0.5549161591591136
2024-12-03 21:00:00,0.8063086026870264,0.2640281611937865
2024-12-03 22:00:00,0.44483115487860453,0.2499496549672237
2024-12-03 23:00:00,0.0,0.2879365102566276
2024-12-04 00:00:00,0.2599531936068542,0.2812376444272165
2024-12-04 01:00:00,0.1801547644234351,0.2244714316358943
2024-12-04 02:00:00,0.14092477697680467,0.29781979094092925
2024-12-04 03:00:00,0.037802764243516807,0.3206733144947906
2024-12-04 04:00:00,0.0599368878914581,0.20809091370986113
2024-12-04 05:00:00,0.03230677279189505,0.3757256052570231
2024-12-04 06:00:00,0.017851906832867793,0.6337181922798285
2024-12-04 07:00:00,0.05905442529476118,0.730982440770847
2024-12-04 08:00:00,0.02858540072269153,0.4605844589025741
2024-12-04 09:00:00,0.0,0.21933278750012497
2024-12-04 10:00:00,0.07912002434108152,0.19549881037620426
2024-12-04 11:00:00,0.00010840261913899754,0.29902358139366786
2024-12-04 12:00:00,0.0,0.34508945792716766
2024-12-04 13:00:00,0.0,0.23771767805986588
2024-12-04 14:00:00,0.01573501112675228,0.23611144127476485
2024-12-04 15:00:00,0.0,0.27877340007221857
2024-12-04 16:00:00,0.019860084007106572,0.3565376533692665
2024-12-04 17:00:00,0.09870626100996277,0.47473431726152737
2024-12-04 18:00:00,0.5433785507063005,0.7316717608853806
2024-12-04 19:00:00,0.836185393027781,0.8686883337730995
2024-12-04 20:00:00,0.9523366448562804,0.5967076203463112
2024-12-04 21:00:00,0.787945578828053,0.2512815565325938
2024-12-04 22:00:00,0.31197271705890556,0.17524480593539973
2024-12-04 23:00:00,0.0,0.29181485562237786
2024-12-05 00:00:00,0.1938791832920051,0.2442371955233241
2024-12-05 01:00:00,0.07156878028419027,0.25208280517448295
2024-12-05 02:00:00,0.09956849135418758,0.28316205886611767
2024-12-05 03:00:00,0.060816239631676046,0.22959391480161434
2024-12-05 04:00:00,0.08354581652162826,0.27535839014817737
2024-12-05 05:00:00,0.10851570939623127,0.25277981332028626
2024-12-05 06:00:00,0.10136790766911052,0.6657396506132672
2024-12-05 07:00:00,0.07260001103156542,0.8565056323443045
2024-12-05 08:00:00,0.0,0.5039847931877723
2024-12-05 09:00:00,0.0,0.32460411114941135
2024-12-05 10:00:00,0.0,0.28766781818682874
2024-12-05 11:00:00,0.037812111064967735,0.25580713221508333
2024-12-05 12:00:00,0.0187455832380784,0.24669953653956836
2024-12-05 13:00:00,0.0,0.284864335317623
2024-12-05 14:00:00,0.0,0.2810570739536177
2024-12-05 15:00:00,0.01441683857440316,0.3173039246421566
2024-12-05 16:00:00,0.0,0.26997364239729654
2024-12-05 17:00:00,0.204584704221783,0.5437091806064794
2024-12-05 18:00:00,0.5645975753174873,0.6996383174674072
2024-12-05 19:00:00,0.8420998362553148,0.8395511318650599
2024-12-05 20:00:00,0.9894518349787185,0.6749630157909877
2024-12-05 21:00:00,0.8303511749674827,0.16130551040625488
2024-12-05 22:00:00,0.3788606280584026,0.2231084597527522
2024-12-05 23:00:00,0.027502124607083175,0.29337020490373333
2024-12-06 00:00:00,0.2268416124713549,0.31120986252103056
2024-12-06 01:00:00,0.10683330218506787,0.3272116187061461
2024-12-06 02:00:00,0.14511091329039053,0.26449435550725975
2024-12-06 03:00:00,0.0,0.26096527583917006
2024-12-06 04:00:00,0.03237131219914503,0.2632093938231638
2024-12-06 05:00:00,0.09553488427726389,0.23954566144776723
2024-12-06 06:00:00,0.019266929899115257,0.6843316679358802
2024-12-06 07:00:00,0.02901519225856282,0.8988305320431534
2024-12-06 08:00:00,0.0,0.5142225948460444
2024-12-06 09:00:00,0.065360310692965,0.2709799764403729
2024-12-06 10:00:00,0.01237373705377906,0.31446936774264006
2024-12-06 11:00:00,0.011765669014975227,0.2768129216837615
2024-12-06 12:00:00,0.019702090588796926,0.3053929111221977
2024-12-06 13:00:00,0.05453045944788738,0.2612597488156077
2024-12-06 14:00:00,0.0,0.2951936413364854
2024-12-06 15:00:00,0.0,0.2680933499716377
2024-12-06 16:00:00,0.0,0.3792891822185084
2024-12-06 17:00:00,0.21708588745271848,0.5592113579310853
2024-12-06 18:00:00,0.5738272872912762,0.7587364811033664
2024-12-06 19:00:00,0.9634812323123969,0.764937370324098
2024-12-06 20:00:00,1.0,0.6789945557578605
2024-12-06 21:00:00,0.7926707558802784,0.25893964212916404
2024-12-06 22:00:00,0.33876136526123035,0.2662672043162037
2024-12-06 23:00:00,0.05172693474685887,0.24714644055700763
2024-12-07 00:00:00,0.13922392492728297,0.3093970196446547
2024-12-07 01:00:00,0.13065009501821923,0.27254538606945317
2024-12-07 02:00:00,0.11122729455407163,0.14879666651740975
2024-12-07 03:00:00,0.054559017327656216,0.2571528064571105
2024-12-07 04:00:00,0.09108173179911917,0.27688820315231655
2024-12-07 05:00:00,0.07184907569581825,0.23166930604885905
2024-12-07 06:00:00,0.0,0.6425131835747336
2024-12-07 07:00:00,0.03920463022573809,0.8563468780374229
2024-12-07 08:00:00,0.07889907684258418,0.5769347100213115
2024-12-07 09:00:00,0.03953074377653709,0.24685447812181283
2024-12-07 10:00:00,0.0,0.24884689200330098
2024-12-07 11:00:00,0.026279335015983674,0.3736444350032597
2024-12-07 12:00:00,0.03317329800881893,0.22113196307331578
2024-12-07 13:00:00,0.006669674941956633,0.3107256129370381
2024-12-07 14:00:00,0.01498470422913614,0.2302078680738594
2024-12-07 15:00:00,0.0,0.26250938765682585
2024-12-07 16:00:00,0.0,0.1426362047542756
2024-12-07 17:00:00,0.17788762342356784,0.5204514418561533
2024-12-07 18:00:00,0.6571406719109419,0.6140073810299465
2024-12-07 19:00:00,0.7723215715192773,0.7512765971345964
2024-12-07 20:00:00,0.8856878394153382,0.6424171021500904
2024-12-07 21:00:00,0.7783005469916963,0.24284160318951917
2024-12-07 22:00:00,0.47187552457744447,0.23993290330198955
2024-12-07 23:00:00,0.005790347981830965,0.259046569172195
2024-12-08 00:00:00,0.14089116461055415,0.3193387583641941
2024-12-08 01:00:00,0.12094237409926435,0.24170835425724638
2024-12-08 02:00:00,0.09917795928743812,0.21884299087628384
2024-12-08 03:00:00,0.03173357428940325,0.24114936148446953
2024-12-08 04:00:00,0.00979418320858079,0.2193168051765284
2024-12-08 05:00:00,0.0430773990317588,0.285150588955171
2024-12-08 06:00:00,0.0,0.48574726782833433
2024-12-08 07:00:00,0.02723063845937397,0.8187145162410677
2024-12-08 08:00:00,0.0,0.5130834171333386
2024-12-08 09:00:00,0.027051980207653915,0.24786561639689436
2024-12-08 10:00:00,0.011672856054195189,0.33375189254992205
2024-12-08 11:00:00,0.0,0.2559976446298682
2024-12-08 12:00:00,0.018196555070930983,0.2977636964282464
2024-12-08 13:00:00,0.02165330695938328,0.23693322476723971
2024-12-08 14:00:00,0.0,0.2507668147898442
2024-12-08 15:00:00,0.0,0.2868632020051863
2024-12-08 16:00:00,0.0,0.2778018773195255
2024-12-08 17:00:00,0.1194678516836311,0.5476911130890787
2024-12-08 18:00:00,0.580280552595861,0.7908909788019303
2024-12-08 19:00:00,0.8442218687873524,0.8645458331904624
2024-12-08 20:00:00,1.0,0.6469427299856856
2024-12-08 21:00:00,0.8147786180452626,0.3405976964034813
2024-12-08 22:00:00,0.4030714536479095,0.22581769437764718
2024-12-08 23:00:00,0.03872684991162883,0.24914296296693794
2024-12-09 00:00:00,0.21825708745510167,0.22824960490549773
2024-12-09 01:00:00,0.17776058606795023,0.295866787449012
2024-12-09 02:00:00,0.21753017839091204,0.23295851291413677
2024-12-09 03:00:00,0.10270454918600624,0.3522821448292729
2024-12-09 04:00:00,0.09669902235028757,0.20013901725893807
2024-12-09 05:00:00,0.1456989820725364,0.2773256172108843
2024-12-09 06:00:00,0.010252571834264453,0.6018712830500195
2024-12-09 07:00:00,0.051048576888415964,0.8159856760489459
2024-12-09 08:00:00,0.0037611534590310893,0.5472782670515262
2024-12-09 09:00:00,0.0,0.32773623718994155
2024-12-09 10:00:00,0.09233286345082592,0.23072033335629683
2024-12-09 11:00:00,0.09041863823371236,0.27195479856858956
2024-12-09 12:00:00,0.0,0.30201425787449526
2024-12-09 13:00:00,0.044963073737235175,0.32680922209982455
2024-12-09 14:00:00,0.0,0.23208418864296396
2024-12-09 15:00:00,0.0,0.24684641792504017
2024-12-09 16:00:00,0.0,0.30685600521541495
2024-12-09 17:00:00,0.21768210715822273,0.5849540876896585
2024-12-09 18:00:00,0.655226559751092,0.738689012638755
2024-12-09 19:00:00,0.8613204127891144,0.9022065967806623
2024-12-09 20:00:00,1.0,0.628553417697185
2024-12-09 21:00:00,0.8459428992400535,0.28883978374489155
2024-12-09 22:00:00,0.3901774890545819,0.19103678472450142
2024-12-09 23:00:00,0.0,0.32170869964260873
2024-12-10 00:00:00,0.2405454117145833,0.3206925826445441
2024-12-10 01:00:00,0.190961786106177,0.26718129648701194
2024-12-10 02:00:00,0.03248491975103973,0.31228548519805505
2024-12-10 03:00:00,0.05419476733674169,0.2589338717949298
2024-12-10 04:00:00,0.07641084617442531,0.22907507640871283
2024-12-10 05:00:00,0.011966382172696993,0.29583955184070404
2024-12-10 06:00:00,0.0,0.7080342625561002
2024-12-10 07:00:00,0.0,0.8293993114883176
2024-12-10 08:00:00,0.07705851759925049,0.4630223734132872
2024-12-10 09:00:00,0.0015070320037336735,0.25427235015171024
2024-12-10 10:00:00,0.042166641934364486,0.2523776375621454
2024-12-10 11:00:00,0.0,0.18507748792194512
2024-12-10 12:00:00,0.02904117134600014,0.2590462933824119
2024-12-10 13:00:00,0.0,0.24366273040455924
2024-12-10 14:00:00,0.019244197533897334,0.29857649472317827
2024-12-10 15:00:00,0.0,0.3350839000806906
2024-12-10 16:00:00,0.0,0.2315532131652239
2024-12-10 17:00:00,0.13414670400424328,0.5570017086166693
2024-12-10 18:00:00,0.5130329253387441,0.7693931644174663
2024-12-10 19:00:00,0.9070546496915178,0.8276032957218862
2024-12-10 20:00:00,0.9930743235169218,0.5551026336194118
2024-12-10 21:00:00,0.8157201685280225,0.24813263131186783
2024-12-10 22:00:00,0.3723625176346416,0.30534312168668565
2024-12-10 23:00:00,0.03392375953308804,0.32125510941612445
2024-12-11 00:00:00,0.16521806820597282,0.3382856194066965
2024-12-11 01:00:00,0.09098707445322879,0.36795674406195833
2024-12-11 02:00:00,0.0821475351041486,0.30597098618753993
2024-12-11 03:00:00,0.05878845200675627,0.31884369132941087
2024-12-11 04:00:00,0.035022568470527496,0.2880207827911388
2024-12-11 05:00:00,0.014030796608759208,0.22382344070461713
2024-12-11 06:00:00,0.0,0.6189970125955652
2024-12-11 07:00:00,0.006991764748957175,0.8152266097149268
2024-12-11 08:00:00,0.02224433679834765,0.4498062974112693
2024-12-11 09:00:00,0.059100810640931624,0.2584450669192724
2024-12-11 10:00:00,0.006250617600582817,0.2670204364750999
2024-12-11 11:00:00,0.03095777568493832,0.2765514616790165
2024-12-11 12:00:00,0.04314349336638148,0.22272631644015012
2024-12-11 13:00:00,0.07217985843358775,0.3115053485961512
2024-12-11 14:00:00,0.04207732493287588,0.3173622483593716
2024-12-11 15:00:00,0.0,0.2738973928180706
2024-12-11 16:00:00,0.006213413019673919,0.31134683502317034
2024-12-11 17:00:00,0.18821922482347098,0.4563810294223883
2024-12-11 18:00:00,0.5960958539749379,0.8161407846224553
2024-12-11 19:00:00,0.9336978769415982,0.8393475637146732
2024-12-11 20:00:00,1.0,0.638589174261847
2024-12-11 21:00:00,0.8142368816195573,0.20413297180003007
2024-12-11 22:00:00,0.4718117938429784,0.24970754930938177
2024-12-11 23:00:00,0.02881895326080243,0.22707684289093544
2024-12-12 00:00:00,0.1825534794582544,0.3099530145760876
2024-12-12 01:00:00,0.09785421646445103,0.297914910053277
2024-12-12 02:00:00,0.09231279232001088,0.28056312202264805
2024-12-12 03:00:00,0.0,0.3399810230044044
2024-12-12 04:00:00,0.02055465441083017,0.2680364207104687
2024-12-12 05:00:00,0.11591118289412966,0.2603815109281575
2024-12-12 06:00:00,0.0,0.6618745076630894
2024-12-12 07:00:00,0.02188180942869923,0.7480120138882378
2024-12-12 08:00:00,0.0797758893220753,0.47608910114202047
2024-12-12 09:00:00,0.02207811524300233,0.21085586599463993
2024-12-12 10:00:00,0.0,0.28691134817139663
2024-12-12 11:00:00,0.0,0.22653505996128906
2024-12-12 12:00:00,0.08041227739366559,0.36737146478071275
2024-12-12 13:00:00,0.0211019142286108,0.2881110267838585
2024-12-12 14:00:00,0.032742964546443015,0.24813087272208936
2024-12-12 15:00:00,0.01489891549214182,0.2894135667924983
2024-12-12 16:00:00,0.027313007397821793,0.17200783373288786
2024-12-12 17:00:00,0.15270624536248112,0.5942594166378699
2024-12-12 18:00:00,0.5959025668643478,0.659625672801536
2024-12-12 19:00:00,0.9618398988990978,0.7534221398244785
2024-12-12 20:00:00,1.0,0.7414634031830231
2024-12-12 21:00:00,0.931559870414804,0.3572785151419041
2024-12-12 22:00:00,0.3825857353616696,0.28016604223458585
2024-12-12 23:00:00,0.0,0.26439029838298483
2024-12-13 00:00:00,0.135462330716424,0.3048149887728147
2024-12-13 01:00:00,0.14893944553476157,0.24921958409579995
2024-12-13 02:00:00,0.03678963798352705,0.21528917143789394
2024-12-13 03:00:00,0.03491768336184404,0.2097244436324372
2024-12-13 04:00:00,0.060353921952615956,0.3066220274794549
2024-12-13 05:00:00,0.09370593074415953,0.2103669652236203
2024-12-13 06:00:00,0.0526740602982886,0.6369826096849283
2024-12-13 07:00:00,0.028779353118692126,0.766870915202642
2024-12-13 08:00:00,0.06315636297618836,0.49508933186711634
2024-12-13 09:00:00,0.05850163297947965,0.27847837617095766
2024-12-13 10:00:00,0.04414112305737028,0.2504398163133622
2024-12-13 11:00:00,0.0012264223993944739,0.3564984822123707
2024-12-13 12:00:00,0.005215741860674719,0.20523117663817553
2024-12-13 13:00:00,0.0,0.2877875448026775
2024-12-13 14:00:00,0.08407995202846118,0.3845841628913131
2024-12-13 15:00:00,0.0,0.27285605616137043
2024-12-13 16:00:00,0.0629838065566552,0.23516364348267532
2024-12-13 17:00:00,0.27176289270868925,0.5316944575463703
2024-12-13 18:00:00,0.5901649921410088,0.7933935266308652
2024-12-13 19:00:00,0.8946940082792881,0.8861496183439255
2024-12-13 20:00:00,1.0,0.6031328037978326
2024-12-13 21:00:00,0.7577495174722715,0.2394129158459299
2024-12-13 22:00:00,0.3838124133234336,0.28585212706017593
2024-12-13 23:00:00,0.03498471866999497,0.30476000555655386
2024-12-14 00:00:00,0.13098121392274864,0.2368619237306613
2024-12-14 01:00:00,0.1632762845595363,0.2403040341674432
2024-12-14 02:00:00,0.11785508086431426,0.33106421158148547
2024-12-14 03:00:00,0.1290832002190851,0.32979438123039706
2024-12-14 04:00:00,0.0,0.3113186566356199
2024-12-14 05:00:00,0.04602102566158507,0.23289305993803328
2024-12-14 06:00:00,0.0,0.7398968332501353
2024-12-14 07:00:00,0.07534591275683804,0.8799382926016089
2024-12-14 08:00:00,0.02886030126795738,0.5483178248155228
2024-12-14 09:00:00,0.080113600831932,0.2464150724869128
2024-12-14 10:00:00,0.0,0.22858447318696157
2024-12-14 11:00:00,0.0,0.23732911782244276
2024-12-14 12:00:00,0.0020538403552278254,0.3420591482442934
2024-12-14 13:00:00,0.0,0.33835354733520717
2024-12-14 14:00:00,0.0,0.3254645599616838
2024-12-14 15:00:00,0.0,0.27518348265916726
2024-12-14 16:00:00,0.08852252903264957,0.19419364379348758
2024-12-14 17:00:00,0.15988085177114097,0.5927173061064938
2024-12-14 18:00:00,0.5459025630348631,0.7452323363699808
2024-12-14 19:00:00,0.8900138156902775,0.8015676854830222
2024-12-14 20:00:00,0.9216459123409781,0.6750228536270699
2024-12-14 21:00:00,0.8656890306669571,0.28342268638762325
2024-12-14 22:00:00,0.38130549377730133,0.3041369977446449
2024-12-14 23:00:00,0.045967453495804694,0.33379559054277846
2024-12-15 00:00:00,0.1629999430120202,0.23420716567952618
2024-12-15 01:00:00,0.12788366554153913,0.20097091422215863
2024-12-15 02:00:00,0.06256941277756611,0.3834515791868356
2024-12-15 03:00:00,0.09920149889660311,0.3387302589090002
2024-12-15 04:00:00,0.09308473907196516,0.25483799401565765
2024-12-15 05:00:00,0.03976915609399371,0.3216454774670849
2024-12-15 06:00:00,0.0,0.5874891881850562
2024-12-15 07:00:00,0.0,0.7819544392662086
2024-12-15 08:00:00,0.0,0.5674329077267402
2024-12-15 09:00:00,0.003428473395496922,0.3321711960196262
2024-12-15 10:00:00,0.047707915607859835,0.18964843922974955
2024-12-15 11:00:00,0.06362531517943006,0.25028805867150306
2024-12-15 12:00:00,0.0,0.38951830543415733
2024-12-15 13:00:00,0.0,0.2047902455158525
2024-12-15 14:00:00,0.037907865432003494,0.2580096066842827
2024-12-15 15:00:00,0.026783965727853333,0.24996007650805221
2024-12-15 16:00:00,0.007101400171559479,0.30317016437496275
2024-12-15 17:00:00,0.2274252148782822,0.5741585312523912
2024-12-15 18:00:00,0.4911042436914086,0.730094816587011
2024-12-15 19:00:00,0.8562943764400088,0.8288915786108494
2024-12-15 20:00:00,0.9765122168196858,0.6526451862848022
2024-12-15 21:00:00,0.7361079171906753,0.4115645283041681
2024-12-15 22:00:00,0.4253289459923175,0.32335390491100147
2024-12-15 23:00:00,0.019341634634731666,0.2670697765230351
2024-12-16 00:00:00,0.20598031862923194,0.3309619009260524
2024-12-16 01:00:00,0.11330606975629193,0.27918687729754504
2024-12-16 02:00:00,0.09445431225593406,0.26260738358243185
2024-12-16 03:00:00,0.09506733861413552,0.28117151938279733
2024-12-16 04:00:00,0.034908947213303315,0.1979613019749492
2024-12-16 05:00:00,0.026516861029918144,0.3390455191957368
2024-12-16 06:00:00,0.007724038292655242,0.6150332450850352
2024-12-16 07:00:00,0.0009577431635252676,0.8464511588628874
2024-12-16 08:00:00,0.0,0.501530527982536
2024-12-16 09:00:00,0.07837320925834615,0.20367114739232253
2024-12-16 10:00:00,0.028374629507238402,0.2654711846311388
2024-12-16 11:00:00,0.015637453866092395,0.31312834196012534
2024-12-16 12:00:00,0.0,0.3062379728824398
2024-12-16 13:00:00,0.0,0.26010032359868845
2024-12-16 14:00:00,0.03599699613571892,0.3413599470327304
2024-12-16 15:00:00,0.11180574818924455,0.3209289588606644
2024-12-16 16:00:00,0.0,0.2867366968255428
2024-12-16 17:00:00,0.2088522740646663,0.5578182124759984
2024-12-16 18:00:00,0.5665448222761178,0.6945425172574231
2024-12-16 19:00:00,0.8855108726161749,0.9744593483804149
2024-12-16 20:00:00,1.0,0.6469511173504654
2024-12-16 21:00:00,0.867742167186571,0.3190945137012929
2024-12-16 22:00:00,0.38925610496094243,0.2542631074389334
2024-12-16 23:00:00,0.0,0.29056670782377375
2024-12-17 00:00:00,0.21924034135269455,0.26550839312504143
2024-12-17 01:00:00,0.13759444067636,0.2681771064683836
2024-12-17 02:00:00,0.07646793940421807,0.21928165574122188
2024-12-17 03:00:00,0.030052800002459995,0.3387107752008709
2024-12-17 04:00:00,0.18777880111986972,0.25722789423671827
2024-12-17 05:00:00,0.06281756399305616,0.2832351729484713
2024-12-17 06:00:00,0.10236402768677755,0.6592376795888503
2024-12-17 07:00:00,0.03945926043374951,0.8594505985767251
2024-12-17 08:00:00,0.01449776600773865,0.5428327777609548
2024-12-17 09:00:00,0.0,0.2996319221757161
2024-12-17 10:00:00,0.0,0.29953177787371044
2024-12-17 11:00:00,0.0,0.4065042058742051
2024-12-17 12:00:00,0.0,0.25107594480163736
2024-12-17 13:00:00,0.0810556454740108,0.3339460087277236
2024-12-17 14:00:00,0.0,0.25723880085483025
2024-12-17 15:00:00,0.0,0.2772819905248081
2024-12-17 16:00:00,0.08263238539342951,0.23938901650904337
2024-12-17 17:00:00,0.21444352962263177,0.43975356707485225
2024-12-17 18:00:00,0.5994108129811792,0.716051163330293
2024-12-17 19:00:00,0.8200200634856125,0.9039517815373138
2024-12-17 20:00:00,0.8915601686347859,0.7256130782437978
2024-12-17 21:00:00,0.7188553446704687,0.3076623461503937
2024-12-17 22:00:00,0.3759722547164692,0.32881565650226785
2024-12-17 23:00:00,0.08314994238373359,0.28615786024788176
2024-12-18 00:00:00,0.23618572539484803,0.23367780955394757
2024-12-18 01:00:00,0.11572993148781319,0.2740876780434149
2024-12-18 02:00:00,0.04600444133098569,0.29000820544717404
2024-12-18 03:00:00,0.0,0.23619148122716033
2024-12-18 04:00:00,0.06696828181154696,0.32795653554765475
2024-12-18 05:00:00,0.07036764583512782,0.21716591084886333
2024-12-18 06:00:00,0.05543822796299817,0.6112647848659447
2024-12-18 07:00:00,0.0,0.9012416382091956
2024-12-18 08:00:00,0.06079263460619212,0.5883224855666959
2024-12-18 09:00:00,0.03184159590922722,0.3215473332770293
2024-12-18 10:00:00,0.0,0.2943429275955346
2024-12-18 11:00:00,0.02924928174135798,0.27302097556111143
2024-12-18 12:00:00,0.03577322646499877,0.2837412084840344
2024-12-18 13:00:00,0.0,0.2789693020402135
2024-12-18 14:00:00,0.06407486335812294,0.33437478048206354
2024-12-18 15:00:00,0.053085865490446194,0.3412934413880632
2024-12-18 16:00:00,0.0867904478770399,0.3416770674617534
2024-12-18 17:00:00,0.22791351658585884,0.5589684874322797
2024-12-18 18:00:00,0.6045871225698688,0.7134523816533305
2024-12-18 19:00:00,0.8933627875097775,0.7883494274519427
2024-12-18 20:00:00,0.9913249773061842,0.6523471764249111
2024-12-18 21:00:00,0.7417357826502179,0.3312014127784198
2024-12-18 22:00:00,0.42031724064280634,0.4189304264597141
2024-12-18 23:00:00,0.0,0.2797640522626115
2024-12-19 00:00:00,0.22624661905608323,0.2706714620456738
2024-12-19 01:00:00,0.1343691389550603,0.33300738839990984
2024-12-19 02:00:00,0.052757056282183634,0.2503091789846275
2024-12-19 03:00:00,0.0757371192576897,0.3455090599104574
2024-12-19 04:00:00,0.0483569724472846,0.23629191853132336
2024-12-19 05:00:00,0.05392373651374081,0.31479995538515315
2024-12-19 06:00:00,0.0,0.6252507649003483
2024-12-19 07:00:00,0.04571565937445861,0.841766358915259
2024-12-19 08:00:00,0.0735624871533037,0.6296558232366175
2024-12-19 09:00:00,0.009199811592638513,0.25339221164802883
2024-12-19 10:00:00,0.012107032588077521,0.33075374872370034
2024-12-19 11:00:00,0.02204522284024786,0.2535412583643393
2024-12-19 12:00:00,0.0070046931801437855,0.32434698550733815
2024-12-19 13:00:00,0.01598872705823735,0.3429569650857829
2024-12-19 14:00:00,0.061012779517556764,0.3118858906620936
2024-12-19 15:00:00,0.0,0.3525979605216593
2024-12-19 16:00:00,0.022270542239289537,0.3720083256653331
2024-12-19 17:00:00,0.22749743238220685,0.5635260990524175
2024-12-19 18:00:00,0.5557014404787752,0.7308008055024887
2024-12-19 19:00:00,1.0,0.859155110318955
2024-12-19 20:00:00,0.9994982658633015,0.6219113778694021
2024-12-19 21:00:00,0.8570548826866847,0.3080768064084856
2024-12-19 22:00:00,0.4233701536958472,0.3304772175586079
2024-12-19 23:00:00,0.0,0.3003225118863676
2024-12-20 00:00:00,0.13908429795045835,0.3364362254566653
2024-12-20 01:00:00,0.13153788135042213,0.2692331145590624
2024-12-20 02:00:00,0.12571900917014972,0.3726604683369025
2024-12-20 03:00:00,0.09350249655838183,0.2595785377685813
2024-12-20 04:00:00,0.0,0.2943188697617382
2024-12-20 05:00:00,0.032692817990431486,0.295624863593549
2024-12-20 06:00:00,0.08714156436101407,0.6534946455716641
2024-12-20 07:00:00,0.0,0.9019171847713086
2024-12-20 08:00:00,0.0632054158386076,0.6185532986540905
2024-12-20 09:00:00,0.0,0.33676993083006634
2024-12-20 10:00:00,0.057766945587455876,0.27579769477663657
2024-12-20 11:00:00,0.04459052087662842,0.34658992879284345
2024-12-20 12:00:00,0.0,0.28367626720395894
2024-12-20 13:00:00,0.0,0.3280707035332706
2024-12-20 14:00:00,0.0,0.22544702918109621
2024-12-20 15:00:00,0.0,0.2624971807543711
2024-12-20 16:00:00,0.05723987959371686,0.18434979425849557
2024-12-20 17:00:00,0.14499696131436288,0.584477674907665
2024-12-20 18:00:00,0.5678224100480913,0.7311896183627087
2024-12-20 19:00:00,0.9290667052091215,0.9319973504269056
2024-12-20 20:00:00,0.9944549916481035,0.6381981536740091
2024-12-20 21:00:00,0.8231508022823361,0.3140099026835925
2024-12-20 22:00:00,0.41218343274265684,0.34537558503489796
2024-12-20 23:00:00,0.04885049453268211,0.21173286731163354
2024-12-21 00:00:00,0.28371353988653825,0.2534059721160363
2024-12-21 01:00:00,0.08661119584633138,0.27232846934512533
2024-12-21 02:00:00,0.07079488286132576,0.2762638857849255
2024-12-21 03:00:00,0.04075550794562668,0.34623359941515175
2024-12-21 04:00:00,0.0679235677347394,0.27708352650334134
2024-12-21 05:00:00,6.512881373563206e-05,0.3371367878032336
2024-12-21 06:00:00,0.0,0.6225738641999553
2024-12-21 07:00:00,0.014668352349491065,0.8323136662591056
2024-12-21 08:00:00,0.005877165407091318,0.55639860538981
2024-12-21 09:00:00,0.004793213529404955,0.2540553666799826
2024-12-21 10:00:00,0.0,0.32572963294381085
2024-12-21 11:00:00,0.0,0.2841206936673062
2024-12-21 12:00:00,0.0,0.18309997690362162
2024-12-21 13:00:00,0.0,0.32016029246090305
2024-12-21 14:00:00,0.0,0.3079775923888898
2024-12-21 15:00:00,0.021871087256409565,0.28025957168970256
2024-12-21 16:00:00,0.027526239669998367,0.2792110427081519
2024-12-21 17:00:00,0.15519647627509178,0.6253127039460575
2024-12-21 18:00:00,0.5976334078019787,0.806328457220681
2024-12-21 19:00:00,0.941937885202931,0.9502165862736767
2024-12-21 20:00:00,0.9522174361094167,0.6468778497393886
2024-12-21 21:00:00,0.791246103368783,0.27012826553266467
2024-12-21 22:00:00,0.36708956149852795,0.3025052562363054
2024-12-21 23:00:00,0.0,0.319220402667312
2024-12-22 00:00:00,0.22280343291367366,0.2818229515350599
2024-12-22 01:00:00,0.12467290512621053,0.3276687183921502
2024-12-22 02:00:00,0.17430379278418856,0.2568716753864506
2024-12-22 03:00:00,0.0961482653686305,0.26521475844548487
2024-12-22 04:00:00,0.043391434556128816,0.2828683652710216
2024-12-22 05:00:00,0.06927872811916283,0.3647140886398879
2024-12-22 06:00:00,0.0,0.6657109360349537
2024-12-22 07:00:00,0.0062240336203102644,0.9410546954944174
2024-12-22 08:00:00,0.0,0.5458123177293616
2024-12-22 09:00:00,0.0,0.29292407620832595
2024-12-22 10:00:00,0.0,0.1853877740221212
2024-12-22 11:00:00,0.07595343872603955,0.2833336610481828
2024-12-22 12:00:00,0.0,0.3942827032130616
2024-12-22 13:00:00,0.0,0.26670655065202725
2024-12-22 14:00:00,0.08023317304005555,0.2960549159919422
2024-12-22 15:00:00,0.0,0.32181985557869
2024-12-22 16:00:00,0.007462126169812271,0.29574698750253936
2024-12-22 17:00:00,0.24905832664731659,0.6307311682991592
2024-12-22 18:00:00,0.6309589035028843,0.7885857040605759
2024-12-22 19:00:00,0.850276620052358,0.8444076324981089
2024-12-22 20:00:00,1.0,0.7353538742758376
2024-12-22 21:00:00,0.7915520575080001,0.3128419897970886
2024-12-22 22:00:00,0.3644545798351278,0.29022035486704995
2024-12-22 23:00:00,0.03246874493121626,0.3239701200518368
2024-12-23 00:00:00,0.14853512905776856,0.382550678216659
2024-12-23 01:00:00,0.02060697535503178,0.2553255573671225
2024-12-23 02:00:00,0.10663746381726473,0.27189728962733767
2024-12-23 03:00:00,0.047817153732728344,0.2204601115299652
2024-12-23 04:00:00,0.0,0.3335979008024526
2024-12-23 05:00:00,0.05144732772698977,0.3176695552536289
2024-12-23 06:00:00,0.0,0.6534340753118145
2024-12-23 07:00:00,0.0018725554940328454,0.8512331034069097
2024-12-23 08:00:00,0.0,0.48231059729650644
2024-12-23 09:00:00,0.007485339095374079,0.28511607107824855
2024-12-23 10:00:00,0.04673630216298592,0.2881019433981644
2024-12-23 11:00:00,0.11310286156576835,0.30542662689111916
2024-12-23 12:00:00,0.0019153479218213107,0.3222917558112533
2024-12-23 13:00:00,0.0,0.3625115927995229
2024-12-23 14:00:00,0.0,0.3987817632954898
2024-12-23 15:00:00,0.0,0.24346178250868278
2024-12-23 16:00:00,0.08052695761396383,0.2917920580668847
2024-12-23 17:00:00,0.18117630972537457,0.6061857636220948
2024-12-23 18:00:00,0.6200313291329856,0.6979296293828955
2024-12-23 19:00:00,0.9748783533368872,0.899230335171619
2024-12-23 20:00:00,0.9413849669515322,0.6861455079308977
2024-12-23 21:00:00,0.7927771505398902,0.24001086856442103
2024-12-23 22:00:00,0.3082731658944726,0.34459004962006207
2024-12-23 23:00:00,0.023416421898913742,0.23390103137560078
2024-12-24 00:00:00,0.2682918674001014,0.32359879309926715
2024-12-24 01:00:00,0.10980730203771932,0.2867165289549519
2024-12-24 02:00:00,0.011804714864736734,0.26985065119310364
2024-12-24 03:00:00,0.09895531962127518,0.3219959070767104
2024-12-24 04:00:00,0.081446261688893,0.27815984687798706
2024-12-24 05:00:00,0.11176263109016454,0.2733522525031484
2024-12-24 06:00:00,0.0,0.638683318251441
2024-12-24 07:00:00,0.0,0.7773437486866992
2024-12-24 08:00:00,0.006452605475428856,0.6733132094787423
2024-12-24 09:00:00,0.0,0.23495599968687028
2024-12-24 10:00:00,0.04069710384824571,0.32257895007353116
2024-12-24 11:00:00,0.04071047702601928,0.3375355522971637
2024-12-24 12:00:00,0.0,0.3272492611077488
2024-12-24 13:00:00,0.024510416150309754,0.35082482420744154
2024-12-24 14:00:00,0.0,0.3354693249621702
2024-12-24 15:00:00,0.0,0.23991317864066405
2024-12-24 16:00:00,0.0,0.26404158298775643
2024-12-24 17:00:00,0.163458698431897,0.5383357824014017
2024-12-24 18:00:00,0.5839483019935949,0.8519324546351068
2024-12-24 19:00:00,0.9209131077438448,0.8598049999028308
2024-12-24 20:00:00,1.0,0.6383078903469486
2024-12-24 21:00:00,0.7628476973243272,0.33965959463205214
2024-12-24 22:00:00,0.44751362934615485,0.31777708042656044
2024-12-24 23:00:00,0.02208297891618748,0.32139646153197876
2024-12-25 00:00:00,0.26794242530618173,0.2710929405820587
2024-12-25 01:00:00,0.08437110594186638,0.2554227699130284
2024-12-25 02:00:00,0.12282256670791289,0.2786896366045054
2024-12-25 03:00:00,0.0,0.34642390409871926
2024-12-25 04:00:00,0.044369295602029374,0.333172757035593
2024-12-25 05:00:00,0.08634797954100958,0.3086681760425761
2024-12-25 06:00:00,0.0,0.6867011886554852
2024-12-25 07:00:00,0.024868635447049283,0.824586351766202
2024-12-25 08:00:00,0.0,0.5753226692064267
2024-12-25 09:00:00,0.02557711974792545,0.21543965866186837
2024-12-25 10:00:00,0.04636314079477824,0.32664766807647366
2024-12-25 11:00:00,0.014951864740871068,0.347775131145278
2024-12-25 12:00:00,0.0,0.2937054045106651
2024-12-25 13:00:00,0.0,0.29657372706173823
2024-12-25 14:00:00,0.0,0.2616223471881802
2024-12-25 15:00:00,0.02656540404361142,0.20101483169062018
2024-12-25 16:00:00,0.03338063019796124,0.2263476024206128
2024-12-25 17:00:00,0.3380451875151678,0.5300034620257625
2024-12-25 18:00:00,0.6058963252655252,0.8703183535828434
2024-12-25 19:00:00,0.9183053094668517,0.7872420641047704
2024-12-25 20:00:00,0.9918503421011104,0.7106293557963784
2024-12-25 21:00:00,0.7618191923109594,0.2456581717624034
2024-12-25 22:00:00,0.39315458303803485,0.22780261390475015
2024-12-25 23:00:00,0.0,0.3328673887443232
2024-12-26 00:00:00,0.25080833971026584,0.2726962089677399
2024-12-26 01:00:00,0.08725200886357559,0.29425520706031105
2024-12-26 02:00:00,0.11568916036358057,0.2693723072986346
2024-12-26 03:00:00,0.09725813863771698,0.27707522765540255
2024-12-26 04:00:00,0.12019766398410159,0.28348785694958184
2024-12-26 05:00:00,0.02199260423193592,0.30574453213792796
2024-12-26 06:00:00,0.0,0.6682618875215885
2024-12-26 07:00:00,0.08193711539126203,0.8593280015156971
2024-12-26 08:00:00,0.0,0.5216706782263795
2024-12-26 09:00:00,0.055940270435942276,0.34625745428800764
2024-12-26 10:00:00,0.01742859017460178,0.29173919210536775
2024-12-26 11:00:00,0.01465452197751737,0.3689539194634155
2024-12-26 12:00:00,0.07710874055139506,0.3058082420813884
2024-12-26 13:00:00,0.0058148785359368,0.23633455427012884
2024-12-26 14:00:00,0.0,0.27878695717481117
2024-12-26 15:00:00,0.0,0.29758270448916163
2024-12-26 16:00:00,0.0,0.27129149284544235
2024-12-26 17:00:00,0.24173723617033308,0.7028162412604226
2024-12-26 18:00:00,0.6357689823435642,0.79495650848591
2024-12-26 19:00:00,0.8482400798034521,0.8439731531282076
2024-12-26 20:00:00,0.9918306947199591,0.7000588080377043
2024-12-26 21:00:00,0.8315181445654805,0.3494819935001344
2024-12-26 22:00:00,0.36397066336333556,0.29416512115997473
2024-12-26 23:00:00,0.0,0.2919492915420323
2024-12-27 00:00:00,0.18921913855210618,0.2844497952052743
2024-12-27 01:00:00,0.03697308572040588,0.2569148181577334
2024-12-27 02:00:00,0.08845324851588657,0.2281431210996019
2024-12-27 03:00:00,0.09175038061448511,0.27981428478422427
2024-12-27 04:00:00,0.0708365249534347,0.2979718637165024
2024-12-27 05:00:00,0.06036170250560717,0.31889930216778967
2024-12-27 06:00:00,0.0,0.5743000702660879
2024-12-27 07:00:00,0.045226688344400454,0.8286290026079719
2024-12-27 08:00:00,0.0,0.594232857573582
2024-12-27 09:00:00,0.051326848180475663,0.2759764860917792
2024-12-27 10:00:00,0.0,0.36014427878879973
2024-12-27 11:00:00,0.0,0.2776719608484506
2024-12-27 12:00:00,0.0,0.33941993642877816
2024-12-27 13:00:00,0.04361193579804328,0.3106253417701929
2024-12-27 14:00:00,0.0,0.2824647842834228
2024-12-27 15:00:00,0.0,0.27861783622199854
2024-12-27 16:00:00,0.0,0.2528981298778506
2024-12-27 17:00:00,0.18049729548342835,0.576485824363805
2024-12-27 18:00:00,0.6180949608054976,0.7839410858950505
2024-12-27 19:00:00,1.0,0.8590111779154684
2024-12-27 20:00:00,1.0,0.6563186886624761
2024-12-27 21:00:00,0.7103597658445157,0.2414047454864183
2024-12-27 22:00:00,0.4953916008026187,0.3655998120577085
2024-12-27 23:00:00,0.0,0.268790068398095
2024-12-28 00:00:00,0.20330671921464158,0.3242031185288698
2024-12-28 01:00:00,0.08488282484087978,0.3389684987026441
2024-12-28 02:00:00,0.1477782946906446,0.27055858942929956
2024-12-28 03:00:00,0.07882343563287864,0.3873609719380517
2024-12-28 04:00:00,0.05950242833664416,0.4055068020825468
2024-12-28 05:00:00,0.0,0.308665704001072
2024-12-28 06:00:00,0.1063539745087867,0.7109943971492273
2024-12-28 07:00:00,0.07321074106233995,0.8532624290311965
2024-12-28 08:00:00,0.0,0.5317117330263754
2024-12-28 09:00:00,0.0,0.3012936026595216
2024-12-28 10:00:00,0.0,0.3226742694392192
2024-12-28 11:00:00,0.0,0.28046737757726087
2024-12-28 12:00:00,0.03754239425674484,0.374133220763451
2024-12-28 13:00:00,0.015502405570100889,0.30422056212880366
2024-12-28 14:00:00,0.006503676770784297,0.3030128176443763
2024-12-28 15:00:00,0.006316819925729968,0.29162674029871005
2024-12-28 16:00:00,0.08290565798290093,0.23053598401134692
2024-12-28 17:00:00,0.25247662568565626,0.5980341098363925
2024-12-28 18:00:00,0.5529502958397622,0.6896258574858422
2024-12-28 19:00:00,0.8698480019957481,0.9111908848300122
2024-12-28 20:00:00,0.9721102741212061,0.5794323689319281
2024-12-28 21:00:00,0.8469443245613749,0.38561883437477196
2024-12-28 22:00:00,0.44386381748247017,0.3355539827483478
2024-12-28 23:00:00,0.10645515454685102,0.25909442519156106
2024-12-29 00:00:00,0.1342223701591101,0.24217118823525874
2024-12-29 01:00:00,0.10037655834115959,0.2873838683511231
2024-12-29 02:00:00,0.16916848396875012,0.3587277809018191
2024-12-29 03:00:00,0.08260433561459166,0.2104709864925662
2024-12-29 04:00:00,0.01617161276449449,0.31334814232737923
2024-12-29 05:00:00,0.08669866323210107,0.26675033605758336
2024-12-29 06:00:00,0.0,0.7618491727525332
2024-12-29 07:00:00,0.0,0.8108821573834406
2024-12-29 08:00:00,0.0,0.6694885111897546
2024-12-29 09:00:00,0.0,0.294248337151168
2024-12-29 10:00:00,0.06276922884491992,0.37895622983348426
2024-12-29 11:00:00,0.0,0.30924794325302374
2024-12-29 12:00:00,0.0,0.2482288827578271
2024-12-29 13:00:00,0.0,0.24223361775430313
2024-12-29 14:00:00,0.0,0.3523886727315838
2024-12-29 15:00:00,0.0,0.33904907632127684
2024-12-29 16:00:00,0.025522630359296073,0.31310355694932734
2024-12-29 17:00:00,0.18449575186570866,0.6002214863312899
2024-12-29 18:00:00,0.5193800673159545,0.7957980868789496
2024-12-29 19:00:00,0.9716712105952613,0.9288664190183227
2024-12-29 20:00:00,1.0,0.6562105498914863
2024-12-29 21:00:00,0.7488976383837352,0.4087234050696849
2024-12-29 22:00:00,0.3898886835630277,0.23965954490722693
2024-12-29 23:00:00,0.0,0.2527032998816455
2024-12-30 00:00:00,0.254759591280095,0.2182313831212731
2024-12-30 01:00:00,0.05494825255802981,0.3767406042573579
2024-12-30 02:00:00,0.11021050149594683,0.3708472611546231
2024-12-30 03:00:00,0.013948619132150862,0.3615750655442282
2024-12-30 04:00:00,0.045920986469695835,0.33726099350064903
2024-12-30 05:00:00,0.04399945392936708,0.2643194866437324
2024-12-30 06:00:00,0.0,0.7304745307769103
2024-12-30 07:00:00,0.0,0.9676344562248438
2024-12-30 08:00:00,0.07054716139805987,0.6543083503258633
2024-12-30 09:00:00,0.07128077098160292,0.23338796619686522
2024-12-30 10:00:00,0.0,0.2925286012850512
2024-12-30 11:00:00,0.0,0.26415704096118936
2024-12-30 12:00:00,0.0,0.27983183576257226
2024-12-30 13:00:00,0.0,0.32826585485559057
2024-12-30 14:00:00,0.02033512580097442,0.3563740975559903
2024-12-30 15:00:00,0.013943136239121814,0.2017291460034879
2024-12-30 16:00:00,0.0018922090936775255,0.3546123056388289
2024-12-30 17:00:00,0.19338763689835928,0.6543062244195313
2024-12-30 18:00:00,0.604971266944883,0.7472903414657448
2024-12-30 19:00:00,0.8491767010734019,0.9417511092047248
2024-12-30 20:00:00,1.0,0.6779535130932096
2024-12-30 21:00:00,0.7544061456766813,0.32516572067953353
2024-12-30 22:00:00,0.4391596708433808,0.32125749470393994
2024-12-30 23:00:00,0.0,0.349450517193406
